<?xml version="1.0" encoding="utf-8"?>
<t24help>
<header>
<product>WR</product>
<table>WR.ENQUIRY.WORKFILE</table>
</header>
<overview>
<ovdesc>

            <p>System-generated generic work-file used in the production of some of the Wealth Management Reporting enquiries.</p>
            <p />
            <p>This table is used to capture the output of NOFILE routines as used by some of the WR enquiries so that the enquiries can be used to produce XML output.</p>
            <p />
            <p>The table contains two types of record - header and detail.  Header and Detail record both contain the enquiry selection criteria as input and a sequence number.  For the detail record, this is the row number as returned from the NOFILE routine.  For the header record, it is the total number of rows returned.</p>
            <p />
            <p>Detail records also contain the data elements as returned from the NOFILE routines, held against fields F.001 to F.n where n is the number of data elements used.</p>
        </ovdesc>
<ovimage></ovimage>
</overview>
<menu>
<t>
<field>F.076</field>
<desc>
            <p>data row - element 76 (see enquiry for details)</p>
        </desc>
</t>
<t>
<field>CURR.NO</field>
<desc>
            <p>field not used as this is a live file</p>
        </desc>
</t>
<t>
<field>F.006</field>
<desc>
            <p>data row - element 6 (see enquiry for details)</p>
        </desc>
</t>
<t>
<field>CFR.DEPT</field>
<desc>
            <p>Help Text for this field is unavailable.  Please refer to the T24 User Guides for further information.</p>
        </desc>
</t>
<t>
<field>F.042</field>
<desc>
            <p>data row - element 42 (see enquiry for details)</p>
        </desc>
</t>
<t>
<field>F.011</field>
<desc>
            <p>data row - element 11 (see enquiry for details)</p>
        </desc>
</t>
<t>
<field>F.012</field>
<desc>
            <p>data row - element 12 (see enquiry for details)</p>
        </desc>
</t>
<t>
<field>START.DATE</field>
<desc>
            <p>Selection Field value as input into enquiry (if used): Start Date</p>
        </desc>
</t>
<t>
<field>F.007</field>
<desc>
            <p>data row - element 7 (see enquiry for details)</p>
        </desc>
</t>
<t>
<field>F.081</field>
<desc>
            <p>data row - element 81 (see enquiry for details)</p>
        </desc>
</t>
<t>
<field>F.025</field>
<desc>
            <p>data row - element 25 (see enquiry for details)</p>
        </desc>
</t>
<t>
<field>F.056</field>
<desc>
            <p>data row - element 56 (see enquiry for details)</p>
        </desc>
</t>
<t>
<field>F.026</field>
<desc>
            <p>data row - element 26 (see enquiry for details)</p>
        </desc>
</t>
<t>
<field>PORTFOLIO</field>
<desc>
            <p>Selection Field value as input into enquiry (if used): Portfolio</p>
        </desc>
</t>
<t>
<field>F.091</field>
<desc>
            <p>data row - element 91 (see enquiry for details)</p>
        </desc>
</t>
<t>
<field>TABLE.NAME.ID</field>
<desc>
            <p>Record key.</p>
            <p />
            <p>For header records, this takes the format:</p>
            <p />
            <p>enquiryId * userId</p>
            <p />
            <p>For detail records, this takes the format:</p>
            <p />
            <p>enquiryId * userId * sequence</p>
            <p />
            <p>where the enquiryId is the id of the originating enquiry record, the userId is the T24 user, and the sequence is the row number as returned from the NOFILE enquiry - see 'Seq' for more information.</p>
        </desc>
</t>
<t>
<field>CO.CODE</field>
<desc>
            <p>field not used as this is a live file</p>
        </desc>
</t>
<t>
<field>F.087</field>
<desc>
            <p>data row - element 87 (see enquiry for details)</p>
        </desc>
</t>
<t>
<field>F.092</field>
<desc>
            <p>data row - element 92 (see enquiry for details)</p>
        </desc>
</t>
<t>
<field>INPUTTER</field>
<desc>
            <p>field not used as this is a live file</p>
        </desc>
</t>
<t>
<field>F.010</field>
<desc>
            <p>data row - element 10 (see enquiry for details)</p>
        </desc>
</t>
<t>
<field>F.041</field>
<desc>
            <p>data row - element 41 (see enquiry for details)</p>
        </desc>
</t>
<t>
<field>F.005</field>
<desc>
            <p>data row - element 5 (see enquiry for details)</p>
        </desc>
</t>
<t>
<field>F.008</field>
<desc>
            <p>data row - element 8 (see enquiry for details)</p>
        </desc>
</t>
<t>
<field>F.013</field>
<desc>
            <p>data row - element 13 (see enquiry for details)</p>
        </desc>
</t>
<t>
<field>F.100</field>
<desc>
            <p>data row - element 100 (see enquiry for details)</p>
        </desc>
</t>
<t>
<field>SEQ</field>
<desc>
            <p>For a detail record, this is the row number of the array returned from the NOFILE routine that this record represents.</p>
            <p />
            <p>For a header record, this is the total number of rows that were returned within the array from the NOFILE routine.</p>
        </desc>
</t>
<t>
<field>F.084</field>
<desc>
            <p>data row - element 84 (see enquiry for details)</p>
        </desc>
</t>
<t>
<field>F.048</field>
<desc>
            <p>data row - element 48 (see enquiry for details)</p>
        </desc>
</t>
<t>
<field>F.079</field>
<desc>
            <p>data row - element 79 (see enquiry for details)</p>
        </desc>
</t>
<t>
<field>F.089</field>
<desc>
            <p>data row - element 89 (see enquiry for details)</p>
        </desc>
</t>
<t>
<field>F.058</field>
<desc>
            <p>data row - element 58 (see enquiry for details)</p>
        </desc>
</t>
<t>
<field>F.094</field>
<desc>
            <p>data row - element 94 (see enquiry for details)</p>
        </desc>
</t>
<t>
<field>F.023</field>
<desc>
            <p>data row - element 23 (see enquiry for details)</p>
        </desc>
</t>
<t>
<field>F.090</field>
<desc>
            <p>data row - element 90 (see enquiry for details)</p>
        </desc>
</t>
<t>
<field>F.054</field>
<desc>
            <p>data row - element 54 (see enquiry for details)</p>
        </desc>
</t>
<t>
<field>WR.REPORTING</field>
<desc>
            <p>Selection Field value as input into enquiry (if used): Wr Reporting</p>
        </desc>
</t>
<t>
<field>F.085</field>
<desc>
            <p>data row - element 85 (see enquiry for details)</p>
        </desc>
</t>
<t>
<field>F.018</field>
<desc>
            <p>data row - element 18 (see enquiry for details)</p>
        </desc>
</t>
<t>
<field>F.064</field>
<desc>
            <p>data row - element 64 (see enquiry for details)</p>
        </desc>
</t>
<t>
<field>F.020</field>
<desc>
            <p>data row - element 20 (see enquiry for details)</p>
        </desc>
</t>
<t>
<field>F.016</field>
<desc>
            <p>data row - element 16 (see enquiry for details)</p>
        </desc>
</t>
<t>
<field>F.066</field>
<desc>
            <p>data row - element 66 (see enquiry for details)</p>
        </desc>
</t>
<t>
<field>F.035</field>
<desc>
            <p>data row - element 35 (see enquiry for details)</p>
        </desc>
</t>
<t>
<field>F.071</field>
<desc>
            <p>data row - element 71 (see enquiry for details)</p>
        </desc>
</t>
<t>
<field>F.004</field>
<desc>
            <p>data row - element 4 (see enquiry for details)</p>
        </desc>
</t>
<t>
<field>DATE.TIME</field>
<desc>
            <p>field not used as this is a live file</p>
        </desc>
</t>
<t>
<field>F.040</field>
<desc>
            <p>data row - element 40 (see enquiry for details)</p>
        </desc>
</t>
<t>
<field>F.082</field>
<desc>
            <p>data row - element 82 (see enquiry for details)</p>
        </desc>
</t>
<t>
<field>F.077</field>
<desc>
            <p>data row - element 77 (see enquiry for details)</p>
        </desc>
</t>
<t>
<field>F.022</field>
<desc>
            <p>data row - element 22 (see enquiry for details)</p>
        </desc>
</t>
<t>
<field>F.095</field>
<desc>
            <p>data row - element 95 (see enquiry for details)</p>
        </desc>
</t>
<t>
<field>F.001</field>
<desc>
            <p>data row - element 1 (see enquiry for details)</p>
        </desc>
</t>
<t>
<field>F.032</field>
<desc>
            <p>data row - element 32 (see enquiry for details)</p>
        </desc>
</t>
<t>
<field>F.047</field>
<desc>
            <p>data row - element 47 (see enquiry for details)</p>
        </desc>
</t>
<t>
<field>F.017</field>
<desc>
            <p>data row - element 17 (see enquiry for details)</p>
        </desc>
</t>
<t>
<field>DEPT.CODE</field>
<desc>
            <p>field not used as this is a live file</p>
        </desc>
</t>
<t>
<field>F.009</field>
<desc>
            <p>data row - element 9 (see enquiry for details)</p>
        </desc>
</t>
<t>
<field>F.098</field>
<desc>
            <p>data row - element 98 (see enquiry for details)</p>
        </desc>
</t>
<t>
<field>F.067</field>
<desc>
            <p>data row - element 67 (see enquiry for details)</p>
        </desc>
</t>
<t>
<field>CUSTOMER</field>
<desc>
            <p>Help Text for this field is unavailable.  Please refer to the T24 User Guides for further information.</p>
        </desc>
</t>
<t>
<field>F.072</field>
<desc>
            <p>data row - element 72 (see enquiry for details)</p>
        </desc>
</t>
<t>
<field>F.050</field>
<desc>
            <p>data row - element 50 (see enquiry for details)</p>
        </desc>
</t>
<t>
<field>F.014</field>
<desc>
            <p>data row - element 14 (see enquiry for details)</p>
        </desc>
</t>
<t>
<field>F.045</field>
<desc>
            <p>data row - element 45 (see enquiry for details)</p>
        </desc>
</t>
<t>
<field>OPEN.ORDERS</field>
<desc>
            <p>Help Text for this field is unavailable.  Please refer to the T24 User Guides for further information.</p>
        </desc>
</t>
<t>
<field>F.027</field>
<desc>
            <p>data row - element 27 (see enquiry for details)</p>
        </desc>
</t>
<t>
<field>F.030</field>
<desc>
            <p>data row - element 30 (see enquiry for details)</p>
        </desc>
</t>
<t>
<field>F.068</field>
<desc>
            <p>data row - element 68 (see enquiry for details)</p>
        </desc>
</t>
<t>
<field>F.099</field>
<desc>
            <p>data row - element 99 (see enquiry for details)</p>
        </desc>
</t>
<t>
<field>SUB.ASSET.SA</field>
<desc>
            <p>Help Text for this field is unavailable.  Please refer to the T24 User Guides for further information.</p>
        </desc>
</t>
<t>
<field>HIDE.ZERO.POS</field>
<desc>
            <p>Help Text for this field is unavailable.  Please refer to the T24 User Guides for further information.</p>
        </desc>
</t>
<t>
<field>F.069</field>
<desc>
            <p>data row - element 69 (see enquiry for details)</p>
        </desc>
</t>
<t>
<field>F.038</field>
<desc>
            <p>data row - element 38 (see enquiry for details)</p>
        </desc>
</t>
<t>
<field>F.043</field>
<desc>
            <p>data row - element 43 (see enquiry for details)</p>
        </desc>
</t>
<t>
<field>SAM.NO</field>
<desc>
            <p>Selection Field value as input into enquiry (if used): Sam No</p>
        </desc>
</t>
<t>
<field>F.074</field>
<desc>
            <p>data row - element 74 (see enquiry for details)</p>
        </desc>
</t>
<t>
<field>F.039</field>
<desc>
            <p>data row - element 39 (see enquiry for details)</p>
        </desc>
</t>
<t>
<field>F.075</field>
<desc>
            <p>data row - element 75 (see enquiry for details)</p>
        </desc>
</t>
<t>
<field>F.044</field>
<desc>
            <p>data row - element 44 (see enquiry for details)</p>
        </desc>
</t>
<t>
<field>F.080</field>
<desc>
            <p>data row - element 80 (see enquiry for details)</p>
        </desc>
</t>
<t>
<field>F.073</field>
<desc>
            <p>data row - element 73 (see enquiry for details)</p>
        </desc>
</t>
<t>
<field>F.037</field>
<desc>
            <p>data row - element 37 (see enquiry for details)</p>
        </desc>
</t>
<t>
<field>RECORD.STATUS</field>
<desc>
            <p>field not used as this is a live file</p>
        </desc>
</t>
<t>
<field>BOOKING.DATE</field>
<desc>
            <p>Selection Field value as input into enquiry (if used): Booking Date</p>
        </desc>
</t>
<t>
<field>F.031</field>
<desc>
            <p>data row - element 31 (see enquiry for details)</p>
        </desc>
</t>
<t>
<field>F.061</field>
<desc>
            <p>data row - element 61 (see enquiry for details)</p>
        </desc>
</t>
<t>
<field>F.036</field>
<desc>
            <p>data row - element 36 (see enquiry for details)</p>
        </desc>
</t>
<t>
<field>F.046</field>
<desc>
            <p>data row - element 46 (see enquiry for details)</p>
        </desc>
</t>
<t>
<field>F.015</field>
<desc>
            <p>data row - element 15 (see enquiry for details)</p>
        </desc>
</t>
<t>
<field>F.051</field>
<desc>
            <p>data row - element 51 (see enquiry for details)</p>
        </desc>
</t>
<t>
<field>VALUATION.CCY</field>
<desc>
            <p>Help Text for this field is unavailable.  Please refer to the T24 User Guides for further information.</p>
        </desc>
</t>
<t>
<field>F.097</field>
<desc>
            <p>data row - element 97 (see enquiry for details)</p>
        </desc>
</t>
<t>
<field>F.021</field>
<desc>
            <p>data row - element 21 (see enquiry for details)</p>
        </desc>
</t>
<t>
<field>F.052</field>
<desc>
            <p>data row - element 52 (see enquiry for details)</p>
        </desc>
</t>
<t>
<field>F.028</field>
<desc>
            <p>data row - element 28 (see enquiry for details)</p>
        </desc>
</t>
<t>
<field>F.033</field>
<desc>
            <p>data row - element 33 (see enquiry for details)</p>
        </desc>
</t>
<t>
<field>F.002</field>
<desc>
            <p>data row - element 2 (see enquiry for details)</p>
        </desc>
</t>
<t>
<field>F.059</field>
<desc>
            <p>data row - element 59 (see enquiry for details)</p>
        </desc>
</t>
<t>
<field>EXTRACT.DATE</field>
<desc>
            <p>Selection Field value as input into enquiry (if used): Extract Date</p>
        </desc>
</t>
<t>
<field>F.078</field>
<desc>
            <p>data row - element 78 (see enquiry for details)</p>
        </desc>
</t>
<t>
<field>F.083</field>
<desc>
            <p>data row - element 83 (see enquiry for details)</p>
        </desc>
</t>
<t>
<field>GROUP.NO</field>
<desc>
            <p>Help Text for this field is unavailable.  Please refer to the T24 User Guides for further information.</p>
        </desc>
</t>
<t>
<field>F.070</field>
<desc>
            <p>data row - element 70 (see enquiry for details)</p>
        </desc>
</t>
<t>
<field>F.003</field>
<desc>
            <p>data row - element 3 (see enquiry for details)</p>
        </desc>
</t>
<t>
<field>F.034</field>
<desc>
            <p>data row - element 34 (see enquiry for details)</p>
        </desc>
</t>
<t>
<field>F.065</field>
<desc>
            <p>data row - element 65 (see enquiry for details)</p>
        </desc>
</t>
<t>
<field>F.029</field>
<desc>
            <p>data row - element 29 (see enquiry for details)</p>
        </desc>
</t>
<t>
<field>F.053</field>
<desc>
            <p>data row - element 53 (see enquiry for details)</p>
        </desc>
</t>
<t>
<field>END.DATE</field>
<desc>
            <p>Selection Field value as input into enquiry (if used): End Date</p>
        </desc>
</t>
<t>
<field>CUSTOMER.NO</field>
<desc>
            <p>Selection Field value as input into enquiry (if used): Customer No</p>
        </desc>
</t>
<t>
<field>ONLINE.YNO</field>
<desc>
            <p>Help Text for this field is unavailable.  Please refer to the T24 User Guides for further information.</p>
        </desc>
</t>
<t>
<field>F.096</field>
<desc>
            <p>data row - element 96 (see enquiry for details)</p>
        </desc>
</t>
<t>
<field>ACCOUNT.NUMBER</field>
<desc>
            <p>Selection Field value as input into enquiry (if used): Account Number</p>
        </desc>
</t>
<t>
<field>AUDIT.DATE.TIME</field>
<desc>
            <p>field not used as this is a live file</p>
        </desc>
</t>
<t>
<field>AUDITOR.CODE</field>
<desc>
            <p>field not used as this is a live file</p>
        </desc>
</t>
<t>
<field>AUTHORISER</field>
<desc>
            <p>field not used as this is a live file</p>
        </desc>
</t>
<t>
<field>F.049</field>
<desc>
            <p>data row - element 49 (see enquiry for details)</p>
        </desc>
</t>
<t>
<field>F.063</field>
<desc>
            <p>data row - element 63 (see enquiry for details)</p>
        </desc>
</t>
<t>
<field>F.019</field>
<desc>
            <p>data row - element 19 (see enquiry for details)</p>
        </desc>
</t>
<t>
<field>F.086</field>
<desc>
            <p>data row - element 86 (see enquiry for details)</p>
        </desc>
</t>
<t>
<field>F.055</field>
<desc>
            <p>data row - element 55 (see enquiry for details)</p>
        </desc>
</t>
<t>
<field>F.024</field>
<desc>
            <p>data row - element 24 (see enquiry for details)</p>
        </desc>
</t>
<t>
<field>F.060</field>
<desc>
            <p>data row - element 60 (see enquiry for details)</p>
        </desc>
</t>
<t>
<field>F.062</field>
<desc>
            <p>data row - element 62 (see enquiry for details)</p>
        </desc>
</t>
<t>
<field>F.093</field>
<desc>
            <p>data row - element 93 (see enquiry for details)</p>
        </desc>
</t>
<t>
<field>F.057</field>
<desc>
            <p>data row - element 57 (see enquiry for details)</p>
        </desc>
</t>
<t>
<field>F.088</field>
<desc>
            <p>data row - element 88 (see enquiry for details)</p>
        </desc>
</t>
</menu>
</t24help>

