<?xml version="1.0" encoding="utf-8"?>
<t24help>
<header>
<product>WR</product>
<table>WR.KYR.INFO</table>
</header>
<overview>
<ovdesc>

        </ovdesc>
<ovimage></ovimage>
</overview>
<menu>
<t>
<field>LOCKING.DATE</field>
<desc>
        <p>Holds the locking date.</p>
        <p> Any back-date contract made prior to locking date does not affect the valuation and performance details until this date. </p>
        <p>Instead, the effect of the back dated contract reflects from next working day after the locking date.</p>
    </desc>
</t>
<t>
<field>PRINT.CATEGORY</field>
<desc>
        <p>Specifies the print category either discretionary or managed client. </p>
        <p>Validations</p>
        <p>
            <p value="1">Options allowed are ADHOC/BOOK</p>
            <p value="2">Populated from WR.REQUEST.REPORT or WR.REPORT.BOOK</p>
        </p>
    </desc>
</t>
<t>
<field>PRINT.TYPE</field>
<desc>
        <p><span style="font-weight: normal;">Specifies the type of print to choose for printing.</span>
        </p>
        <p>Validations</p>
        <p>Options allowed are: </p>
        <p>
            <p value="1">None or Draft</p>
            <p value="2">Final - updates the fields SCHEDULE, PRITING.DATE, PRITING.TYPE, and LAST.RPTD.PRD  NEXT.PRD.START to next printing cycle in WR.KYR.INFO </p>
        </p>
    </desc>
</t>
<t>
<field>PRINTING.DATE</field>
<desc>
        <p>Description</p>
        <p>Specifies the printing date.</p>
        <p>Validations</p>
        <p>
            <p value="1">Populated from WR.REQUEST.REPORT or WR.REPORT.BOOK</p>
            <p value="2">No validation.</p>
        </p>
    </desc>
</t>
<t>
<field>REPORT.BOOK</field>
<desc>
        <p><span style="font-weight: normal;">Populates the dates and printing parameters from WR.REPORT.BOOK</span>
        </p>
        <p>Validations</p>
        <p>
            <p value="1">Optional field</p>
        </p>
        <p>&#160;</p>
    </desc>
</t>
<t>
<field>WR.KYR.NEXT.PRD.START</field>
<desc>
        <p>Specifies the date from which details needs to be reported to the client. </p>
        <p>System generated date based on the frequency mentioned in the Schedule field and is considered as the end date for reporting. </p>
        <p>It is a multi-value and a mandatory field. </p>
        <p>This field can be amended, but the date should not be less than what is mentioned in <b>WR.KYR.LAST.RPTD.PRD</b> field.</p> <![CDATA[ 
]]></desc>
</t>
<t>
<field>ID.REPORT</field>
<desc>
            <p>Help Text for this field is unavailable.  Please refer to the T24 User Guides for further information.</p>
        </desc>
</t>
<t>
<field>RECEIVER.ADDRESS</field>
<desc>
            <p>Help Text for this field is unavailable.  Please refer to the T24 User Guides for further information.</p>
        </desc>
</t>
<t>
<field>WR.KYR.LAST.RPTD.PRD</field>
<desc>
        <p>Specifies the last date at which the transactions were reported and considers as a start date for reporting.  </p>
        <p>It is a multi-value and a mandatory field. </p>
        <p>This field can be amended, but the date must not be less than the date mentioned in <b>WR.KYR.NEXT.PRD.START</b> field.</p> <![CDATA[ 
]]></desc>
</t>
<t>
<field>ID.ENTITY</field>
<desc>
            <p>Help Text for this field is unavailable.  Please refer to the T24 User Guides for further information.</p>
        </desc>
</t>
<t>
<field>RECEIVER.CUSTOMER</field>
<desc>
            <p>Help Text for this field is unavailable.  Please refer to the T24 User Guides for further information.</p>
        </desc>
</t>
<t>
<field>WR.KYR.ADDRESS</field>
<desc>
        <p>Specifies the address of the person to send the report.  </p>
        <p>It is a Multi-value field which accepts value as any ID from the DE.ADDRESS application.</p> <![CDATA[ 
]]></desc>
</t>
<t>
<field>RECEIVER.HLD.EMAIL</field>
<desc>
            <p>Help Text for this field is unavailable.  Please refer to the T24 User Guides for further information.</p>
        </desc>
</t>
<t>
<field>ONLINE</field>
<desc>
            <p>Help Text for this field is unavailable.  Please refer to the T24 User Guides for further information.</p>
        </desc>
</t>
<t>
<field>SCHEDULE</field>
<desc>
            <p>Help Text for this field is unavailable.  Please refer to the T24 User Guides for further information.</p>
        </desc>
</t>
<t>
<field>WR.GRP.MONTHLY.PERF</field>
<desc>
        <p>Calculates the performance of the group for each month, between the start date and end date.</p>
        <p> Done either in the WR.REQUEST.REPORT or the LAST.RPTD.PRD and NEXT.PRD.START in the record WR.KYR.INFO with the performance of benchmark calculated for the same period. </p>
        <p>Benchmark id is fetched from the application AM.GROUP.PORT for the respective group.</p> <![CDATA[ 
]]></desc>
</t>
<t>
<field>WR.KYR.NO.OF.COPIES</field>
<desc>
        <p>Specifies the number of copies that are sent to the above address and printed in the Orchestrate. </p>
        <p>It is a Multivalue field which accepts any numeric value.</p> <![CDATA[ 
]]></desc>
</t>
<t>
<field>DESCRIPTION</field>
<desc>
            <p>Help Text for this field is unavailable.  Please refer to the T24 User Guides for further information.</p>
        </desc>
</t>
<t>
<field>ID.BREAKDOWN</field>
<desc>
            <p>Help Text for this field is unavailable.  Please refer to the T24 User Guides for further information.</p>
        </desc>
</t>
<t>
<field>ID.CONF.ITEM</field>
<desc>
            <p>Help Text for this field is unavailable.  Please refer to the T24 User Guides for further information.</p>
        </desc>
</t>
<t>
<field>ID.ENQ</field>
<desc>
            <p>Help Text for this field is unavailable.  Please refer to the T24 User Guides for further information.</p>
        </desc>
</t>
<t><field>NAME</field><desc><p>Help Text for this field is unavailable.  Please refer to the T24 User Guides for further information.</p></desc></t><t><field>ADDRESS</field><desc><p>Help Text for this field is unavailable.  Please refer to the T24 User Guides for further information.</p></desc></t><t><field>NO.OF.COPIES</field><desc><p>Help Text for this field is unavailable.  Please refer to the T24 User Guides for further information.</p></desc></t><t><field>LAST.RPTD.PRD</field><desc><p>Help Text for this field is unavailable.  Please refer to the T24 User Guides for further information.</p></desc></t><t><field>NEXT.PRD.START</field><desc><p>Help Text for this field is unavailable.  Please refer to the T24 User Guides for further information.</p></desc></t></menu>
</t24help>
