<?xml version="1.0" encoding="utf-8"?>
<t24help>
<header>
<product>WR</product>
<table>WR.REPORT.BOOK.CONCAT</table>
</header>
<overview>
<ovdesc>

        <p>Overview</p>
        <b>Description</b>
        <p>Stores the list of WR.KYR.INFO id's that belongs to different report books present in WR.REPORT.BOOK application. </p>
        <p>Updated while authorizing the WR.KYR.INFO record for respective report book.</p>
    </ovdesc>
<ovimage></ovimage>
</overview>
<menu>
<t>
<field>KYR.IDS</field>
<desc>
        <p>Description</p>
        <p>Specifies the Id of WR.KYR.INFO record.</p>
    </desc>
</t>
<t><field>RPT.BK.CONCAT.ID</field><desc><p>Help Text for this field is unavailable.  Please refer to the T24 User Guides for further information.</p></desc></t></menu>
</t24help>
