<?xml version="1.0" encoding="utf-8"?>
<t24help>
<header>
<product>WR</product>
<table>WR.REQUEST.REPORT</table>
</header>
<overview>
<ovdesc>

            <p>This Application used to run enquiry on bulk orders. For a specific group or portfolios based on certain period </p>
            <p />
        </ovdesc>
<ovimage></ovimage>
</overview>
<menu>
<t>
<field>ONLINE.OR.COB</field>
<desc>
        <p>Description</p>
        <p>Specifies whether the report needs to be printed online or during COB.</p>
        <p>Validation Rules:</p>
        <p>
            <p value="1">Allowed options are COB/ONLINE</p>
        </p>
        <p>&#160;</p>
        <p>&#160;</p>
    </desc>
</t>
<t>
<field>PRINT.TYPE</field>
<desc>
        <p>Specifies the type of print that is used for printing.</p>
        <p>Validations</p>
        <p>Allowed options are:</p>
        <p>
            <p value="1">None or Draft </p>
            <p value="2">Final - updates the fields SCHEDULE, PRITING.DATE, PRITING.TYPE and LAST.RPTD.PRD  NEXT.PRD.START to next printing cycle in WR.KYR.INFO.
Final type is allowed only for portfolio or group with a valid record in WR.KYR.INFO application.</p>
        </p>
    </desc>
</t>
<t>
<field>PERIOD.START.DATE</field>
<desc>
            <p>Starting Date of the Reporting period.</p>
        </desc>
</t>
<t>
<field>PERIOD.END.DATE</field>
<desc>
            <p>End date of the reporting period.</p>
        </desc>
</t>
<t>
<field>REPORTS.TO.RUN</field>
<desc>
            <p>Multi value field that contain a valid WR.REPORT record.</p>
            <p>Mention reports are generated for customers.</p>
        </desc>
</t>
<t>
<field>WR.REQUEST.REPORT.ID</field>
<desc>
            <p>Unique reference which identifies the WR.REQUEST.REPORT.ID record.</p>
            <p>
                <p>Validation Rules:</p>
            </p>
            <p>Mandatory input</p>
            <p>1-20 alphanumeric characters</p>
        </desc>
</t>
<t>
<field>PORTFOLIO.NO</field>
<desc>
            <p>It is multivalue field and it contains valid portfolio number from SEC.ACC.MASTER.</p>
            <p>Based on the Customer portfolios the report is to be generated.</p>
            <p />
            <p>If there are multiple Portfolios then the Customer Group defaulted.</p>
        </desc>
</t>
<t>
<field>STATUS</field>
<desc>
            <p>It is a noinput field. On authorising status will updated</p>
            <p>1-20 alphanumeric characters</p>
        </desc>
</t>
<t>
<field>REPORTS.STYLE</field>
<desc>
            <p>Mention style of report will be generated by system.</p>
            <p>Is the meta report identifier as defined in Orchestrate.</p>
            <p>Meta report holds report styles in use for report, page occurrence and order information.</p>
            <p>A valid style from WR.REPORT.STYLE record.</p>
            <p>It is a mandatory field.</p>
        </desc>
</t>
<t>
<field>DESCRIPTION</field>
<desc>
            <p>1-60 alphanumeric characters</p>
            <p>Detail description about WR.REQUEST.REPORT.</p>
        </desc>
</t>
<t>
<field>GROUP.ID</field>
<desc>
            <p>Help Text for this field is unavailable.  Please refer to the T24 User Guides for further information.</p>
        </desc>
</t>
<t>
<field>GRP.YES.NO</field>
<desc>
            <p>Help Text for this field is unavailable.  Please refer to the T24 User Guides for further information.</p>
        </desc>
</t>
<t>
<field>NEW.CLIENT.ID</field>
<desc>
            <p>Help Text for this field is unavailable.  Please refer to the T24 User Guides for further information.</p>
        </desc>
</t>
</menu>
</t24help>

