<?xml version="1.0" encoding="utf-8"?>
<t24help>
<header>
<product>WR</product>
<table>WR.REPORT.BOOK</table>
</header>
<overview>
<ovdesc></ovdesc>
<ovimage></ovimage>
</overview>
<menu>
<t>
<field>ONLINE.OR.COB</field>
<desc>
        <p>Specifies whether the report needs to be printed online or during COB.</p>
        <p>Validations</p>
        <p>
            <p value="1">Options allowed are COB/ONLINE.</p>
            <p value="2">If it is online, PRITING.DATE must be todays date.</p>
        </p>
        <p>&#160;</p>
        <p>&#160;</p>
    </desc>
</t>
<t>
<field>PRINT.TYPE</field>
<desc>
        <p><span style="font-weight: normal;">Specifies the type of print to choose for printing.</span>
        </p>
        <p>Validations</p>
        <p>Options allowed are: </p>
        <p>
            <p value="1">None or Draft </p>
            <p value="2">Final - updates the field SCHEDULE, PRITING.DATE, PRITING.TYPE, and LAST.RPTD.PRD NEXT.PRD.START to next printing cycle in WR.KYR.INFO </p>
        </p>
    </desc>
</t>
<t>
<field>STMT.END.DATE</field>
<desc>
        <p>Specifies the end date for the list of transactions that are printed in the statement.</p>
        <p>Validations</p>
        <p>
            <p value="1">Mandatory field.</p>
        </p>
    </desc>
</t>
<t>
<field>STMT.FREQ</field>
<desc>
        <p>Specifies the frequency to generate next transaction period.</p>
        <p>Validations</p>
        <p>
            <p value="1">Mandatory field.</p>
        </p>
    </desc>
</t>
<t>
<field>STMT.START.DATE</field>
<desc>
        <p>Specifies the start date for the list of transactions that are printed in the statement.</p>
        <p>Validations</p>
        <p>
            <p value="1">Mandatory field.</p>
        </p>
    </desc>
</t>
<t>
<field>PRINTING.DATE</field>
<desc>
        <p>Defines the printing date for reports attached to the portfolios or groups that are linked to the report book.</p>
        <p>Validation Rules:</p>
        <p>
            <p value="1">
                <p value="1">Disallows dates less than TODAY.</p>
            </p>
            <p value="2">
                <p value="1">If the field ONLINE.OR.COB is ‘ONLINE’ the PRITING.DATE allows only TODAY’s date.</p>
            </p>
            <p value="3">
                <p value="1">If the field PRINTING.DATE is null and ONLINE.OR.COB is ‘ONLINE’, while commiting, the value TODAY’s date is defaulted to the PRINTING.DATE field.</p>
            </p>
        </p>
    </desc>
</t>
<t><field>REPORT.BOOK.ID</field><desc><p>Help Text for this field is unavailable.  Please refer to the T24 User Guides for further information.</p></desc></t><t><field>DESCRIPTION</field><desc><p>Help Text for this field is unavailable.  Please refer to the T24 User Guides for further information.</p></desc></t></menu>
</t24help>
