<?xml version="1.0" encoding="utf-8"?>
<t24help>
<header>
<product>WR</product>
<table>WR.REPORT</table>
</header>
<overview>
<ovdesc>

            <p>Application used to run enquiry on bulk orders. Process Identifier and Report Identifier values are passed to Orchestrate, from the values set in the WR.PARAMETER table. An Adhoc report is generated with the Process Identifier and Report Identifier against the report description.</p>
            <p />
        </ovdesc>
<ovimage></ovimage>
</overview>
<menu>
<t>
<field>ID.ENQ</field>
<desc>
            <p>Help Text for this field is unavailable.  Please refer to the T24 User Guides for further information.</p>
        </desc>
</t>
<t>
<field>OVERRIDE</field>
<desc>
            <p>This field holds any overrides generated during input of records into WR.PARAMETER.</p>
        </desc>
</t>
<t>
<field>PROCESS.IDENTIFIER</field>
<desc>
            <p>1-60 alphanumeric characters</p>
            <p>Is the Orchestrate process identifier.</p>
            <p>Process with REPORT.IDENTIFIER identifier will be instantiated in orchestrate reporting engine and executed.</p>
        </desc>
</t>
<t>
<field>T24.ENQUIRY</field>
<desc>
            <p>It is a mandatory field.</p>
            <p>A list of enquiry to be executed. From ENQUIRY.REPORT file.</p>
        </desc>
</t>
<t>
<field>REPORTS.STYLE</field>
<desc>
            <p>Help Text for this field is unavailable.  Please refer to the T24 User Guides for further information.</p>
        </desc>
</t>
<t>
<field>POST.PROCESS</field>
<desc>
            <p>Help Text for this field is unavailable.  Please refer to the T24 User Guides for further information.</p>
        </desc>
</t>
<t>
<field>PARAMETER.CHANNEL</field>
<desc>
            <p>Help Text for this field is unavailable.  Please refer to the T24 User Guides for further information.</p>
        </desc>
</t>
<t>
<field>ID.CONF.ITEM</field>
<desc>
            <p>Help Text for this field is unavailable.  Please refer to the T24 User Guides for further information.</p>
        </desc>
</t>
<t>
<field>PRE.PROCESS</field>
<desc>
            <p>Help Text for this field is unavailable.  Please refer to the T24 User Guides for further information.</p>
        </desc>
</t>
<t>
<field>REPORT.AREA</field>
<desc>
            <p>Help Text for this field is unavailable.  Please refer to the T24 User Guides for further information.</p>
        </desc>
</t>
<t>
<field>SCHEDULE</field>
<desc>
            <p>Help Text for this field is unavailable.  Please refer to the T24 User Guides for further information.</p>
        </desc>
</t>
<t>
<field>ONLINE</field>
<desc>
            <p>Help Text for this field is unavailable.  Please refer to the T24 User Guides for further information.</p>
        </desc>
</t>
<t>
<field>REPORT.IDENTIFIER</field>
<desc>
            <p>1-60 alphanumeric characters</p>
            <p>Is the Orchestrate report identifier.</p>
            <p>This will determine the loadable file list and the report to be rendered by Orchestrate.</p>
        </desc>
</t>
<t>
<field>MANUAL</field>
<desc>
            <p>Help Text for this field is unavailable.  Please refer to the T24 User Guides for further information.</p>
        </desc>
</t>
<t>
<field>OUTPUT.TYPE</field>
<desc>
            <p>Help Text for this field is unavailable.  Please refer to the T24 User Guides for further information.</p>
        </desc>
</t>
<t>
<field>WR.REPORT.ID</field>
<desc>
            <p>Unique reference which identifies the WR.REPORT.ID record.</p>
            <p>
                <p>Validation Rules:</p>
            </p>
            <p>Mandatory input</p>
            <p>1-20 alphanumeric characters</p>
        </desc>
</t>
<t>
<field>DESCRIPTION</field>
<desc>
            <p>1-60 alphanumeric characters</p>
            <p>Description about the WR.Report.</p>
            <p />
            <p />
        </desc>
</t>
<t>
<field>ENQ.DESCRIPTION</field>
<desc>
            <p>Help Text for this field is unavailable.  Please refer to the T24 User Guides for further information.</p>
        </desc>
</t>
<t>
<field>GROUP</field>
<desc>
            <p>Help Text for this field is unavailable.  Please refer to the T24 User Guides for further information.</p>
        </desc>
</t>
<t>
<field>ID.BREAKDOWN</field>
<desc>
            <p>Help Text for this field is unavailable.  Please refer to the T24 User Guides for further information.</p>
        </desc>
</t>
</menu>
</t24help>

