<?xml version="1.0" encoding="utf-8"?>
<t24help>
<header>
<product>WR</product>
<table>WR.REPORT.STYLE</table>
</header>
<overview>
<ovdesc>

            <p>Describe about the style of report that is to be generated.</p>
            <p />
        </ovdesc>
<ovimage></ovimage>
</overview>
<menu>
<t>
<field>DESCRIPTION</field>
<desc>
            <p>It is a mandatory field.</p>
            <p>Description about Report Style.</p>
            <p>1-60 alphanumeric characters.</p>
        </desc>
</t>
<t>
<field>WR.REPORT.STYLE</field>
<desc>
            <p>Unique reference which identifies the WR.REPORT.STYLE record.</p>
            <p>Is the meta report identifier as defined in Orchestrate.</p>
            <p>Meta report holds report styles in use for report, page occurrence and order information.</p>
            <p>
                <p>Validation Rules:</p>
            </p>
            <p>Mandatory input</p>
            <p>1-20 alphanumeric characters</p>
        </desc>
</t>
</menu>
</t24help>

