<?xml version="1.0" encoding="utf-8"?>
<t24help>
<header>
<product>PV</product>
<table>PV.ASSET.DETAIL</table>
</header>
<overview>
<ovdesc>

            <p>Application to hold the Classification and Provisioning details for the asset, and to manually input a Classification or Provision Amount for that asset. </p>
            <p>Based on the category defined in PV.MANAGEMENT, contracts are selected and a record in PV.ASSET.DETAIL will be created only for those contracts which satisfies the condition specified in PV.MANAGEMENT. </p>
            <p>New record can be created only by the job PV.CLASSIFICATION. Only if there is a classification, calculation and posting jobs will be run. Also manual amendment can be done to the record. It is 'H' type file, so that it can keep track of manual changes to the record.</p>
            <p>$HIS will be maintained only for the manual changes.</p>
        </ovdesc>
<ovimage></ovimage>
</overview>
<menu>
<t>
<field>COLLATERAL.AMOUNT</field>
<desc>
            <p>Collateral amount used to mitigate CALC.BASE.AMT, in the calculation of provision amount.</p>
            <p>Multivalue field from CALC.PROV.TYPE to MAN.PROV.AMT.LCY.</p>
            <p>Updated by PV.CALCULATION job  </p>
            <p />
            <p>
                <p>Validation Rules:</p>
            </p>
            <p>   Noinput field. </p>
        </desc>
</t>
<t>
<field>LAST.CLASS.DATE</field>
<desc>
            <p>The date on which the last Classification for that contract </p>
            <p />
            <p>
                <p>Validation Rules:</p>
            </p>
            <p>   Noinput field. </p>
        </desc>
</t>
<t>
<field>MAN.PROV.AMT</field>
<desc>
            <p>To allow input of a Manual Provision amt in the Currency of the Contract. This will override the amount calculated by calculation job, i.e. the amount in Calc.Prov.Amt. Multivalue field from CALC.PROV.TYPE to MAN.PROV.AMT.LCY.</p>
            <p />
            <p />
        </desc>
</t>
<t>
<field>COMPANY.CODE</field>
<desc>
            <p>Help Text for this field is unavailable.  Please refer to the T24 User Guides for further information.</p>
        </desc>
</t>
<t>
<field>PR.COLL.AMT</field>
<desc>
            <p>Previously used collateral amount to mitigate base amount in calculating provision.</p>
            <p>Fields from PR.CALC.TYPE to PR.MAN.AMT.LCY are prev fields used for the set of fields CALC.PROV.TYPE to MAN.PROV.AMT.LCY</p>
            <p />
            <p>
                <p>Validation Rules:</p>
            </p>
            <p>   Noinput field. </p>
            <p />
        </desc>
</t>
<t>
<field>MANUAL.CLASS</field>
<desc>
            <p>To allow input of a Classification manually, this will override the value in AUTO.CLASS. </p>
            <p />
            <p>
                <p>Validation Rules:</p>
            </p>
            <p>  Valid record from PV.LOAN.CLASSIFICATION</p>
        </desc>
</t>
<t>
<field>PR.CLASS.DTE</field>
<desc>
            <p>Previous Classification date. Fields from PR.CLASS.DTE to PR.REASON are prev fields used for the set of fields LAST.CLASS.DATE to REASON. </p>
            <p />
            <p>
                <p>Validation Rules:</p>
            </p>
            <p>   Noinput field. </p>
            <p />
        </desc>
</t>
<t>
<field>PR.POST.AMT</field>
<desc>
            <p>Amount of provision posted for the contract previously. Fields from PR.POST.DATE to PR.POST.AMT.LCY are prev fields used for the set of fields LAST.POST.DATE to POST.PROV.AMT.LCY</p>
            <p />
            <p>
                <p>Validation Rules:</p>
            </p>
            <p>   Noinput field. </p>
            <p />
        </desc>
</t>
<t>
<field>PR.UNSEC.AMT</field>
<desc>
            <p>Help Text for this field is unavailable.  Please refer to the T24 User Guides for further information.</p>
        </desc>
</t>
<t>
<field>PRODUCT.LINE</field>
<desc>
            <p>PRODUCT.LINE of the Arrangement</p>
            <p />
            <p>
                <p>Validation Rules:</p>
            </p>
            <p>   Noinput field. </p>
            <p />
        </desc>
</t>
<t>
<field>CATEGORY</field>
<desc>
            <p>Category of the Asset</p>
            <p />
            <p>
                <p>Validation Rules:</p>
            </p>
            <p>   Noinput field. </p>
        </desc>
</t>
<t>
<field>MAN.PROV.AMT.LCY</field>
<desc>
        </desc>
</t>
<t>
<field>SEC.PROV.AMT</field>
<desc>
            <p>Help Text for this field is unavailable.  Please refer to the T24 User Guides for further information.</p>
        </desc>
</t>
<t>
<field>PR.CALC.BASE</field>
<desc>
            <p>Previously used Base amount to calculate the provision amount</p>
            <p>Fields from PR.CALC.TYPE to PR.MAN.AMT.LCY are prev fields used for the set of fields CALC.PROV.TYPE to MAN.PROV.AMT.LCY</p>
            <p />
            <p>
                <p>Validation Rules:</p>
            </p>
            <p>   Noinput field. </p>
            <p />
        </desc>
</t>
<t>
<field>PR.AUTO.CLASS</field>
<desc>
            <p>Previous automatic classification. </p>
            <p>Fields from PR.CLASS.DTE to PR.REASON are prev fields used for the set of fields LAST.CLASS.DATE to REASON</p>
            <p />
            <p>
                <p>Validation Rules:</p>
            </p>
            <p>   Noinput field. </p>
            <p />
        </desc>
</t>
<t>
<field>PR.PROFILE</field>
<desc>
            <p>Help Text for this field is unavailable.  Please refer to the T24 User Guides for further information.</p>
        </desc>
</t>
<t>
<field>PRODUCT</field>
<desc>
            <p>Application of the Asset.</p>
            <p />
            <p>
                <p>Validation Rules:</p>
            </p>
            <p>   Noinput field. </p>
            <p />
        </desc>
</t>
<t>
<field>SEQUENCE.DATE</field>
<desc>
            <p>The date after which the details are moved from Prev fields to PV.ASSET.DETAIL.HIST</p>
        </desc>
</t>
<t>
<field>OVERRIDE</field>
<desc>
        </desc>
</t>
<t>
<field>PR.CALC.AMT</field>
<desc>
            <p>Previously calculated provision amount</p>
            <p>Fields from PR.CALC.TYPE to PR.MAN.AMT.LCY are prev fields used for the set of fields CALC.PROV.TYPE to MAN.PROV.AMT.LCY</p>
            <p />
            <p>
                <p>Validation Rules:</p>
            </p>
            <p>   Noinput field. </p>
            <p />
        </desc>
</t>
<t>
<field>CALC.PROV.TYPE</field>
<desc>
            <p>For each PROV.TYPE defined in PV.PROFILE, base amount, collateral amount used for this provision type, provision amount, LCY eqiuvalent of provision amount, manually inputted provision amount are stored. </p>
            <p>Multivalue field from CALC.PROV.TYPE to MAN.PROV.AMT.LCY.</p>
            <p>Updated by PV.CALCULATION job  </p>
            <p />
            <p>
                <p>Validation Rules:</p>
            </p>
            <p>   Noinput field. </p>
            <p />
        </desc>
</t>
<t>
<field>MANAGEMENT.ID</field>
<desc>
            <p>Holds PV.MANAGEMENT ID used for the classification and Calculation</p>
        </desc>
</t>
<t>
<field>CUSTOMER</field>
<desc>
            <p>Holds the Customer ID </p>
            <p />
            <p>
                <p>Validation Rules:</p>
            </p>
            <p>   Noinput field. </p>
        </desc>
</t>
<t>
<field>PR.CALC.TYPE</field>
<desc>
            <p>Previously held provision type for which calculation was run</p>
            <p>Fields from PR.CALC.TYPE to PR.MAN.AMT.LCY are prev fields used for the set of fields CALC.PROV.TYPE to MAN.PROV.AMT.LCY</p>
            <p />
            <p>
                <p>Validation Rules:</p>
            </p>
            <p>   Noinput field. </p>
            <p />
        </desc>
</t>
<t>
<field>PRODUCT.GROUP</field>
<desc>
            <p>PRODUCT.GROUP of the Arrangement</p>
            <p />
            <p>
                <p>Validation Rules:</p>
            </p>
            <p>   Noinput field. </p>
            <p />
        </desc>
</t>
<t>
<field>PR.SEC.AMT</field>
<desc>
            <p>Help Text for this field is unavailable.  Please refer to the T24 User Guides for further information.</p>
        </desc>
</t>
<t>
<field>PROFILE.ID</field>
<desc>
            <p>PV.PROFILE Id Used for the classification and Calculation</p>
            <p />
            <p>
                <p>Validation Rules:</p>
            </p>
            <p>   Noinput Field. </p>
        </desc>
</t>
<t>
<field>LAST.POST.DATE</field>
<desc>
            <p>The date on which the provision last posted for the contract, i.e.  Accounting has been raised for Provision</p>
            <p />
            <p>
                <p>Validation Rules:</p>
            </p>
            <p>   Noinput field. </p>
        </desc>
</t>
<t>
<field>CALC.PROV.AMT.LCY</field>
<desc>
            <p>Calculated Provision amount for that contract in Local currency. Multivalue field from CALC.PROV.TYPE to MAN.PROV.AMT.LCY.</p>
            <p>Updated by PV.CALCULATION job  </p>
            <p />
            <p>
                <p>Validation Rules:</p>
            </p>
            <p>   Noinput field. </p>
        </desc>
</t>
<t>
<field>ASSET.DETAIL.ID</field>
<desc>
            <p>Valid ID to LD, AA, MM, PD and SL. Records will be created only for the assets for which provision calculation is being done</p>
        </desc>
</t>
<t>
<field>AUTO.CLASS</field>
<desc>
            <p>Field to hold the Classification generated by the system.</p>
            <p>Updated by PV.CLASSIFICATION job</p>
            <p />
            <p>
                <p>Validation Rules:</p>
            </p>
            <p>   NoInput Field</p>
            <p>   Valid record to PV.LOAN.CLASSIFICATION</p>
        </desc>
</t>
<t>
<field>CALC.BASE.AMT</field>
<desc>
            <p>Base amount on which the percentage defined in PV.PROFILE is applied on to calculate provision amount. </p>
            <p>Multivalue field from CALC.PROV.TYPE to MAN.PROV.AMT.LCY. Updated by PV.CALCULATION job  </p>
            <p />
            <p>
                <p>Validation Rules:</p>
            </p>
            <p>   Noinput field. </p>
        </desc>
</t>
<t>
<field>CALC.PROV.AMT</field>
<desc>
            <p>Calculated Provision amount for that contract in the currency of the contract. Multivalue field from CALC.PROV.TYPE to MAN.PROV.AMT.LCY.</p>
            <p>Updated by PV.CALCULATION job  </p>
            <p />
            <p>
                <p>Validation Rules:</p>
            </p>
            <p>   Noinput field. </p>
        </desc>
</t>
<t>
<field>PR.MAN.AMT.LCY</field>
<desc>
        </desc>
</t>
<t>
<field>PR.CALC.AMT.LCY</field>
<desc>
            <p>Previously calculated provision amount in local equivalent</p>
            <p>Fields from PR.CALC.TYPE to PR.MAN.AMT.LCY are prev fields used for the set of fields CALC.PROV.TYPE to MAN.PROV.AMT.LCY</p>
            <p />
            <p>
                <p>Validation Rules:</p>
            </p>
            <p>   Noinput field. </p>
            <p />
        </desc>
</t>
<t>
<field>LAST.CALC.DATE</field>
<desc>
            <p>The date on which the Provision amount last calculated</p>
            <p />
            <p>
                <p>Validation Rules:</p>
            </p>
            <p>   Noinput field. </p>
        </desc>
</t>
<t>
<field>REASON</field>
<desc>
            <p>Reason given to the manual input of classification</p>
            <p />
        </desc>
</t>
<t>
<field>PR.REASON</field>
<desc>
            <p>Reason that was given to the previous manual classification</p>
            <p />
            <p>
                <p>Validation Rules:</p>
            </p>
            <p>   Noinput field. </p>
            <p />
        </desc>
</t>
<t>
<field>CURRENCY</field>
<desc>
            <p>Currency of the Contract</p>
            <p />
            <p>
                <p>Validation Rules:</p>
            </p>
            <p>   Noinput field. </p>
        </desc>
</t>
<t>
<field>UNSEC.PROV.AMT</field>
<desc>
            <p>Help Text for this field is unavailable.  Please refer to the T24 User Guides for further information.</p>
        </desc>
</t>
<t>
<field>PR.CALC.DATE</field>
<desc>
            <p>The date Provision was previously calculated</p>
            <p />
            <p>
                <p>Validation Rules:</p>
            </p>
            <p>   Noinput field. </p>
            <p />
        </desc>
</t>
<t>
<field>POST.PROV.AMT</field>
<desc>
            <p>Amount of Provision last posted for the contract, in the currency of the contract</p>
            <p />
            <p>
                <p>Validation Rules:</p>
            </p>
            <p>   Noinput field. </p>
        </desc>
</t>
<t>
<field>PR.POST.AMT.LCY</field>
<desc>
            <p>Holds the local equivalent of PR.POST.AMT. Fields from PR.POST.DATE to PR.POST.AMT.LCY are prev fields used for the set of fields LAST.POST.DATE to POST.PROV.AMT.LCY</p>
            <p />
            <p>
                <p>Validation Rules:</p>
            </p>
            <p>   Noinput field. </p>
            <p />
            <p />
        </desc>
</t>
<t>
<field>PR.MGMT</field>
<desc>
            <p>Help Text for this field is unavailable.  Please refer to the T24 User Guides for further information.</p>
        </desc>
</t>
<t>
<field>POST.PROV.AMT.LCY</field>
<desc>
            <p>Amount of Provision last posted for the contract, in local currency equivalent</p>
            <p />
            <p>
                <p>Validation Rules:</p>
            </p>
            <p>   Noinput field. </p>
        </desc>
</t>
<t>
<field>PR.POST.DATE</field>
<desc>
            <p>The previous date provision was posted</p>
            <p />
            <p>
                <p>Validation Rules:</p>
            </p>
            <p>   Noinput field. </p>
            <p />
        </desc>
</t>
<t>
<field>PR.MAN.AMT</field>
<desc>
            <p>Previously inputted manual provision amount.Fields from PR.CALC.TYPE to PR.MAN.AMT.LCY are prev fields used for the set of fields CALC.PROV.TYPE to MAN.PROV.AMT.LCY</p>
        </desc>
</t>
<t>
<field>SEQ.NO</field>
<desc>
            <p>Latest Sequence Number that is used to create PV.ASSET.DETAIL.HIST</p>
        </desc>
</t>
<t>
<field>PR.MAN.CLASS</field>
<desc>
            <p>Previously inputted manual classification. Fields from PR.CLASS.DTE to PR.REASON are prev fields used for the set of fields LAST.CLASS.DATE to REASON</p>
        </desc>
</t>
<t>
<field>POST.PROV.LOSS</field>
<desc>
            <p> Field to hold the posted provision adjustment amount for the "LOSS" category. </p>
            <p> During maturity or reversal of the provision, this amount will be reversed from LOSS category and the difference of the POST.PROV.AMT and POST.PROV.ADJUST will be reversed from PROFIT category when posting style set to "ADJUST". </p>            
            <p />
            <p>
                <p>Validation Rules:</p>
            </p>
            <p>   Noinput field. </p>
        </desc>
</t>
</menu>
</t24help>

