<?xml version="1.0" encoding="utf-8"?>
<t24help>
<header>
<product>PV</product>
<table>PV.CUSTOMER.DETAIL.HIST</table>
</header>
<overview>
<ovdesc>

            <p>When the number of Previous history dates in PV.CUSTOMER.DETAIL has reached more than 31, then the data for the last 16 dates are kept in the Live Record and the oldest  previous fields  will be moved PV.CUSTOMER.DETAIL.HIST with a Sequence number. It is L type file</p>
        </ovdesc>
<ovimage></ovimage>
</overview>
<menu>
<t>
<field>SEQ.NO</field>
<desc>
            <p>Latest Sequence Number that is used to create PV.CUSTOMER.DETAIL.HIST</p>
        </desc>
</t>
<t>
<field>PROFILE.ID</field>
<desc>
        </desc>
</t>
<t>
<field>PR.AUTO.CLASS</field>
<desc>
            <p>Previous automatic classification. </p>
            <p>Fields from PR.CLASS.DTE to PR.REASON are prev fields used for the set of fields LAST.CLASS.DATE to REASON</p>
            <p />
            <p>
                <p>Validation Rules:</p>
            </p>
            <p>   Noinput field. </p>
            <p />
        </desc>
</t>
<t>
<field>PR.REASON</field>
<desc>
            <p>Reason that was given to the previous manual classification</p>
            <p />
            <p>
                <p>Validation Rules:</p>
            </p>
            <p>   Noinput field. </p>
            <p />
        </desc>
</t>
<t>
<field>REASON</field>
<desc>
            <p>Reason given to the manual input of classification</p>
            <p />
        </desc>
</t>
<t>
<field>OVERRIDE</field>
<desc>
            <p>System generated Overrides are stored here.</p>
        </desc>
</t>
<t>
<field>PR.CLASS.DTE</field>
<desc>
            <p>Previous Classification date. Fields from PR.CLASS.DTE to PR.REASON are prev fields used for the set of fields LAST.CLASS.DATE to REASON. </p>
            <p />
            <p>
                <p>Validation Rules:</p>
            </p>
            <p>   Noinput field. </p>
            <p />
        </desc>
</t>
<t>
<field>PR.MAN.CLASS</field>
<desc>
            <p>Previously inputted manual classification. Fields from PR.CLASS.DTE to PR.REASON are prev fields used for the set of fields LAST.CLASS.DATE to REASON</p>
        </desc>
</t>
<t>
<field>AUTO.CLASS</field>
<desc>
            <p>Field to hold the worst classification of the customer</p>
            <p>Updated by PV.CLASSIFICATION job</p>
            <p />
            <p>
                <p>Validation Rules:</p>
            </p>
            <p>   NoInput Field</p>
            <p>   Valid record to PV.LOAN.CLASSIFICATION</p>
        </desc>
</t>
<t>
<field>CUSTOMER.DETAIL.ID</field>
<desc>
            <p>Id Format as CUSTOMER number ; YY</p>
            <p />
            <p>where XXXX is the valid CUSTOMER record Id and YY is the SEQ.NO.</p>
            <p />
            <p />
        </desc>
</t>
<t>
<field>LAST.CLASS.DATE</field>
<desc>
            <p>The date on which the last Classification for that contract </p>
            <p />
            <p>
                <p>Validation Rules:</p>
            </p>
            <p>   Noinput field. </p>
        </desc>
</t>
<t>
<field>MANAGEMENT.ID</field>
<desc>
            <p>The link to PV.MANAGEMENT record used for the classification</p>
        </desc>
</t>
<t>
<field>SEQUENCE.DATE</field>
<desc>
            <p>The date after which the details are moved from Prev fields to PV.CUSTOMER.DETAIL.HIST</p>
        </desc>
</t>
<t>
<field>MANUAL.CLASS</field>
<desc>
            <p>To allow input of a Classification manually, this will override the value in AUTO.CLASS. </p>
            <p />
            <p>
                <p>Validation Rules:</p>
            </p>
            <p>  Valid record from PV.LOAN.CLASSIFICATION</p>
        </desc>
</t>
</menu>
</t24help>

