<?xml version="1.0" encoding="utf-8"?>
<t24help>
<header>
<product>PV</product>
<table>PV.LOAN.CLASSIFICATION</table>
</header>
<overview>
<ovdesc>

            <p>The Possible Classification defining the level of risk.</p>
        </ovdesc>
<ovimage></ovimage>
</overview>
<menu>
<t>
<field>LOAN.CLASSIFICATION.ID</field>
<desc>
            <p>The Possible Classification defining the level of risk. Its free string.</p>
        </desc>
</t>
<t>
<field>RANK</field>
<desc>
            <p>A unique numeric ranking. Maximum 3 numeric allowed.</p>
        </desc>
</t>
<t>
<field>LOCAL.REF</field>
<desc>
        <p>This is a multi valued field. Standard T24 alphanumeric field. </p>
        <p>
           <p>Validation Rules:</p>
        </p>
        <p> A maximum of 35 characters may be entered.</p>
    </desc>
</t>
<t>
<field>OVERRIDE</field>
<desc>
        <p>This is a multi valued field. </p>
        <p>Contains details of any override applicable to this record.</p>
        <p>
           <p>Validation Rules:</p>
        </p>
        <p> A maximum of 35 characters may be entered. This is a NOINPUT field.</p>
    </desc>
</t>
</menu>
</t24help>

