<?xml version="1.0" encoding="utf-8"?>
<t24help>
<header>
<product>PV</product>
<table>PV.MANAGEMENT</table>
</header>
<overview>
<ovdesc>

            <p>PV.MANAGEMENT is required to define the frequency for the Classification and the Provision Calculation process, and the selection of records to be processed.</p>
            <p />
            <p>The selection criteria is by Application, whereby a range of Category  or Product.Group (for AA), may be defined. There should be no duplication in the range selected.</p>
            <p />
            <p>Each Application is linked to a Classification rule (i.e.  a link to  the T24 Rules Engine),  or Classification API which will determine how a classification is derived for a contract.</p>
            <p />
            <p>Each range of contracts selected may be linked to :</p>
            <p>     i) A Provisioning profile (PV.PROFILE) to determine the Calculation method (IFRS or Standard Provision) and  Parameters. This means that a single contract can only have 1 type of provision allowed. You cannot do both IFRS and Standard Provision on the same contract</p>
            <p />
            <p>    ii) A classification level to define whether the classification for a contract applies or the worst classification for the Customer</p>
            <p />
            <p>The following will be allowed:</p>
            <p>     a) A single record 'SYSTEM'</p>
            <p>     b) To define the Frequency for the Classification process and Calculation process</p>
            <p>     c) A time delay is allowed for the Posting where, the provision will be calculated again and posted</p>
            <p />
            <p>The following will be allowed in the  next phase</p>
            <p>     a) Ad-hoc processing  </p>
            <p>     b) Filtering the Selection by Customer</p>
            <p />
        </ovdesc>
<ovimage></ovimage>
</overview>
<menu>
<t>
<field>CLASS.FREQUENCY</field>
<desc>
        <p>Holds the frequency at which the assets are to be classified. Classification Job, PV.CLASSIFICATION will run on this frequency if defined, else by considering JOB.FREQUENCY.</p>
        <p>Used when the classification frequency is different from the job frequency.</p>
        <p>   Validation Rules:</p>
        <p>
            <p value="1">   Non-Mandatory field</p>
            <p value="2">   Should not be same or greater than JOB.FREQUENCY</p>
            <p value="3">   Allowed frequencies are DAILY, BSNSS, WEEKLY, TWMTH and MONTHLY.</p>
        </p>
    </desc>
</t>
<t>
<field>LOCAL.REF</field>
<desc>
        <p>Field used to attach local fields. </p>
        <p>   Validation Rules:</p>
        <p>
            <p value="1">   Non-Mandatory field</p>
            <p value="2">   Local field has to be created in the table LOCAL.TABLE and need to attach it in table LOCAL.REF.TABLE. </p>
        </p>
    </desc>
</t>
<t>
<field>CUST.OPERAND</field>
<desc>
            <p>For future use.</p>
        </desc>
</t>
<t>
<field>CLASS.LEVEL</field>
<desc>
            <p>Dictates whether each loan's individual classification will be used for provisioning or whether a customer's worst classification of the loans in the job will be used for all of the loans in the job. </p>
            <p>This is the default setting if not defined at Application Level.</p>
            <p />
            <p>The Options are</p>
            <p />
            <p>LOAN :   If individual's classification is used</p>
            <p>CUSTOMER: If worst classification for customer is used</p>
            <p />
        </desc>
</t>
<t>
<field>CUSTOMER.FIELD</field>
<desc>
            <p>For future use.</p>
        </desc>
</t>
<t>
<field>CUST.VALUE</field>
<desc>
            <p>For future use.</p>
        </desc>
</t>
<t>
<field>JOB.FREQUENCY</field>
<desc>
            <p>Specifies a recurrence pattern for a scheduled job. Classification Job, PV.CLASSIFICATION will run on this frequency if CLASS.FREQUENCY is not defined. Based on the this, calculation and posting job will run.</p>
            <p>If CLASS.FREQUENCY is defined, then CLASS.FREQUENCY takes the precedence for arriving next frequency to perform classification job.</p>
            <p style="font-weight: bold;">Validation Rules:</p>
            <p>
                <p value="1">   Only MONTHLY fqu is allowed.</p>
            </p>
        </desc>
</t>
<t>
<field>PROFILE.ID</field>
<desc>
            <p>A link to the rules dictating the classification and provisioning calculations. </p>
            <p />
            <p>
                <p>Validation Rules:</p>
            </p>
            <p>    Should be a valid Id to PV.PROFILE.XREF</p>
            <p>    Based on the calculation date, latest record from PV.PROFILE will be used</p>
        </desc>
</t>
<t>
<field>DESCRIPTION</field>
<desc>
            <p>Description about the record</p>
        </desc>
</t>
<t>
<field>PV.MANAGEMENT.ID</field>
<desc>
            <p>The only value allowed at this time is 'SYSTEM'</p>
        </desc>
</t>
<t>
<field>PRODUCT</field>
<desc>
            <p>Identifies the products included in the provisioning process. Valid product should be given. </p>
            <p>PV module supported products are LD, MM, PD, AA, AC and SL.            </p>
        </desc>
</t>
<t>
<field>CLASS.RULE</field>
<desc>
            <p>The T24 rule which will determine the classification to assign to a contract</p>
            <p />
            <p>
                <p>Validation Rules:</p>
            </p>
            <p />
            <p>    Should be a valid Id  to the T24 Rules Engine(EB.RULE.GATEWAY)</p>
            <p />
        </desc>
</t>
<t>
<field>PRODUCT.LINE</field>
<desc>
            <p>AA Product line to include in selection. </p>
            <p />
            <p>
                <p>Validation Rules:</p>
            </p>
            <p />
            <p>    Should be Valid AA.PRODUCT.LINE record </p>
            <p>    Input allowed only if Product is 'AA'</p>
            <p>    Both PRODUCT.GRP and PRODUCT.LINE can not be inputted. Also mutually exclusive with CATEG.START and CATEG.END sub value fields</p>
            <p>    Associated with the fields from PRODUCT to PRODUCT.GRP</p>
        </desc>
</t>
<t>
<field>PRODUCT.GRP</field>
<desc>
            <p>AA Product Group to include in selection. </p>
            <p />
            <p>
                <p>Validation Rules:</p>
            </p>
            <p />
            <p>    Should be Valid AA.PRODUCT.GROUP record </p>
            <p>    Input allowed only if Product is 'AA'</p>
            <p>    Both PRODUCT.GRP and PRODUCT.LINE can not be inputted. Also mutually exclusive with CATEG.START and CATEG.END sub value fields</p>
            <p>    Associated with the fields from PRODUCT to PRODUCT.GRP</p>
        </desc>
</t>
<t>
<field>POSTING.TIMING</field>
<desc>
            <p>To indicate when Posting should be done                    </p>
            <p />
            <p>Options are,</p>
            <p>DELAY - It means there is a time lag between Calculation and Posting.                </p>
        </desc>
</t>
<t>
<field>POSTING.DELAY</field>
<desc>
            <p>Number of Working days.</p>
        </desc>
</t>
<t>
<field>JOB.RUN.DATE</field>
<desc>
            <p>For an ad-hoc job this is the only date the job will be run. </p>
        </desc>
</t>
<t>
<field>CATEG.END</field>
<desc>
            <p>The Category range end for the Application given in PRODUCT field. </p>
            <p>
                <p>Validation Rules:</p>
            </p>
            <p>    Should be a valid CATEGORY</p>
            <p>Should be a valid Category for the Product specified in field PRODUCT.</p>
            <p>    Input not allowed if Product is 'AA'</p>
            <p>    Both CATEG.START and CATEG.END should be inputted. but mutually exclusive with PRODUCT.GRP and PRODUCT.LINE sub value fields</p>
            <p>    There should be no duplication in the range selected</p>
            <p>    Associated with the fields from PRODUCT to PRODUCT.GRP</p>
            <p>For Product 'AC' allowed range is 1000 to 9999 only.</p>
        </desc>
</t>
<t>
<field>CATEG.START</field>
<desc>
            <p>The Category range start for the Application given in PRODUCT field. </p>
            <p>
                <p>Validation Rules:</p>
            </p>
            <p>
                <p value="1">    Should be a valid CATEGORY</p>
                <p value="2">Should be a valid Category for the Product specified in field PRODUCT.</p>
                <p value="3">    Input not allowed if Product is 'AA'</p>
                <p value="4">    Both CATEG.START and CATEG.END should be inputted. but mutually exclusive with PRODUCT.GRP and PRODUCT.LINE sub value fields</p>
                <p value="5">    There should be no duplication in the range selected</p>
                <p value="6">    Associated with the fields from PRODUCT to PRODUCT.GRP</p>
                <p value="7">For Product 'AC' allowed range is 1000 to 9999 only.</p>
            </p>
        </desc>
</t>
<t>
<field>CLASS.API</field>
<desc>
            <p>An API routine to calculate the classification of the loan.  This field is mutually exclusive with CLASSIFICATION.RULE</p>
            <p />
            <p>
                <p>Validation Rules:</p>
            </p>
            <p />
            <p>    Should be a valid EB.API</p>
            <p />
        </desc>
</t>
<t>
<field>CALC.POST.FREQ</field>
<desc>
            <p>Specifies the recurrence pattern for calculation and posting of provision.</p>
            <p>When this field is defined, Calculation and Posting of an asset will be performed daily irrespective of the frequency defined in JOB.FREQUENCY field.</p>
            <p />
            <p>
                <p>Validation Rules:</p>
            </p>
            <p />
            <p>    Only Business Frequency is allowed</p>
            <p />
        </desc>
</t>
</menu>
</t24help>

