<?xml version="1.0" encoding="utf-8"?>
<t24help>
<header>
<product>PV</product>
<table>PV.MANAGEMENT.CTRL</table>
</header>
<overview>
<ovdesc>

            <p>Live file to hold the status of the PV.MANAGEMENT record for each company sharing the file</p>
            <p>This file is updated on authorising PV.MANAGEMENT</p>
        </ovdesc>
<ovimage></ovimage>
</overview>
<menu>
<t>
<field>PV.MANAGEMENT.CTRL.ID</field>
<desc>
            <p>Format of the ID is PV.MANAGMENT.ID-COMPANY.ID</p>
        </desc>
</t>
<t>
<field>NEXT.CALC.DATE</field>
<desc>
            <p>The date on which next calculation will happen</p>
            <p>Classification job updates this date.</p>
        </desc>
</t>
<t>
<field>NEXT.CLASS.DATE</field>
<desc>
            <p>The date on which next classification will happen. </p>
            <p>Based on the frequency in PV.MANAGMENT this date is updated</p>
        </desc>
</t>
<t>
<field>NEXT.POST.DATE</field>
<desc>
            <p>The date on which next posting will happen</p>
            <p>Classification job updates this date</p>
        </desc>
</t>
</menu>
</t24help>

