<?xml version="1.0" encoding="utf-8"?>
<t24help>
<header>
<product>PV</product>
<table>PV.PROFILE</table>
</header>
<overview>
<ovdesc>

            <p>Application is required to define the parameters and method for the appropriate Provision calculation for each loan based upon the Classification applicable for a contract.</p>
            <p>It  will be held by date, it defines the parameters required for the Provisioning calculation, for  each  Provision type(i.e. the type of Balance), it defines :</p>
            <p>   1. type of calculation (IFRS or Standard Provisioning)</p>
            <p>   2. percentages used in process (IFRS or loan provisioning) for each classification, </p>
            <p>   3. balance to use, </p>
            <p>   4. use of collateral, </p>
            <p>   5. Type of accounting (group or contract), </p>
            <p>Linked to a PV.MANAGEMENT</p>
            <p>An additional PV.PROFILE.XREF is required to hold the list of dates held for the PV.PROFILE Id.</p>
            <p />
        </ovdesc>
<ovimage></ovimage>
</overview>
<menu>
<t>
<field>STD.PERCENT</field>
<desc>
            <p>The percentage to be calculated on the entire balance specified </p>
            <p>Percentage used when PROVISION.CALCULATION is 'PERCENTAGE'</p>
        </desc>
</t>
<t>
<field>LSS.GIVN.DEF</field>
<desc>
            <p>Loss given Default. Value in this field is considered as percentage</p>
            <p>3 digit numeric</p>
            <p>Percentage used when PROVISION.CALCULATION is 'IFRS'</p>
        </desc>
</t>
<t>
<field>DESCRIPTION</field>
<desc>
            <p>Description given to the record</p>
        </desc>
</t>
<t>
<field>DEAL.IMPAIR</field>
<desc>
            <p>Trigger to generate individual loan impairment. </p>
            <p>Possible Values are:</p>
            <p>AUTO - This is to impair the contract automatically</p>
            <p>MANUAL - This is if individual impairment will be done manually,  it will raise an IFRS.DATA.CAPTURE record in IHLD.</p>
            <p>Blank - Individual impairment is not required.</p>
            <p />
        </desc>
</t>
<t>
<field>PROV.CALC</field>
<desc>
            <p>Indicates whether the provision amount calculation will be done via a percentage (as specified in the following multivalue set), via IFRS cashflows, or via a user API routine. </p>
            <p>The possible values are:</p>
            <p>API:     If calculation is done through  an API</p>
            <p>IFRS:   If Calculation is done for IFRS provisioning </p>
            <p>PERCENTAGE:   If Calculation is done for Loan Provisioning</p>
            <p />
        </desc>
</t>
<t>
<field>SEC.PERCENT</field>
<desc>
            <p>Help Text for this field is unavailable.  Please refer to the T24 User Guides for further information.</p>
        </desc>
</t>
<t>
<field>IMPAIR.CODE</field>
<desc>
            <p>An impairment code required to generate individual impairment</p>
        </desc>
</t>
<t>
<field>LSS.ID.PER</field>
<desc>
            <p>Showing the Loss identification Period. Value in this field is considered as percentage. 3 digit numeric</p>
            <p>Percentage used when PROVISION.CALCULATION is 'IFRS'</p>
        </desc>
</t>
<t>
<field>PROV.TYPE</field>
<desc>
            <p>The T24 rule which will determine the classification to assign to a contract</p>
            <p>This  would a valid Id in the look up table  PV.PROVISION.TYPE</p>
            <p>This field is part of the  Mutl-value set of fields associated with the  following fields from PROVISION,CALCULATION to PROVISION.API</p>
            <p />
        </desc>
</t>
<t>
<field>PV.PROFILE.ID</field>
<desc>
            <p>ID is of the format Alphanumeric-DATE</p>
            <p />
            <p>Validation</p>
            <p>   First part of the ID should contain atleast 10 characters</p>
            <p>   Date can not be back dated. Also can not do amendment to a back dated record</p>
        </desc>
</t>
<t>
<field>POSTING.DETAILS</field>
<desc>
            <p>Valid record of IFRS.POSTING.DETAILS. ACCT.HEAD.TYPE, CATEGORY, Transaction code everything related to raising entries is defined here. </p>
            <p />
            <p>Validation </p>
            <p>   Mandatory field.</p>
            <p>   If Provision calculation is IFRS, then the record in posting details should have position type as 'IF' and ACCT.HEAD.TYPE as 'PROVISION' </p>
            <p>   Otherwise for provision calculation PERCENTAGE, then the record in posting details should have position type as 'TR' and ACCT.HEAD.TYPE as 'PROVISION' </p>
        </desc>
</t>
<t>
<field>SOURCE.BALANCE</field>
<desc>
            <p>The balance used to calculate the provision amount.  This can be either an individual balance or a virtual balance (e.g. TOTALPRINCIPAL). </p>
            <p>AC.BALANCE.TYPE</p>
            <p>Input not allowed if PROVISION.CALCULATION is ‘IFRS’</p>
            <p />
        </desc>
</t>
<t>
<field>DEF.PROB</field>
<desc>
            <p>Probability of default. Value in this field is considered as percentage</p>
            <p>3 digit numeric</p>
            <p>Percentage used when PROVISION.CALCULATION is 'IFRS'</p>
        </desc>
</t>
<t>
<field>PROV.API</field>
<desc>
            <p>An API routine to calculate the provision amount.  This field only applies if PROVISION.CALCULATION is API. </p>
        </desc>
</t>
<t>
<field>ACCOUNTING</field>
<desc>
            <p>Indicates whether the provision amount (which has been calculated and recorded) should be accounted for.</p>
            <p />
            <p>DEAL: To Raise Accounting at Individual Level</p>
            <p />
        </desc>
</t>
<t>
<field>CLASS</field>
<desc>
            <p>This multi-valued set of fields is used to specify the provisioning percentage to be applied to an contract based upon its classification or the customer level classification (in the case of a multi loan classification configuration). </p>
            <p>Valid Id of PV.LOAN.CLASSIFICATION</p>
            <p />
        </desc>
</t>
<t>
<field>COLLATERAL.USE</field>
<desc>
            <p>Help Text for this field is unavailable.  Please refer to the T24 User Guides for further information.</p>
        </desc>
</t>
<t>
<field>COLLATERAL.VALUE</field>
<desc>
            <p>Help Text for this field is unavailable.  Please refer to the T24 User Guides for further information.</p>
        </desc>
</t>
<t>
<field>LOCAL.REF</field>
<desc>
        <p>This is a multi valued field. Standard T24 alphanumeric field. </p>
        <p>
           <p>Validation Rules:</p>
        </p>
        <p> A maximum of 35 characters may be entered.</p>
    </desc>
</t>
<t>
<field>OVERRIDE</field>
<desc>
        <p>This is a multi valued field. </p>
        <p>Contains details of any override applicable to this record.</p>
        <p>
           <p>Validation Rules:</p>
        </p>
        <p> A maximum of 35 characters may be entered. This is a NOINPUT field.</p>
    </desc>
</t>
</menu>
</t24help>

