<?xml version="1.0" encoding="utf-8"?>
<t24help>
<header>
<product>PV</product>
<table>PV.PROFILE.XREF</table>
</header>
<overview>
<ovdesc>

            <p>Reference data table file to PV.PROFILE.</p>
        </ovdesc>
<ovimage></ovimage>
</overview>
<menu>
<t>
<field>PROFILE.DATES</field>
<desc>
            <p>The List of dates for which there is a record in PV.PROFILE.</p>
        </desc>
</t>
<t>
<field>PV.PROFILE.XREF.ID</field>
<desc>
            <p>Its a Alphanumeric  XXXX. Where XXXX is non date part of the record Key to PV.PROFILE file.</p>
        </desc>
</t>
</menu>
</t24help>

