<t24help>
  <header>
    <product>USREGS</product>
    <title>US State</title>
    <table>US.STATE</table>
  </header>
  <overview>
    <ovdesc>
      <p>The table will store all US States</p>
      <p></p>
    </ovdesc>
    <ovimage>
    </ovimage>
  </overview>
  <menu>
    <t>
      <field>DESCRIPTION</field>
      <desc>
        <p>The field will have the name of the US State.</p>
      </desc>
    </t>
    <t>
      <field>IRS.CODE</field>
      <desc>
		<p>Shows the IRS code of the State</p>
		<p>Max 2 numeric characters</p>
      </desc>
    </t>
  </menu>
</t24help>