﻿<t24help>
  <header>
    <product>USREGS</product>
    <title>The table is used to store customer's Pay In and Pay Out beneficiary details</title>
    <table>USREGS.ACH.BEN.DETAILS</table>
  </header>
  <overview>
    <ovdesc>
      <p>This local table contains the beneficiary details.</p>
    </ovdesc>
    <ovimage>
    </ovimage>
  </overview>
  <menu>
    <t>
      <field>DESCRIPTION</field>
      <desc>
        <p>Description</p>
	<p>1-35 Alpha Numeric</p>
        <p>This field corresponds to the description of the beneficiary details.</p>
      </desc>
    </t>
	<t>
      <field>CUSTOMER</field>
      <desc>
        <p>Customer Number.</p>
	<p>1-10 Valid T24 Customer Id</p>
        <p>This field corresponds to the T24 Customer id for which the beneficiary details are to be inputted.</p>
      </desc>
    </t>
    <t>
      <field>PAYIN.BEN.NAME</field>
      <desc>
        <p>PayIn Beneficiary Name</p>
	<p>1-22 Alphabetic Character</p>
        <p>This field corresponds to the Beneficiary Name for the pay in account.</p>
      </desc>
    </t>
	<t>
      <field>PAYIN.BEN.ACCT</field>
      <desc>
        <p>PayIn Beneficiary Account.</p>
	<p>1-17 Numeric</p>
        <p>This field corresponds to the customer’s account number maintained in other bank. Only numeric values can be entered.</p>
      </desc>
    </t>
    <t>
      <field>PAYIN.BEN.ABA</field>
      <desc>
        <p>PayIn Beneficiary ABA</p>
	<p>1-9 Numeric</p>
        <p>This field corresponds to the routing number for the bank. It should be a nine digit number. This field should be a mandatory field if any value given in the beneficiary account field.</p>
      </desc>
    </t>
	<t>
      <field>PAYIN.PAY.TYPE</field>
      <desc>
        <p>PayIn Pay Type.</p>
	<p>1-15 Alphanumeric</p>
        <p>This field corresponds to the the type of Beneficiary account maintained at the other bank and also determines the credit/ debit. User can select the values from the dropdown list.</p>
	<p>22 – Checking credit</p>
	<p>27 – Checking debit</p>
	<p>32 – Savings credit</p>
	<p>37 – Savings debit</p>
	<p>52 – Loan credit</p>
      </desc>
    </t>
    <t>
      <field>PAYOUT.BEN.NAME</field>
      <desc>
        <p>PayOut Beneficiary Name</p>
	<p>1-22 Alphabetic Character</p>
        <p>This field corresponds to the Beneficiary Name for the pay out account.</p>
      </desc>
    </t>
	<t>
      <field>PAYOUT.BEN.ACCT</field>
      <desc>
        <p>PayOut Beneficiary Account.</p>
	<p>1-17 Numeric</p>
        <p>This field corresponds to the customer’s account number maintained in other bank. Only numeric values can be entered.</p>
      </desc>
    </t>
    <t>
      <field>PAYOUT.BEN.ABA</field>
      <desc>
        <p>PayOut Beneficiary ABA</p>
	<p>1-17 Numeric</p>
        <p>This field corresponds to the routing number for the bank. It should be a nine digit number. This field should be a mandatory field if any value given in the beneficiary account field.</p>
      </desc>
    </t>
	<t>
      <field>PAYOUT.PAY.TYPE</field>
      <desc>
        <p>PayOut Pay Type.</p>
	<p>1-22 Alphanumeric</p>
        <p>This field corresponds to the the type of Beneficiary account maintained at the other bank and also determines the credit/ debit. User can select the values from the dropdown list.</p>
	<p>22 – Checking credit</p>
	<p>27 – Checking debit</p>
	<p>32 – Savings credit</p>
	<p>37 – Savings debit</p>
	<p>52 – Loan credit</p>
      </desc>
    </t>
  </menu>
</t24help>