<t24help>
  <header>
    <product>USREGS</product>
    <title>Hold Details</title>
    <table>USREGS.HOLD.ELEMENTS</table>
  </header>
  <overview>
    <ovdesc>
      <p>This template is used to capture the transaction information of Teller which is again used to print on a deal slip.</p>
    </ovdesc>
    <ovimage>
    </ovimage>
  </overview>
  <menu>
    <t>
      <field>@ID</field>
      <desc>
        <p>It will be Valid Teller Transaction @id.</p>
	<p></p>
      </desc>
    </t>
    <t>
      <field>LARGE.DEPOSIT</field>
      <desc>
	<p>This field is used to indicate whether there is any large deposit done.</p>
      </desc>
    </t>
    <t>
      <field>NEW.ACCOUNT</field>
      <desc>
        <p>This field is used to indicate whether the Account used for transaction is New account or not.</p>
        <p></p>
        </desc>
    </t>
	<t>
      <field>REPEAT.OD</field>
      <desc>
        <p>This field is used to indicate whether the Account used for transaction is Repeated overdraft or not.</p>
        <p></p>
      </desc>
    </t>
<t>
      <field>STANDARD.HOLD</field>
      <desc>
        <p>This field will be set as YES when the default condition of the parameter table USREGS.REGULATION.PARAM is applied.</p>
        <p></p>
      </desc>
    </t>
	<t>
      <field>IMMEDIATE</field>
      <desc>
        <p>This field is used to intimate that how much amount is released immediately.</p>
	<p></p>
<p>Amount field</p>
	</desc>
    </t>
	<t>
      <field>AMOUNT1</field>
      <desc>
        <p>This field is used to indicate that how much amount is released when the transaction is done.</p>
	<p></p>
<p>Amount Field</p>
	</desc>
    </t>
	<t>
      <field>DATE1</field>
      <desc>
        <p>This field will have the date on which the transaction is done.</p>
	<p></p>
	<p>Date Field</p>
      </desc>
    </t>
	<t>
      <field>AMOUNT2</field>
      <desc>
        <p>The field is used to indicate that how much amount will be kept on hold.</p>
	<p></p>
	<p>T24 Amount Field</p>
      </desc>
    </t>
	<t>
      <field>DATE2</field>
      <desc>
        <p>This field will indicate the date that when the hold amount will get released.</p>
	<p></p>
<p>T24 Date Field</p>
	</desc>
    </t>
	<t>
      <field>ACC.NEXT</field>
      <desc>
        <p>This field is used to intimate the user that how much amount is next available to the customer.</p>
	<p></p>
	<p>T24 Amount Field</p>
	</desc>
    </t>
      
  </menu>
</t24help>