<t24help>
  <header>
    <product>USREGS</product>
    <title>Regulation Parameter</title>
    <table>USREGS.REGULATION.PARAM</table>
  </header>
  <overview>
    <ovdesc>
      <p>This table is used to define the parameter records for Regulation CC, Regulation E, Regulation DD, Regulation E ,BNotices and Customer Escheat</p>
    </ovdesc>
    <ovimage>
    </ovimage>
  </overview>
  <menu>
    <t>
      <field>@ID</field>
      <desc>
        <p>Should be a valid US Regulations</p>
	<p>Validation Rules</p>
	<P></P>
	<P>There should be a record in EB.LOOKUP for Valid US regulations.</P>
      </desc>
    </t>
    <t>
      <field>DESCRIPTION</field>
      <desc>
	<p>This is to describe the purpose of the condition</p>
      </desc>
    </t>
    <t>
      <field>CALENDAR</field>
      <desc>
        <p>Should be a valid record id from the HOLIDAY application determining which calendar logic should be referred to determine the working /business days for hold condition.</p>
        <p></p>
        <p>Validation Rules</p>
<p></p>
<p>Optional input, Drop down values from the HOLIDAY table.</p>
      </desc>
    </t>
	<t>
      <field>EXPIRY.DATE</field>
      <desc>
        <p></p>
        <p>This field helps to indicate the Expiry Date for the hold condition of an Account. Any hold placed for that Account after this expiry date will be considered as the new condition or it will default SYSTEM/ Customer hold condition.</p>
<p></p>
<p>Validation Rules</p>
<p></p>
<p>Optional input. Standard date format.</p>
      </desc>
    </t>
	<t>
      <field>NEW.ACCT.PERIOD</field>
      <desc>
        <p>Number of days till which the account is considered as a new account.</p>
	<p></p>
	<p>Validation Rules</p>
	<p></p>
	<p>1-2 Numeric Characters, Optional Input.</p>
      </desc>
    </t>
	<t>
      <field>OD.THRESHOLD</field>
      <desc>
        <p>This would determine number of time repeated overdraft occurred for an account as parameterized in the field OD.TIME.PERIOD.</p>
	<p></p>
<p>Validation Rules</p>
<p></p>
<p>1-2 Numeric Characters, Optional Input</p>
	</desc>
    </t>
	<t>
      <field>OD.TIME.PERIOD</field>
      <desc>
        <p>This field specifies the number of days after which an account has to be considered as overdrawn (OD) account.</p>
	<p></p>
	<p>Validation Rules</p>
	<p></p>
	<p>1-2 Numeric Characters, Optional Input.</p>
      </desc>
    </t>
	<t>
      <field>AVAIL.AMOUNT</field>
      <desc>
        <p>This field indicates the amount that will be available for immediate withdrawal for the customer.</p>
	<p></p>
	<p>Validation Rules</p>
	<p></p>
	<p>Up to 14 characters plus a decimal point (Standard Amount Format) - type AMT. (Optional input)</p>
      </desc>
    </t>
	<t>
      <field>AVAIL.METHOD</field>
      <desc>
        <p>This field helps to choose the method of withdrawal for the Customer.</p>
	<p></p>
<p>If the value is selected as IMMEDIATE, then the amount given in the field AVAIL.AMOUNT will be immediately available to the Customer.</p>
<p>If the value is selected as NEXTDAY, then the amount given in the field AVAIL.AMOUNT will be available next day to the Customer.</p>
<p></p>
<p>Validation Rules</p>
<p></p>
<p>Radio Button: Immediate, Next Day and Default Value - None.</p>
	</desc>
    </t>
	<t>
      <field>CHECK.TYPE</field>
      <desc>
        <p>This field would determine the type of check deposit. For any new type of check, create a record in EB.LOOKUP application.</p>
	<p></p>
	<p>Validation Rules</p>
	<p>Multi value set, drop down with values Local, Non-Local, Next Day, On-Us and Government.</p>
	</desc>
    </t>
	<t>
      <field>CURRENCY</field>
      <desc>
        <p>The currency for which the hold condition is being created for an account.</p>
	<p></p>
	<p>Validation Rules</p>
	<p></p>
	<p>Valid record in the CURRENCY table.</p>
	</desc>
    </t>
	<t>
      <field>AMT.LESS.OR.EQ</field>
      <desc>
        <p>Shows the threshold amount to be considered as Small deposit, for which HOLD.DAYS1 condition would be applied.</p>
	<p></p>
	<p>Validation Rules</p>
	<p></p>
	<p>1-14 characters plus a decimal point (Standard Amount Format) type AMOUNT. (Optional input)</p>
	</desc>
    </t>
	<t>
      <field>HOLD.DAYS1</field>
      <desc>
        <p>This field indicates the number of days for hold condition for (small deposit) check amount which is lesser than AMT.LESS.OR.EQ value.</p>
	<p></p>
	<p>Validation Rules</p>
	<p></p>
	<p>1-2 Numeric Characters, Optional Input, No default values.</p>
	</desc>
    </t>
	<t>
      <field>AMT.GREATER</field>
      <desc>
        <p>This field indicates the threshold amount to be considered as large deposit, for which HOLD.DAYS2 condition would be applied.</p>
<p></p>
	<p>Validation Rules</p>
<p></p>
	<p>Up to 14 characters plus a decimal point (Standard Amount Format) - type AMOUNT. (Optional input)</p>
	</desc>
    </t>
	<t>
      <field>HOLD.DAYS2</field>
      <desc>
        <p>This field indicates the number of days for hold condition for (large deposit) check amount which is greater than AMT.GREATER values.</p>
	<p></p>
	<p>Validation Rules</p>
	<p></p>
	<p>1-2 Numeric Characters, Optional Input, No default values.</p>
	</desc>
    </t>

<t>
<field>RESERVED.23</field>
<desc>
<p>Reserve Fields</p>
</desc>
</t>

<t>
<field>RESERVED.22</field>
<desc>
<p>Reserve Fields</p>
</desc>
</t>

<t>
<field>RESERVED.21</field>
<desc>
<p>Reserve Fields</p>
</desc>
</t>

<t>
        <field>STATE</field>
        <desc>
        <p>Reserved for Regulation P development</p>
        </desc>
    </t>
<t>
        <field>ST.PRIVACY.STATUS</field>
        <desc>
        <p>Reserved for Regulation P development</p>
        </desc>
    </t>
<t>
<field>RESERVED.20</field>
<desc>
<p>Reserve Fields</p>
</desc>
</t>

<t>
<field>RESERVED.19</field>
<desc>
<p>Reserve Fields</p>
</desc>
</t>

<t>
<field>RESERVED.18</field>
<desc>
<p>Reserve Fields</p>
</desc>
</t>

<t>
        <field>BRANCH</field>
        <desc>
        <p>Reserved for Regulation P development</p>
        </desc>
    </t>

<t>
<field>RESERVED.17</field>
<desc>
<p>Reserve Fields</p>
</desc>
</t>

<t>
<field>RESERVED.16</field>
<desc>
<p>Reserve Fields</p>
</desc>
</t>


<t>
<field>RESERVED.15</field>
<desc>
<p>Reserve Fields</p>
</desc>
</t>

<t>
        <field>BR.PRIVACY.STATUS</field>
        <desc>
        <p>Reserved for Regulation P development</p>
        </desc>
    </t>

	<t>
      <field>THRESHOLD.AMT</field>
      <desc>
      <p>Reserved for CTR development</p>
      </desc>
    </t>
	
      <t>
      <field>EXEMPT.PERIOD</field>
      <desc>
        <p>Reserved for CTR development</p>
      </desc>
    </t>

	<t>
      <field>REL.CODE</field>
      <desc>
        <p>Reserved for CTR development.</p>
      </desc>
    </t>
         
	<t>
        <field>W9.PERIOD</field>
        <desc>
        <p>This field is used to indicate the number of days within which the form W9 has to be submitted for TIN/SSN certification.</p>
        <p></p>
	<p>Validation Rules</p>
	<p></p>
	<p>Optional Input, 1-4 numeric characters</p>
        </desc>
    </t>

         <t>
        <field>W8.BEN.PERIOD</field>
        <desc>
        <p>This field denotes the allowed number of days for a foreign customer to be exempted from withholding the tax.</p>
         <p></p>
	<p>Validation Rules</p>
	<p></p>
	<p>Optional Input, 1-4 numeric characters</p>
        </desc>
    </t>

         <t>
        <field>BNOTICE.PERIOD</field>
        <desc>
        <p>This field is used to indicate number of days within which the customer has to submit the revised TIN/SSN information received from the IRS department. </p>
        <p>The END.DATE will be defaulted in CUST.DOCUMENT application based on this field.</p>
       <p></p>
	<p>Validation Rules</p>
	<p></p>
	<p>Optional Input, 1-4 numeric characters</p>
        </desc>
     </t>

<t>
        <field>SECTOR</field>
        <desc>
        <p>Reserved for Regulation O development</p>
        </desc>
     </t>

<t>
        <field>TRANSACTION</field>
        <desc>
        <p>This field will have valid transaction codes used for regulations which is part of id.</p>
	<p></p>
	<p>Validation Rules</p>
	<p></p>
	<p>Valid record in the TRANSACTION table.</p>
        </desc>
     </t>

<t>
        <field>REGCC.CHECK.TYPE</field>
        <desc>
        <p>This field would determine the type of check deposit. For any new type of check, create a record in EB.LOOKUP application.</p>
	<p></p>
	<p>Validation Rules</p>
	<p>Multi value set, drop down with values Local, Non-Local, Next Day, On-Us and Government.</p>
        </desc>
     </t>

<t>
<field>RESERVED.8</field>
<desc>
<p>Reserve Fields</p>
</desc>
</t>

<t>
<field>RESERVED.7</field>
<desc>
<p>Reserve Fields</p>
</desc>
</t>

<t>
<field>RESERVED.6</field>
<desc>
<p>Reserve Fields</p>
</desc>
</t>

<t>
        <field>CATEGORY</field>
        <desc>
        <p>This field will have valid category codes used for the regulations which is part of id.</p>
<p></p>
	<p>Validation Rules</p>
	<p></p>
	<p>Valid record in the CATEGORY table.</p>
        </desc>
     </t>

		 <t>
			<field>ALLOWED.SECTOR</field>
			<desc>
			<p>This field is used to input the Sectors types of the customer to whom the notification letter should be generated.</p>
			<p>validation Rule : 1-4 numeric character Sector code.It can be 'ALL' or a valid code on the SECTOR table.Multi-value field</p>
			</desc>
			
		 </t>
		 <t>
			<field>EXCLUDED.SECTOR</field>
			<desc>
			<p>This field is used to input the sector types of the customer to whom the notification letter should be excluded</p>
			<p>validation Rule : 1-4 numeric character Sector code.It can be 'ALL' or a valid code on the SECTOR table.Multi-value field</p>

		  </desc>
			
		 </t>
		 <t>
			<field>EXCL.AA.PRODUCT</field>
			<desc>
			<p>This field is used to define the valid AA products that should be excluded from Customer Escheat</p>
			<p>validation Rule : Alphanumeric 1-20 character Valid ID from AA.PRODUCT</p>

		  </desc>
			
		 </t>

		 <t>
			<field>POSTING.RESTRICT</field>
			<desc>
			<p>This field is used to define the valid Posting Restrict that should be used for Escheat Customer </p>
			<p>validation Rule : 1 to 4 numeric characters Posting Restriction code, based on EB.OBJECT Valid ID from POSTING.RESTRICT</p>

		  </desc>
			
		 </t>
<t>
<field>PRE.NOTICE.DAYS</field>
<des>
<p>The field is used to specify the number of days in advance for generation of pre notice. </p>
<p>Validation Rules:</p>
<p>Manual Input. Mandatory for Regulation E record.</p>
<p>4 Alpha numeric characters.</p>
</des>
</t>
<t>

<field>CUST.INACTIV.MONTHS</field>
<desc>
<p>Define the No of Inactive months to set Customer to Escheat status</p>
<p>Validation Rule:</p>
<p>Numeric 1-15 digits</p>
</desc>
</t>

<t>
<field>PRIVACY.STATUS</field>
<desc><p>To flag a customer whether to opt in for the Privacy status or not</p>
<p>Validation Rules:</p><p>It can be either Opt-In or Opt-Out</p>
</desc>
</t>

<t>
<field>RESERVED.1</field>
<desc>
<p>Reserve Fields</p>
</desc>
</t>

  </menu>
</t24help>



