<?xml version="1.0" encoding="utf-8"?>
<t24help xmlns:xsi="http://www.w3.org/2001/XMLSchema-instance">
	<header>
		<product>USREGS</product>
		<table>USREGS.IRS.TAX.DETAILS</table>
	</header>
	<overview>
	<ovdesc>
		<p>This Table holds the manual capture details.</p>
	</ovdesc>
	</overview>
	<menu>
	<t>
		<field>@ID</field>
		<desc>
			<p>Shows the @ID for the manual input of tax details</p>
			<p>Max 19 alphanumeric characters</p>
			<p>@ID format can be combination of <customer>*<formtype>*<year>*<Arrangement Id>*<distribution code>*<seq.no></p>
		</desc>
	</t>
	<t>
		<field>DEPOSIT.INCOME</field>
		<desc>
			<p>Shows the Deposit Income or Interest income not included in BOND.INTEREST field</p>
			<p>Optional field</p>
			<p>Max 19 AMOUNT field</p>
		</desc>
	</t>
	<t>
		<field>AMOUNT.REPAID</field>
		<desc>
			<p>Shows if there is any Amount Repaid</p>
			<p>Optional field</p>
			<p>Max 19 AMOUNT field</p>
		</desc>
	</t>
	<t>
		<field>FEDERAL.WHT</field>
		<desc>
			<p>US Federal income tax withheld backup withholding or withholding on Indian gaming profits</p>
			<p>Optional field</p>
			<p>Max 19 AMOUNT field</p>
		</desc>
	</t>
	<t>
		<field>OTHER.WHT</field>
		<desc>
			<p>Shows any amount withheld by other agents</p>
			<p>Optional field</p>
			<p>Max 19 AMOUNT field</p>
		</desc>
	</t>
	<t>
		<field>STATE.INCOME.TAX</field>
		<desc>
			<p>Shows the State Income tax amount</p>
			<p>Optional field</p>
			<p>Max 19 AMOUNT field</p>
		</desc>
	</t>
	<t>
		<field>WITHDRAW.PENALTY</field>
		<desc>
			<p>Shows if there is any Early withdrawal penalty</p>
			<p>Optional field</p>
			<p>Max 19 AMOUNT field</p>
		</desc>
	</t>
	<t>
		<field>BOND.INTEREST</field>
		<desc>
			<p>Interest on U.S. Savings Bonds and Treasury obligations</p>
			<p>Optional field</p>
			<p>Max 19 AMOUNT field</p>
		</desc>
	</t>
	<t>
		<field>INVEST.EXPENSE</field>
		<desc>
			<p>Shows the Investment expenses occurred for the product</p>
			<p>Optional field</p>
			<p>Max 19 AMOUNT field</p>
		</desc>
	</t>
	<t>
		<field>FOREIGN.TAX.PAID</field>
		<desc>
			<p>Shows any foreign tax paid </p>
			<p>Optional field</p>
			<p>Max 19 AMOUNT field</p>
		</desc>
	</t>	
	<t>
		<field>TAX.EXEMPT.INT</field>
		<desc>
			<p>Displays the tax exempt interest Exempt Interest Dividends</p>
			<p>Optional field</p>
			<p>Max 19 AMOUNT field</p>
		</desc>
	</t>
	<t>
		<field>PRIVATE.ACT.BOND</field>
		<desc>
			<p>Specified Private Activity Bond</p>
			<p>Specified Private Activity Bond Interest Dividend</p>
			<p>Optional field</p>
			<p>Max 19 AMOUNT field</p>
		</desc>
	</t>
	<t>
		<field>ISSUE.DISCOUNT</field>
		<desc>
			<p>Shows the Original Issue Discount amount for the year</p>
			<p>Optional field</p>
			<p>Max 19 AMOUNT field</p>
		</desc>
	</t>
	<t>
		<field>OTHER.PERIOD.INT</field>
		<desc>
			<p>Shows any other periodic interest</p>
			<p>Optional field</p>
			<p>Max 19 AMOUNT field</p>
		</desc>
	</t>
	<t>
		<field>OID.BOND.INTEREST</field>
		<desc>
			<p>Shows the OID on US treasury obligations</p>
			<p>Optional field</p>
			<p>Max 19 AMOUNT field</p>
		</desc>
	</t>
	<t>
		<field>GROSS.DISTRIB</field>
		<desc>
			<p>Shows Gross Distribution amount</p>
			<p>Optional field</p>
			<p>Max 19 AMOUNT field</p>
		</desc>
	</t>
	<t>
		<field>PROFIT.LOSS</field>
		<desc>
			<p>Shows any Earnings or Loss occurred for the year</p>
			<p>Optional field</p>
			<p>Max 19 AMOUNT field</p>
		</desc>
	</t>
	<t>
		<field>BASIS</field>
		<desc>
			<p>Show Basis amount</p>
			<p>Optional field</p>
			<p>Max 19 AMOUNT field</p>
		</desc>
	</t>
	<t>
		<field>TAXABLE.AMT</field>
		<desc>
			<p>Shows the Taxable amount for the product</p>
			<p>Optional field</p>
			<p>Max 19 AMOUNT field</p>
		</desc>
	</t>
	<t>
		<field>CAPITAL.GAIN</field>
		<desc>
			<p>Shows the ant Capital gain included in Amount Code 2</p>
			<p>Optional field</p>
			<p>Max 19 AMOUNT field</p>
		</desc>
	</t>
	<t>
		<field>ROTH.EMP.CONTRIB</field>
		<desc>
			<p>Shows the yearly Employee contributions for Roth contributions or insurance premiums</p>
			<p>Optional field</p>
			<p>Max 19 AMOUNT field</p>
		</desc>
	</t>
	<t>
		<field>NET.UNREAL.PROFT</field>
		<desc>
			<p>Net unrealized appreciation on in employer’s securities</p>
			<p>Optional field</p>
			<p>Max 19 AMOUNT field</p>
		</desc>
	</t>
	<t>
		<field>OTHER.IRA</field>
		<desc>
			<p>Other IRA amount details</p>
			<p>Optional field</p>
			<p>Max 19 AMOUNT field</p>
		</desc>
	</t>
	<t>
		<field>TOTAL.EMP.CONTRI</field>
		<desc>
			<p>Shows the Total employee contributions made for a financial year</p>
			<p>Optional field</p>
			<p>Max 19 AMOUNT field</p>
		</desc>
	</t>
	<t>
		<field>IRA.DISTRIB</field>
		<desc>
			<p>Shows the amount which distributed to the customers from Traditional IRA/SEP/SIMPLE distribution or Roth Conversion </p>
			<p>Optional field</p>
			<p>Max 19 AMOUNT field</p>
		</desc>
	</t>
	<t>
		<field>AMOUNT.IRR</field>
		<desc>
			<p>Amount allocable to IRR within 5 years</p>
			<p>Optional field</p>
			<p>Max 19 AMOUNT field</p>
		</desc>
	</t>
	<t>
		<field>OTHER.IRA.CONTRI</field>
		<desc>
			<p>Any IRA contributions other than amounts in Amount Codes 2, 3, 4, 8, 9, and A, C, and D. </p>
			<p>Optional field</p>
			<p>Max 19 AMOUNT field</p>
		</desc>
	</t>
	<t>
		<field>ROLLOVER.CONTRI</field>
		<desc>
			<p>Shows any Rollover contributions made to the IRA for a year</p>
			<p>Optional field</p>
			<p>Max 19 AMOUNT field</p>
		</desc>
	</t>
	<t>
		<field>ROTH.CONV.AMT</field>
		<desc>
			<p>Roth conversion amount made to the IRA for a year</p>
			<p>Optional field</p>
			<p>Max 19 AMOUNT field</p>
		</desc>
	</t>
	<t>
		<field>RECHAR.CONTRIB</field>
		<desc>
			<p>Displays Recharacterized contributions amount made to the IRA for a year</p>
			<p>Optional field</p>
			<p>Max 19 AMOUNT field</p>
		</desc>
	</t>
	<t>
		<field>AC.FAIR.VALUE</field>
		<desc>
			<p>Fair market value of account</p>
			<p>Fair market value of property</p>
			<p>Optional field</p>
			<p>Max 19 AMOUNT field</p>
		</desc>
	</t>
	<t>
		<field>LIFE.INS.COST</field>
		<desc>
			<p>Life insurance cost included in Amount Code 1</p>
			<p>Optional field</p>
			<p>Max 19 AMOUNT field</p>
		</desc>
	</t>
	<t>
		<field>SEP.CONTRIB</field>
		<desc>
			<p>Shows the amount which is contributed to SEP IRA</p>
			<p>Optional field</p>
			<p>Max 19 AMOUNT field</p>
		</desc>
	</t>
	<t>
		<field>SIMPLE.CONTRIB</field>
		<desc>
			<p>Shows the contributions amount made to the SIMPLE IRA accounts</p>
			<p>Optional field</p>
			<p>Max 19 AMOUNT field</p>
		</desc>
	</t>
	<t>
		<field>ROTH.CONTRIB</field>
		<desc>
			<p>Shows the contributions amount made to the ROTH IRA accounts</p>
			<p>Optional field</p>
			<p>Max 19 AMOUNT field</p>
		</desc>
	</t>
	<t>
		<field>IRA.RMD</field>
		<desc>
			<p>Display the amount which is eligible as RMD for an IRA holder.</p>
			<p>Optional field</p>
			<p>Max 19 AMOUNT field</p>
		</desc>
	</t>
	<t>
		<field>POSTPONE.CONTRI</field>
		<desc>
			<p>Postponed Contribution amount if any</p>
			<p>Optional field</p>
			<p>Max 19 AMOUNT field</p>
		</desc>
	</t>
	<t>
		<field>IRA.REPAY</field>
		<desc>
			<p>Displays the repayment amount if any</p>
			<p>Optional field</p>
			<p>Max 19 AMOUNT field</p>
		</desc>
	</t>
	<t>
		<field>ESA.CONTRIB</field>
		<desc>
			<p>Coverdell ESA contributions</p>
			<p>Optional field</p>
			<p>Max 19 AMOUNT field</p>
		</desc>
	</t>
	<t>
		<field>ESA.ROLL.CONTRIB</field>
		<desc>
			<p>Rollover Contributions</p>
			<p>Optional field</p>
			<p>Max 19 AMOUNT field</p>
		</desc>
	</t>
	<t>
		<field>ORD.DIVIDEND</field>
		<desc>
			<p>Total ordinary dividends</p>
			<p>Optional field</p>
			<p>Max 19 AMOUNT field</p>
		</desc>
	</t>
	<t>
		<field>QUALFIED.DIVDEND</field>
		<desc>
			<p>Qualified dividends</p>
			<p>Optional field</p>
			<p>Max 19 AMOUNT field</p>
		</desc>
	</t>
	<t>
		<field>CAPTL.G.DISTR</field>
		<desc>
			<p>Total capital gain distribution</p>
			<p>Optional field</p>
			<p>Max 19 AMOUNT field</p>
		</desc>
	</t>
	<t>
		<field>SEC.1250.GAIN</field>
		<desc>
			<p>Unrecaptured Section 1250 gain</p>
			<p>Optional field</p>
			<p>Max 19 AMOUNT field</p>
		</desc>
	</t>
	<t>
		<field>SEC.1202.GAIN</field>
		<desc>
			<p>Section 1202 gain</p>
			<p>Optional field</p>
			<p>Max 19 AMOUNT field</p>
		</desc>
	</t>
	<t>
		<field>COLLECTIBLE.GAIN</field>
		<desc>
			<p>Collectibles (28% rate) gain</p>
			<p>Optional field</p>
			<p>Max 19 AMOUNT field</p>
		</desc>
	</t>
	<t>
		<field>NONDIV.DISTRIB</field>
		<desc>
			<p>Nondividend distributions</p>
			<p>Optional field</p>
			<p>Max 19 AMOUNT field</p>
		</desc>
	</t>
	<t>
		<field>CASH.DISTRIB</field>
		<desc>
			<p>Cash liquidation distributions</p>
			<p>Optional field</p>
			<p>Max 19 AMOUNT field</p>
		</desc>
	</t>
	<t>
		<field>NONCASH.DISTRIB</field>
		<desc>
			<p>Non-cash liquidation distributions</p>
			<p>Optional field</p>
			<p>Max 19 AMOUNT field</p>
		</desc>
	</t>
	<t>
		<field>MORTGAGE.INTREST</field>
		<desc>
			<p>Mortgage interest received from payer(s)/borrower(s)</p>
			<p>Optional field</p>
			<p>Max 19 AMOUNT field</p>
		</desc>
	</t>
	<t>
		<field>RESI.POINT.PAID</field>
		<desc>
			<p>Points paid on the purchase of a principal residence</p>
			<p>Optional field</p>
			<p>Max 19 AMOUNT field</p>
		</desc>
	</t>
	<t>
		<field>REFUND.INTEREST</field>
		<desc>
			<p>Refund or credit of overpaid interest</p>
			<p>Optional field</p>
			<p>Max 19 AMOUNT field</p>
		</desc>
	</t>
	<t>
		<field>INSURANCE.PREMIUM</field>
		<desc>
			<p>Mortgage Insurance Premium amount for the year</p>
			<p>Optional field</p>
			<p>Max 19 AMOUNT field</p>
		</desc>
	</t>
	<t>
		<field>PRINCIPAL.BAL</field>
		<desc>
			<p>Displays the Balance of Principal Outstanding</p>
			<p>Optional field</p>
			<p>Max 19 AMOUNT field</p>
		</desc>
	</t>
	<t>
		<field>DISCHARGE.DEBT</field>
		<desc>
			<p>Shows the Amount of debt discharged</p>
			<p>Optional field</p>
			<p>Max 19 AMOUNT field</p>
		</desc>
	</t>
	<t>
		<field>DEBT.INTEREST</field>
		<desc>
			<p>Interest, if included in amount of debt discharged</p>
			<p>Optional field</p>
			<p>Max 19 AMOUNT field</p>
		</desc>
	</t>
	<t>
		<field>RENT</field>
		<desc>
			<p>Shows the Rental income</p>
			<p>Optional field</p>
			<p>Max 19 AMOUNT field</p>
		</desc>
	</t>
	<t>
		<field>ROYALTY</field>
		<desc>
			<p>Shows the Royalty income</p>
			<p>Optional field</p>
			<p>Max 19 AMOUNT field</p>
		</desc>
	</t>
	<t>
		<field>OTHER.INCOME</field>
		<desc>
			<p>Other income , if any</p>
			<p>Optional field</p>
			<p>Max 19 AMOUNT field</p>
		</desc>
	</t>
	<t>
		<field>BOAT.SALE</field>
		<desc>
			<p>Income from Fishing boat proceeds</p>
			<p>Optional field</p>
			<p>Max 19 AMOUNT field</p>
		</desc>
	</t>
	<t>
		<field>MEDICAL.PAYMENTS</field>
		<desc>
			<p>Medical and health care payments</p>
			<p>Optional field</p>
			<p>Max 19 AMOUNT field</p>
		</desc>
	</t>
	<t>
		<field>NONEMP.COMPENSAT</field>
		<desc>
			<p>Nonemployee compensation</p>
			<p>Optional field</p>
			<p>Max 19 AMOUNT field</p>
		</desc>
	</t>
	<t>
		<field>SUBSTITUTE.PAY</field>
		<desc>
			<p>Substitute payments in lieu of dividends or interest</p>
			<p>Optional field</p>
			<p>Max 19 AMOUNT field</p>
		</desc>
	</t>
	<t>
		<field>CROP.INSURANCE</field>
		<desc>
			<p>Crop insurance proceeds </p>
			<p>Optional field</p>
			<p>Max 19 AMOUNT field</p>
		</desc>
	</t>
	<t>
		<field>GOLDEN.PARACHUTE</field>
		<desc>
			<p>Excess golden parachute payment</p>
			<p>Optional field</p>
			<p>Max 19 AMOUNT field</p>
		</desc>
	</t>
	<t>
		<field>ATTORNEY.FEE</field>
		<desc>
			<p>Gross proceeds paid to an attorney in connection with legal services</p>
			<p>Optional field</p>
			<p>Max 19 AMOUNT field</p>
		</desc>
	</t>
	<t>
		<field>SEC.409A.DEFFERED</field>
		<desc>
			<p>Shows Section 409A Deferrals</p>
			<p>Optional field</p>
			<p>Max 19 AMOUNT field</p>
		</desc>
	</t>
	<t>
		<field>SEC.409A.INCOME</field>
		<desc>
			<p>Shows Section 409A Income</p>
			<p>Optional field</p>
			<p>Max 19 AMOUNT field</p>
		</desc>
	</t>
	<t>
		<field>Q.RETURN.TYPE.IND</field>
		<desc>
			<p>Shows the type of return</p>
			<p>Values 0 or 1</p>
			<p>Max 1 numeric character</p>
		</desc>
	</t>
	<t>
		<field>CORRECTED.RETURN.IND</field>
		<desc>
			<p>G or Blank</p>
			<p>Max 1 alpha character</p>
		</desc>
	</t>
	<t>
		<field>PERSON.LIAB.IND</field>
		<desc>
			<p>Personal Liability Indicator</p>
			<p>Values 1 or Blank</p>
		</desc>
	</t>
	<t>
		<field>DATE.OF.EVENT</field>
		<desc>
			<p>Date for the event held</p>
			<p>Max 11 DATE format</p>
		</desc>
	</t>
	<t>
		<field>DESCRIPTION</field>
		<desc>
			<p>Description about the products and filing</p>
			<p>Max 35 alphanumeric characters</p>
		</desc>
	</t>
	<t>
		<field>IDENT.EVENT.CODE</field>
		<desc>
			<p>Shows the any Event Code</p>
		</desc>
	</t>
	<t>
		<field>OLD.TIN</field>
		<desc>
			<p>Shows the any old TIN number</p>
			<p>Optional field</p>
			<p>Max 9 numeric characters</p>
		</desc>
	</t>
	<t>
		<field>PAYEE.ACC</field>
		<desc>
			<p>Shows the unique Payee account number for B record </p>
			<p>Max 20 numeric characters</p>
		</desc>
	</t>
	</menu>
</t24help>