<t24help>
  <header>
    <product>USREGS</product>
    <title>This table is used to define the internal accounts which will be used for the ACH payments. 
	The same internal accounts should be used while designing the product conditions for Settlement activity for ACH. 
	Company ID is the valid @ ID. Can be set up for each company</title>
    <table>USREGS.ACH.ACCT.PARAM</table>
  </header>
  <overview>
    <ovdesc>
      <p>This local table contains the ACH Account details.</p>
    </ovdesc>
    <ovimage>
    </ovimage>
  </overview>
  <menu>
    <t>
      <field>USREGS.PAYIN.ACCOUNT</field>
      <desc>
        <p>Payin account detail</p>
		<p>Mandatory Field</p>
	<p>1-19 Numeric</p>
        <p>This field is used to indicate the Internal account number used for PAYIN activity. Should contain valid Internal account numbers in T24.</p>
      </desc>
    </t>
	<t>
      <field>USLREGS.PAYOUT.ACCOUNT</field>
      <desc>
        <p>Payout Account Detail</p>
		<p>Mandatory Field</p>
	<p>1-19 Numeric</p>
        <p>This field is used to indicate the Internal account number used for PAOUT activity. Should contain valid Internal account numbers in T24</p>
      </desc>
    </t>
	<t>
      <field>USREGS.ACH.CLEAR.ACC</field>
      <desc>
        <p>ACH Clearing Account detail</p>
		<p>Mandatory Field</p>
	<p>1- 19 Numeric</p>
	    <p>This field is used to indicate the default ACH Clearing account to be used throughout the bank. Should contain valid Internal account numbers in T24</p>
      </desc>
    </t>
	<t>
      <field>USREGS.ACH.RET.ACC</field>
      <desc>
        <p>ACH return Account detail</p>
		<p>Mandatory Field</p>
	<p>1- 19 Numeric</p>
	    <p>This field is used to indicate the default ACH Return account to be used throughout the bank in case of return/ rejected ACH files. Should contain valid Internal account numbers in T24</p>
      </desc>
    </t>
	<t>
      <field>USREGS.ACH.CLASS</field>
      <desc>
        <p>ACH class detail</p>
		<p>Mandatory Field</p>
	<p>1- 19 Alphaumeric</p>
	    <p>This field denotes the ACH class type of file which is generated as a part of flat file. For ACH payments for Deposits and Loan, it is usually PPD</p>
      </desc>
    </t>
	<t>
      <field>USREGS.ACH.VERSION</field>
      <desc>
        <p>ACH version detail</p>
		<p>Mandatory Field</p>
	<p>1- 19 Alphanumeric</p>
	    <p>This field is used to denote the version which is invoked while raising the FT which corresponds to the ACH. Valid list of versions in T24 can be added</p>
      </desc>
    </t>
  </menu>
</t24help>