<?xml version="1.0" encoding="utf-8"?>
<t24help xmlns:xsi="http://www.w3.org/2001/XMLSchema-instance">
	<header>
		<product>USREGS</product>
		<table>USREGS.IRS.TAX.EVENTS</table>
	</header>
	<overview>
	<ovdesc>
		<p>This table will be used for manual capture of tax entries for different tax form types.</p>
		<p>It will also be used for one transaction correction entry capture.</p>
	</ovdesc>
	</overview>
	<menu>
	<t>
		<field>@ID</field>
		<desc>
			<p>@ID of the table</p>
			<p>ID is generated automatically; ID starts with TX…….0001.</p>
			<p>Has the julian date.</p>
			<p>Max 12 alphanumeric characters</p>
		</desc>
	</t>
	<t>
		<field>CUSTOMER</field>
		<desc>
			<p>Shows the valid customer number</p>
			<p>Must be a valid T24 customer. Mandatory field</p>
			<p>Max 10 Numeric characters</p>
		</desc>
	</t>
	<t>
		<field>TAX.FORM.TYPE</field>
		<desc>
			<p>Shows the list of Tax Form Types.</p>
			<p>Dropdown Field</p>
			<p>Must have dropdown values from USREGS.TAX.FORM.TYPE - Allowed values: 1099A, 1099C, 1099INT, 1099DIV, 1099MISC</p>
			<p>Mandatory field</p>
			<p>Max 8 alphanumeric characters</p>
		</desc>
	</t>
	<t>
		<field>YEAR</field>
		<desc>
			<p>Indicates the year of tax.</p>
			<p>Mandatory field.</p>
			<p>Max 4 numeric characters</p>
		</desc>
	</t>
	<t>
		<field>VALUE.DATE</field>
		<desc>
			<p>Shows the Date on which the event happened, For example Date of Lender’s Acquisition or Knowledge of Abandonment for 1099-A)/Identifiable Event date for 1099-C or</p>
			<p>Value date of the tax entry for others. This is a mandatory field.</p>
			<p>Max 11 DATE field</p>
		</desc>
	</t>
	<t>
		<field>ORD.DIVIDEND</field>
		<desc>
			<p>Shows total ordinary dividends that are taxable for IRS form 1099DIV</p>
			<p>Optional field, This is applicable only to form 1099DIV.</p>
			<p>Max 19 AMOUNT field</p>
		</desc>
	</t>
	<t>
		<field>QUALIFIED.DIVIDEND</field>
		<desc>
			<p>Shows the portion of the amount in total ordinary dividends that may be eligible for reduced capital gains rates. for IRS form 1099DIV</p>
			<p>Optional field, This is applicable only to form 1099DIV</p>
			<p>Max 19 AMOUNT field</p>
		</desc>
	</t>
	<t>
		<field>CAPITAL.GAIN.DISTRIB</field>
		<desc>
			<p>Shows total capital gain distributions from a regulated investment company or real estate investment trust for IRS form 1099DIV</p>
			<p>Optional field, This is applicable only to form 1099DIV</p>
			<p>Max 19 AMOUNT field</p>
		</desc>
	</t>
	<t>
		<field>SEC.1250.GAIN</field>
		<desc>
			<p>Shows the portion of the amount in b total capital gain distributions ox 2a that is unrecaptured section 1250 gain from certain depreciable real property for 1099DIV</p>
			<p>Optional field, This is applicable only to form 1099DIV</p>
			<p>Max 19 AMOUNT field</p>
		</desc>
	</t>
	<t>
		<field>SEC.1202.GAIN</field>
		<desc>
			<p>Shows the portion of the amount in total capital gain distributions that is section 1202 gain from certain small business stock that may be subject to an exclusion  for 1099DIV</p>
			<p>Optional field</p>
			<p>Max 19 AMOUNT field</p>

		</desc>
	</t>
	<t>
		<field>COLLECTIBLE.GAIN</field>
		<desc>
			<p>Shows 28% rate gain from sales or exchanges of collectibles. If required for 1099DIV</p>
			<p>Optional field</p>
			<p>Max 19 AMOUNT field</p>
		</desc>
	</t>
	<t>
		<field>NONDIV.DISTRIB</field>
		<desc>
			<p>Shows the part of the distribution that is nontaxable because it is a return of your cost (or other basis).</p>
			<p>Optional field</p>
			<p>Max 19 AMOUNT field</p>
		</desc>
	</t>
	<t>
		<field>FEDERAL.WHT</field>
		<desc>
			<p>Shows backup withholding.</p>
			<p>A payer must backup withhold on certain payments if you did not give your taxpayer identification number to the payer for 1099DIV / backup withholding or withholding on Indian gaming profits for 1099MISC</p>
			<p>Optional field</p>
			<p>Max 19 AMOUNT field</p>
		</desc>
	</t>
	<t>
		<field>INVEST.EXPENSE</field>
		<desc>
			<p>Shows your share of expenses of a nonpublicly offered regulated investment company, generally a nonpublicly offered mutual fund. for 1099DIV</p>
			<p>Optional field</p>
			<p>Max 19 AMOUNT field</p>
		</desc>
	</t>
	<t>	
		<field>FOREIGN.TAX.PAID</field>
		<desc>
			<p>Shows the foreign tax that you may be able to claim as a deduction or a credit on Form 1040.</p>
			<p>Optional field</p>
			<p>Max 19 AMOUNT field</p>
		</desc>
	</t>
	<t>
		<field>CASH.DISTRIB</field>
		<desc>
			<p>Shows Cash liquidation distributions for 1099DIV</p>
			<p>Optional field</p>
			<p>Max 19 AMOUNT field</p>
		</desc>
	</t>
	<t>
		<field>NONCASH.DISTRIB</field>
		<desc>
			<p>Shows Non-cash liquidation distributions for 1099DIV</p>
			<p>Optional field</p>
			<p>Max 19 AMOUNT field</p>
		</desc>
	</t>
	<t>
		<field>TAX.EXEMPT.INT</field>
		<desc>
			<p>Shows exempt-interest dividends from a mutual fund or other regulated investment company paid to you during the calendar year.</p>
			<p>Optional field</p>
			<p>Max 19 AMOUNT field</p>
		</desc>
	</t>
	<t>
		<field>PRIVATE.ACT.BOND</field>
		<desc>
			<p>Shows exempt-interest dividends subject to the alternative minimum tax for Specified Private Activity Bond Interest Dividend.</p>
			<p>Max 19 AMOUNT field</p>
		</desc>
	</t>
	<t>
		<field>NONEMP.COMPENSATE</field>
		<desc>
			<p>Shows nonemployee compensation such as fees, commissions, prizes and awards for services performed as a nonemployee, </p>
			<p>other forms of compensation for services performed for your trade or business by an individual who is not your employee for 1099MISC</p>
			<p>Optional field</p>
			<p>Max 19 AMOUNT field</p>
		</desc>
	</t>
	
	<t>
		<field>BOND.INTEREST</field>
		<desc>
			<p>Shows interest on U.S. Savings Bonds, Treasury bills, Treasury notes, and Treasury bonds. for 1099INT</p>
			<p>Optional field</p>
			<p>Max 19 AMOUNT field</p>
		</desc>
	</t>
	<t>
		<field>PRINCIPAL.BAL</field>
		<desc>
			<p>The balance of the debt outstanding at the time the interest in the property was acquired or abandoned for 1099A</p>
			<p>Optional field</p>
			<p>Max 19 AMOUNT field</p>
		</desc>
	</t>
	<t>
		<field>AC.FAIR.VALUE</field>
		<desc>
			<p>Fair market value  (FMV) of Property  For a foreclosure, execution, or similar sale for 1099A and 1099C</p>
			<p>Optional field</p>
			<p>Max 19 AMOUNT field</p>
		</desc>
	</t>
	<t>
		<field>DISCHARGE.DEBT</field>
		<desc>
			<p>The amount of the cancelled debt.</p>
			<p>The amount of the cancelled debt cannot be greater than the total debt less any amount the lender receives in satisfaction of the debt by means of a settlement agreement,foreclosure sale, a short sale that partially satisfied the debt, etc. for 1099C </p>
			<p>Optional field</p>
			<p>Max 19 AMOUNT field</p>
		</desc>
	</t>
	<t>
		<field>DEBT.INTEREST</field>
		<desc>
			<p>Shows any interest you included in the canceled debt for 1099C</p>
			<p>Optional field</p>
			<p>Max 19 AMOUNT field</p>
		</desc>
	</t>	
	<t>
		<field>Q.RETURN.TYPE.IND</field>
		<desc>
			<p>Shows the type of return</p>
			<p>Radio button 0 or 1</p>
			<p>Max 1 numeric character</p>
		</desc>
	</t>
	<t>
		<field>CORRECTED.RETURN.IND</field>
		<desc>
			<p>Indicates corrected return type:G or Blank</p>
			<p>Max 1 character</p>
		</desc>
	</t>	
	<t>
		<field>PERSON.LIAB.IND</field>
		<desc>
			<p>Shows If the debtor was personally liable for repayment of the debt at the time the debt was created or, if modified, at the time of the last modification,</p>
			<p>Radio button 1 or Blank. Only for 1099A and 1099C.Default option ‘Blank’</p>
			<p>Mandatory field</p>
		</desc>
	</t>	
	
	<t>
		<field>DESCRIPTION</field>
		<desc>
			<p>A general description of the property. For real property, generally you must enter the address of the property, (1099-A) / description of the origin of the debt, such as student loan, mortgage, or credit card expenditure for 1099C</p>
			<p>Text field</p>
			<p>Max 40 alphanumeric characters</p>
		</desc>
	</t>
	<t>
		<field>IDENT.EVENT.CODE</field>
		<desc>
			<p>Shows the appropriate code to report the nature of the identifiable event.</p>
			<p>Drop down values from EB.LOOKUP - IDENT.EVNT.CD</p>
			<p>Mandatory for 1099C only.</p>
		</desc>
	</t>
	
	<t>
		<field>PAYEE.ACC.NO</field>
		<desc>
			<p>Holds the USREGS.IRS.TAX.DETAILS id for corrected returns</p>
			<p>Optional field</p>
			<p>Max 35 alphanumeric characters.</p>
		</desc>
	</t>
	</menu>
</t24help>

