<?xml version="1.0" encoding="utf-8"?>
<t24help>
<header>
<product>USREGS</product>
<table>USREGS.ADDRESS.PREFERENCES</table>
</header>
<overview>
<ovdesc>

            <p>The USREGS.ADDRESS.PREFERENCES record contains information about the Seasonal Address periods defined for a customer.</p>
            <p> Periods are defined for various PRINT address between JAN to DEC</p>
            <p />
            </ovdesc>
<ovimage></ovimage>
</overview>
<menu>
<t>
<field>CARRIER.ADDR.NO</field>
<desc>
            <p>This field holds the DE.ADDRESS record identifier for which the period is defined. </p>
            <p> Specifies the carrier to be used, and the version of the address.</p>
            <p>
                <p>Validation Rules:</p>
            </p>
            <p>                        Should be a valid PRINT carrier from DE.ADDRESS table.</p>
            <p />
        </desc>
</t>
<t>
<field>START.PERIOD</field>
<desc>
            <p>This field will store the Start of Period.</p>
            <p>
                <p>Validation Rules:</p>
            </p>
            <p>                        Should be of the format DDMM</p>
            <p />
            </desc>
</t>
<t>
<field>END.PERIOD</field>
<desc>
            <p>This field will store the End of Period</p>
            <p>
                 <p>Validation Rules:</p>
            </p>
            <p />
            <p>                         Should be of the format DDMM</p>
           </desc>
</t>
<t>
<field>REVIEW.DATE</field>
<desc>
            <p>This field is used to indicate the end of current address period. </p>
            <p>
                 <p>Validation Rules:</p>
            </p>
            <p>                        Calculated by the System. </p>
            <p>                        No Input field.</p>
             </desc>
</t>
<t>
<field>DELIVERY.REF</field>
<desc>
            <p>
             <p>Indicates Delivery reference corresponding to the latest notice generated for change of Address or Email.</p>
            </p>
            </desc>
</t>
<t>
<field>DEFAULT.CARRIER.NO</field>
<desc>
            <p>
             <p>This field is inputted when the customer requires to send the communication letter to the different address from PRINT.1</p> 
			 <p>(default to PRINT.1 in DE.PRODUCT) when the seasonal address for that period is not defined in the table USREGS.ADDRESS.PREFERENCES</p>
            </p>
			  <p>Validation Rules:</p>
            <p>                        Should be a valid PRINT carrier from DE.ADDRESS table.</p>
            </desc>
</t>
</menu>
</t24help>