<t24help>
  <header>
    <product>USREGS</product>
    <title>Overdraft account details</title>
    <table>USREGS.OVERDRAFT.NFS</table>
  </header>
  <overview>
    <ovdesc>
      <p>This table will get updated by a cob job on a daily basis if AA account goes overdraft.</p>
    </ovdesc>
    <ovimage>
    </ovimage>
  </overview>
  <menu>
    <t>
      <field>@ID</field>
      <desc>
        <p>Should be a Valid T24 Account record</p>
	<P></P>
      </desc>
    </t>
    <t>
      <field>OVERDRAFT.DATE</field>
      <desc>
	<p>This field will get updated with the date on a daily basis, if the account is overdraft.</p>
<p></p>
<p>Multivalued Field</p>
      </desc>
    </t>
    <t>
      <field>OVERDRAFT.COUNT</field>
      <desc>
        <p>This field will maintain the count of total number of times the account is on overdraft.</p>
        <p></p>
        </desc>
    </t>
	<t>
      <field>NEXT.AVAIL.AMOUNT</field>
      <desc>
        <p></p>
        <p>This field is used to indicate that the amount which is next available to the customer. It will get cleared on a daily basis in a cob job.</p>
      </desc>
    </t>
      
  </menu>
</t24help>