<t24help>
  <header>
    <product>USREGS</product>
    <title>The table is used to store customer cash transaction details on daily basis for CTR deposit or CTR withdrawal transactions.
The table will also show whether the customer has crossed the CTR threshold limit on any given date and whether to report customer transaction details to FinCEN CTR.</title>
    <table>USREGS.CTR.DETAILS</table>
  </header>
  <overview>
    <ovdesc>
      <p>This table contains the Exempt and Non Exempt Customer details.</p>
    </ovdesc>
    <ovimage>
    </ovimage>
  </overview>
  <menu>
    <t>
      <field>CUSTOMER.NAME</field>
      <desc>
        <p>Name of the customer involved in the transaction.</p>
	<p>No input field.</p>
        <p>Field value would be defaulted from SHORT.NAME from the CUSTOMER record for CUSTOMER.1/2(TT), DEBIT.CUSTOMER/CREDIT. CUSTOMER(FT) OR PRIMARY.CUSTOMER(TFS).</p>
      </desc>
    </t>
	<t>
      <field>CTR.EXEMPT</field>
      <desc>
        <p>Shows whether customer is exempt from CTR or not.</p>
	<p>No input field.</p>
        <p>Defaulted from CUSTOMER record CTR.EXEMPT.</p>
      </desc>
    </t>
	<t>
      <field>TXN.ID</field>
      <desc>
        <p>Shows the Transaction reference ID.</p>
	<p>No input field.</p>
	  <p>Multivalue field.</p>
        <p>Field value would be defaulted from ID of the TT/FT transaction.</p>
      </desc>
    </t>
       <t>
      <field>TRANSACTOR</field>
      <desc>
        <p>Shows if the transactor is a Third party or an Existing customer.</p>
	<p>No input field.</p>
	  <p>Multivalue field associated with TXN.ID.</p>
        <p>Field value would be defaulted from the teller transaction</p>
      </desc>
    </t>
     <t>
      <field>LEGAL.ID</field>
      <desc>
        <p>Shows the third-party transactor's legal document number</p>
	<p>No input field</p>
	  <p>Multivalue field associated with TXN.ID.</p>
        <p>Field value would be defaulted from field LEGAL.ID in PERSON.ENTITY application.</p>
      </desc>
    </t>
      <t>
      <field>TXN.ACCOUNT</field>
      <desc>
        <p>Shows the transaction account number.</p>
	<p>No input field.</p>
	  <p>Multivalue field associated with TXN.ID.</p>
        <p>Field value would be defaulted from  ACCOUNT1/2(TT), DEBIT.ACCT.NO(FT).</p>
      </desc>
    </t>
	<t>
      <field>TXN.CURRENCY</field>
      <desc>
        <p>Shows the Transaction Currency for deposit or withdrawal.</p>
	<p>No input field.</p>
	  <p>Multivalue field associated with TXN.ID.</p>
        <p>Field value would be defaulted from CURRENCY.1/2 (TT), DEBIT.CURRENCY(FT).</p>
      </desc>
    </t>
	<t>
      <field>TXN.AMOUNT.LCY</field>
      <desc>
        <p>Shows the Transaction Amount in USD for deposit or withdrawal.</p>
	<p>No input field.</p>
	  <p>Multivalue field associated with TXN.ID.</p>
        <p>Field value would be defaulted from AMOUNT.LOCAL.1/2 (TT), DEBIT.AMOUNT(FT).</p>
      </desc>
    </t>
       <t>
      <field>CASH.IN.FCY</field>
      <desc>
        <p>Shows the amount in Foreign currency for deposit.</p>
	<p>No input field.</p>
	  <p>Multivalue field associated with TXN.ID.</p>
        <p>Field value would be defaulted from AMOUNT.FCY.1/2 (TT), DEBIT.AMOUNT(FT).</p>
      </desc>
      </t>
	   <t>
      <field>CASH.OUT.FCY</field>
      <desc>
        <p>Shows the amount in Foreign currency for withdrawal.</p>
	<p>No input field.</p>
	  <p>Multivalue field associated with TXN.ID.</p>
        <p>Field value would be defaulted from AMOUNT.FCY.1/2 (TT), DEBIT.AMOUNT(FT).</p>
      </desc>
      </t>
	<t>
      <field>TXN.FCY.COUNTRY</field>
      <desc>
        <p>Shows the country code for Foreign currency deposit or withdrawal.</p>
	<p>No input field.</p>
	  <p>Multivalue field associated with TXN.ID.</p>
        <p>Field value would be defaulted from CURRECNY.</p>
      </desc>
      </t>
	<t>
      <field>TXN.DESCRIPTION</field>
      <desc>
        <p>Shows the description of the cash Transaction.</p>
	<p>No input field.</p>
	  <p>Multivalue field associated with TXN.ID.</p>
        <p>Field value would be defaulted from TELLER.TRANSACTION (TT).</p>
      </desc>
    </t>
	<t>
      <field>IN.TOTAL.AMT</field>
      <desc>
        <p>Shows the total of all LCY and FCY deposits for the day in USD.</p>
	<p>No input field.</p>
	  <p>This is a total of all TXN.AMOUNT.LCY.</p>
      </desc>
    </t>
	<t>
      <field>OUT.TOTAL.AMT</field>
      <desc>
        <p>Shows the total of all LCY and FCY withdrawals for the day in USD.</p>
	<p>No input field.</p>
	  <p>This is a total of all TXN.AMOUNT.LCY.</p>
      </desc>
    </t>
	<t>
      <field>LIMIT.EXCEED</field>
      <desc>
        <p>Shows whether the total cash deposits or withdrawals has exceeded the threshold amount set.</p>
	<p>No input field.</p>
      </desc>
    </t>
	<t>
      <field>REPORT.CTR</field>
      <desc>
        <p>Shows whether the cash transactions for this customer are to be reported.</p>
	<p>No input field.</p>
	  <p>This field gets set at the enquiry.</p>      
      </desc>
    </t>   
  </menu>
</t24help>