<?xml version="1.0" encoding="utf-8"?>
<t24help xmlns:xsi="http://www.w3.org/2001/XMLSchema-instance">
	<header>
		<product>USREGS</product>
		<table>USREGS.IRS.FORM.TYPE</table>
	</header>
	<overview>
	<ovdesc>
		<p>This Table holds the required data related to each forms transmitter, receptor details.</p>
	</ovdesc>
	</overview>
	<menu>
	<t>
		<field>@ID</field>
		<desc>
			<p>Valid id of the USREGS.IRS.FORM.TYPE table.</p>
			<p>Mandatory field.</p>
			<p>Max 10 alphanumeric  character</p>
		</desc>
	</t>
	<t>
		<field>T.TRANSMITTER.TIN</field>
		<desc>
			<p>Shows the transmitters nine digit Taxpayer Identification Number (TIN).</p>
			<p>Mandatory field.</p>
			<p>Max 9 alphanumeric character</p>
		</desc>
	</t>
	<t>
		<field>T.TRANSMIT.CODE</field>
		<desc>
			<p>Shows the five-character alphanumeric Transmitter Control Code (TCC) assigned by IRS.</p>
			<p>Mandatory field. Max 5 alphanumeric character</p>
		</desc>
	</t>
	<t>
		<field>T.TEST.FILE.IND</field>
		<desc>
			<p>This field is required for test files only. </p>
			<p>Enter a ‘T’ if this is a test file; otherwise leave it blank.</p>
			<p>Radio button with values T and None. Default value is None. </p>
			<p>Max 1 Numeric character</p>
		</desc>
	</t>
	<t>
		<field>T.FGN.ENTITY.IND</field>
		<desc>
			<p>Shows whether the transmitter is a foreign entity or not.</p>
			<p>Enter a ‘1’ if the transmitter is a foreign entity. If not leave it blank.</p>
			<p>Radio button with values 1 and None. Default value is none.</p>
		</desc>
	</t>
	<t>
		<field>T.TRANSMITTER.NAME.1</field>
		<desc>
			<p>The name of the transmitter.</p>
			<p>Mandatory field.</p>
			<p>40 Alpha numeric characters</p>
		</desc>
	</t>
	<t>
		<field>T.TRANSMITTER.NAME.2</field>
		<desc>
			<p>Shows any additional information that may be part of the name</p>
			<p>Mandatory field.</p>
			<p>40 Alpha numeric characters.</p>
		</desc>
	</t>
	<t>
		<field>T.COMPANY.NAME.1</field>
		<desc>
			<p>The name of the company associated with the address where correspondence should be sent.</p>
			<p>Mandatory field.</p>
			<p>40 Alpha numeric characters</p>
		</desc>
	</t>
	<t>
		<field>T.COMPANY.NAME.2</field>
		<desc>
			<p>Shows any additional information that may be part of the name of the company where correspondence should be sent.</p>
			<p>40 Alpha numeric characters</p>
		</desc>
	</t>
	<t>
		<field>T.COMPANY.ADDR</field>
		<desc>
			<p>Displays the mailing address where the correspondence should be sent.</p>
			<p>Mandatory field.</p>
			<p>40 Alpha numeric characters</p>
		</desc>
	</t>
	<t>
		<field>T.COMPANY.CITY</field>
		<desc>
			<p>City name of the company address</p>
			<p>Mandatory field</p>
			<p>40 Alpha numeric characters</p>
		</desc>
	</t>
	<t>
		<field>T.COMPANY.STATE</field>
		<desc>
			<p>Shows the state name of the company’s correspondence Drop down US.STATE>@ID</p>
			<p>Mandatory field if T.COUNTRY.CODE is blank</p>
			<p>If not entered, throw the error message “State code is mandatory if there is no country code”</p>
		</desc>
	</t>
	<t>
		<field>T.COMP.ZIP.CODE</field>
		<desc>
			<p>The postal code of the company’s correspondence address</p>
			<p>Enter the valid nine digit zip assigned by the U.S. postal service.</p>
			<p>Mandatory field.</p>
			<p>Max 9 Numeric character</p>
		</desc>
	</t>
	<t>
		<field>T.PROVINCE.CODE</field>
		<desc>
			<p>Shows the province code</p>
			<p>Max 2 alphanumeric character</p>
		</desc>
	</t>
	<t>	
		<field>T.COUNTRY.CODE</field>
		<desc>
			<p>Shows the country code for foreign transmitter</p>
			<p>Max 2 alphanumeric character</p>
		</desc>
	</t>
	<t>
		<field>T.CONTACT.NAME</field>
		<desc>
			<p>Enter the name of the person to be contacted if IRS encounters problems with the file or transmission.</p>
			<p>Mandatory field.</p>
			<p>Max 40 alphanumeric character</p>
		</desc>
	</t>
	<t>
		<field>T.CONTACT.PH.NO</field>
		<desc>
			<p>Shows the telephone number of the person to contact.</p>
			<p>Mandatory field.</p>
			<p>Max 15 alphanumeric character</p>
		</desc>
	</t>
	<t>
		<field>T.CONTACT.EMAIL</field>
		<desc>
			<p>Shows the email address of the person to contact regarding the electronic or magnetic files.</p>
			<p>Mandatory field.</p>
			<p>Max 50 alphanumeric characters.</p>
		</desc>
	</t>
	<t>
		<field>T.VENDOR.IND</field>
		<desc>
			<p>Indicates if the software used to produce this file was provided by a vendor or produced in house</p>
			<p>Radio button with options ‘V’ and ‘I’.</p>
			<p>V – Your software was purchased from a vendor or other source.</p>
			<p>I – Your software was produced by in house programmers.</p>
			<p>Default option is I</p>
		</desc>
	</t>
	<t>
		<field>T.VENDOR.NAME</field>
		<desc>
			<p>The name of the company from whom the  software was purchase.</p>
			<p>Optional field, Max 40 alphanumeric characters.</p>
			<p>If the software is produced in-house, leave blank.</p>
		</desc>
	</t>
	<t>
		<field>T.VENDOR.ADDR</field>
		<desc>
			<p>Shows the mailing address of vendor</p>
			<p>Optional field, Max 40 alphanumeric characters</p>
			<p>If the software is produced in-house, leave blank.</p>
		</desc>
	</t>
	<t>
		<field>T.VENDOR.CITY</field>
		<desc>
			<p>Shows the city, town, or post office of vendor</p>
			<p>Max 40 alphanumeric characters.</p>
		</desc>
	</t>
	<t>
		<field>T.VENDOR.STATE</field>
		<desc>
			<p>Shows the valid U.S. Postal Service state abbreviation for vendor address.</p>
			<p>Max 2 alpha characters</p>
		</desc>
	</t>
	<t>
		<field>T.VENDOR.ZIP.CODE</field>
		<desc>
			<p>Shows the valid nine digit ZIP code assigned by the U.S Postal service for the vendor address</p>
			<p>Max 9 numeric characters</p>
		</desc>
	</t>
	<t>
		<field>T.VEN.CONT.NAME</field>
		<desc>
			<p>The name of the person who can be contacted concerning any software questions.</p>
			<p>Max 40 alphanumeric characters.</p>
		</desc>
	</t>
	<t>
		<field>T.VENDOR.PH.NO</field>
		<desc>
			<p>The telephone number of the person to contact concerning software questions.</p>
			<p>Max 15 numeric characters.</p>
		</desc>
	</t>
	<t>
		<field>T.VEN.FGN.ENT.IND</field>
		<desc>
			<p>Indicates whether the vendor is a foreign entity or not</p>
			<p>Radio button with values 1 and None.</p>
			<p>Default value is 1.Enter a ‘1’ if the vendor is a foreign entity. Otherwise leave it blank.</p>
		</desc>
	</t>
	<t>
		<field>A.STATE.FILER</field>
		<desc>
			<p>Shows whether the filing Combined Federal/State Filer. Required for the combined federal / state filing program.</p>
			<p>Enter ‘1’ if approved or submitting a test to participate in the combined federal / state filing program; otherwise leave it blank.</p>
			<p>Max 1 numeric character.</p>
		</desc>
	</t>
	<t>
		<field>A.TAXPAYER.ID</field>
		<desc>
			<p>Shows the valid nine digit Tax payer Identification.</p>
			<p>Mandatory field., max 9 numeric characters.</p>
		</desc>
	</t>
	<t>
		<field>A.PAY.NAME.CTRL</field>
		<desc>
			<p>Shows the four characters  of the  name control</p>
			<p>Optional field, Max 4 alphanumeric characters</p>
		</desc>
	</t>
	<t>
		<field>A.LAST.FILING.IND</field>
		<desc>
			<p>Indicates whether the payer is filing information returns electronically last year or not</p>
			<p>Enter a ‘1’ if this is the last year this payer name and TIN will file information returns, else leave it blank.</p>
			<p>Max 1 numeric character.</p>
		</desc>
	</t>
	<t>
		<field>A.FGN.ENTITY.IND</field>
		<desc>
			<p>Indicates whether the payer is a foreign entity or not</p>
			<p>Enter a ‘1’ if the payer is a foreign entity and income is paid by foreign entity to a U.S. resident. Otherwise, leave it blank.</p>
			<p>Max 1 numeric character</p>
		</desc>
	</t>
	<t>
		<field>A.FIRST.PAYER.NAME</field>
		<desc>
			<p>Displays the name of the payer whose TIN appears in the A record.</p>
			<p>Mandatory field.</p>
			<p>Max 40 alphanumeric characters.</p>
		</desc>
	</t>
	<t>
		<field>A.SEC.PAYER.NAME</field>
		<desc>
			<p>Indicates the name of the transfer or paying agent for the agent indicator contains a ‘1’.</p>
			<p>If the transfer agent indicator (field 52) contains a ‘1’ then this field must contain the name of the transfer (or paying) agent.</p>
			<p>Optional field</p>
			<p>Max 40 alphanumeric characters<p>
		</desc>
	</t>
		<t>
		<field>A.TRF.AGENT.IND</field>
		<desc>
			<p>Indicates the whether the entity is the transfer agent or not</p>
			<p>Mandatory field. Can be either 1 or 0.</p>
			<p>1 – The entity in the second payer name field is the transfer agent.</p>
			<p>0 – The entity shown is not the transfer agent.</p>
			<p>Radio button with values 1 and 0.</p>
			<p>Default value is 1.</p>
		</desc>
	</t>
	<t>
		<field>A.PAY.SHIP.ADDR</field>
		<desc>
			<p>Shows the email address of the person to contact regarding the electronic or magnetic files.</p>
			<p>Mandatory field.</p>
			<p>If the transfer agent indicator is ‘1’ then enter the shipping address of the transfer agent. Otherwise enter the actual shipping address of the payer.</p>
			<p>Max 40 alphanumeric characters<p>
		</desc>
	</t>

	<t>
		<field>A.PAYER.STATE</field>
		<desc>
			<p>Shows the state name of the transfer agent</p>
			<p>Mandatory field. Enter the valid U.S. Postal Service state abbreviations.</p>
			<p>Max 2 alpha characters</p>
		</desc>
	</t>
	<t>
		<field>A.PAY.ZIP.CODE</field>
		<desc>
			<p>The valid nine digit ZIP code assigned by the U.S. Postal service.</p>
			<p>Mandatory field.</p>
			<p>Max 9 numeric characters</p>
		</desc>
	</t>
	<t>
		<field>A.PAYER.PH.NO</field>
		<desc>
			<p>Shows the payers phone number and extension</p>
			<p>Max 15 numeric characters.</p>
		</desc>
	</t>
	<t>
		<field>K.WITHELD.STAT.TAX</field>
		<desc>
			<p>Aggregate totals of the state income tax withheld field in the payee ‘B’ records.</p>
			<p>Optional field</p>
			<p>AMOUNT field.</p>
			<p>Max 18 numeric characters</p>
		</desc>
	</t>
	<t>
		<field>K.WITHHELD.LOC.TAX</field>
		<desc>
			<p>Aggregate totals of the local income tax withheld field in the payee ‘B’ records.</p>
			<p>Optional field</p>
			<p>AMOUNT field.</p>
			<p>Max 18 numeric characters</p>
		</desc>
	</t>
	<t>
		<field>W.WHLD.A.EIN</field>
		<desc>
			<p>Shows the Withholding Agent’s EIN</p>
			<p>Max 9 numeric characters</p>
		</desc>
	</t>
	<t>
		<field>W.WHLD.A.EIN.IND</field>
		<desc>
			<p>Shows withholding agents. EIN type</p>
			<p>Withholding Agent’s EIN Indicator</p>
			<p>Radio button 0 or 1 or 2</p>
			<p>0 = EIN</p>
			<p>1 = QI-EIN, WP-EIN, WT-EIN</p>
			<p>2 = NQI-EIN</p>
			<p>Default value is ‘1’.</p>
		</desc>
	</t>
	<t>
		<field>W.WHLD.A.NAME1</field>
		<desc>
			<p>Displays Withholding Agent’s Name Line-1</p>
			<p>Max 40 alphanumeric characters</p>
		</desc>
	</t>
	<t>
		<field>W.WHLD.A.NAME2</field>
		<desc>
			<p>Displays Withholding Agent’s Name Line-2</p>
			<p>Max 40 alphanumeric characters</p>
		</desc>
	</t>
	<t>
		<field>W.WHLD.A.NAME3</field>
		<desc>
			<p>Displays Withholding Agent’s Name Line-3</p>
			<p>Max 40 alphanumeric characters</p>
		</desc>
	</t>
	<t>
		<field>W.WHLD.A.STREET1</field>
		<desc>
			<p>Displays Withholding Agent’s  Street Line-1</p>
			<p>Max 40 alphanumeric characters</p>
		</desc>
	</t>
	<t>
		<field>W.WHLD.A.STREET2</field>
		<desc>
			<p>Displays Withholding Agent’s Street Line-2</p>
			<p>Max 40 alphanumeric characters</p>
		</desc>
	</t>
	<t>
		<field>W.WHLD.A.CITY</field>
		<desc>
			<p>Displays Withholding Agent’s City</p>
			<p>Max 40 alphanumeric characters</p>
		</desc>
	</t>
	<t>
		<field>W.WHLD.A.STATE</field>
		<desc>
			<p>Shows Withholding Agent’s State Code</p>
			<p>Max 2 alpha characters</p>
		</desc>
	</t>
	<t>
		<field>W.WHLD.A.PROV</field>
		<desc>
			<p>Shows Withholding Agent’s Province Code</p>
			<p>Max 2 alpha characters</p>
		</desc>
	</t>
	<t>
		<field>W.WHLD.A.COUNTRY</field>
		<desc>
			<p>Shows Withholding Agent’s Country Code</p>
			<p>Max 2 alpha characters</p>
		</desc>
	</t>
	<t>
		<field>W.WHLD.A.POSTAL</field>
		<desc>
			<p>Displays Postal or ZIP Code for withholding agent’s address</p>
			<p>Max 9 numeric characters</p>
		</desc>
	</t>
	<t>
		<field>W.WHLD.A.CONT.NAME</field>
		<desc>
			<p>Withholding Agent Contact Name</p>
			<p>Max 45 alphanumeric characters</p>
		</desc>
	</t>
	<t>
		<field>W.WHLD.A.CONT.DEPT</field>
		<desc>
			<p>Withholding Agent’s Department Title</p>
			<p>Max 45 alphanumeric characters</p>
		</desc>
	</t>
	<t>
		<field>W.CONTACT.NO.EXT</field>
		<desc>
			<p>Contact Telephone Number and Extension</p>
			<p>Max 20 alphanumeric characters</p>
		</desc>
	</t>
	<t>
		<field>W.RETURN.TYPE.IND</field>
		<desc>
			<p>Return Type Indicator</p>
			<p>Radio button 0 or 1</p>
			<p>Default value is 0</p>
			<p>Max 1 numeric character</p>
		</desc>
	</t>
	<t>
		<field>W.PRORATA.BASIS</field>
		<desc>
			<p>Pro Rata Basis Reporting</p>
			<p>Radio button 0 or 1</p>
			<p>Default value is 0</p>
			<p>Max 1 numeric character</p>
		</desc>
	</t>
	
	</menu>
</t24help>

