<t24help>
  <header>
    <product>USREGS</product>
    <title>Customer Details</title>
    <table>USREGS.CUSTOMER</table>
  </header>
  <overview>
    <ovdesc>
      <p>This table is used to store additional customer information.</p>
    </ovdesc>
    <ovimage>
    </ovimage>
  </overview>
  <menu>
    <t>
      <field>@ID</field>
      <desc>
        <p>@Id will be a Valid Customer record.</p>
	<P></P>
      </desc>
    </t>
    <t>
      <field>CA.PROVINCE</field>
      <desc>
	<p>Reserved for USREGS development</p>
      </desc>
    </t>
    <t>
      <field>TIN.TYPE</field>
      <desc>
        <p>Reserved for CTR development.</p>
        <p></p>
        </desc>
    </t>
	<t>
      <field>PRIVACY.NOTICE</field>
      <desc>
        <p>Reserved for USREGS development.</p>
        <p></p>
      </desc>
    </t>
	<t>
      <field>NOTICE.FREQ</field>
      <desc>
        <p>Reserved for USREGS development.</p>
	<p></p>
      </desc>
    </t>
	<t>
      <field>DELIVERY.MODE</field>
      <desc>
        <p>Reserved for USREGS development.</p>
	<p></p>
	</desc>
    </t>
	<t>
      <field>PRIVACY.STATUS</field>
      <desc>
        <p>Reserved for USREGS development.</p>
	<p></p>
	
      </desc>
    </t>
	<t>
      <field>PRIVACY.DATE</field>
      <desc>
        <p>Reserved for USREGS development.</p>
	<p></p>
      </desc>
    </t>
	<t>
      <field>CTR.EXMPT</field>
      <desc>
        <p>Reserved for CTR development.</p>
	<p></p>
	</desc>
    </t>
	<t>
      <field>CTR.EXMPT.REASON</field>
      <desc>
        <p>Reserved for CTR development.</p>
	<p></p>
	</desc>
    </t>
	<t>
      <field>APPLIED.CERTIFIED</field>
      <desc>
        <p>Reserved for USREGS development.</p>
	<p></p>
	</desc>
    </t>
	<t>
      <field>W8.BEN</field>
      <desc>
        <p>Reserved for B-Notices development.</p>
	<p></p>
	</desc>
    </t>
	<t>
      <field>ACCT.OPEN.DATE</field>
      <desc>
        <p>Account Open date field is used to check whether customer account is a new account or not.</p>
	<p></p>
<p>Validation Rules:</p>
<p>No-input Field</p>
	</desc>
    </t>
	<t>
      <field>LAST.CHANGE.TIME</field>
      <desc>
        <p>Reserved for USREGS development.</p>
	<p></p>
	</desc>
    </t>
      
  </menu>
</t24help>