﻿<?xml version="1.0" encoding="utf-8"?>
<t24help>
<header>
<product>USREGS</product>
<table>USREGS.CTR.EXCEED</table>
</header>
<overview>
<ovdesc>
<p>This file is using for Fincen Reporting.
</p></ovdesc>
<ovimage></ovimage>
</overview>
<menu>
<t>
<field></field>
<desc></desc>
</t>
<t>
<field>FILING.TYPE</field>
<desc><p>This field shows the type of filing. Alpha numeric Maximum value is 1</p></desc>
</t>
<t>
<field>PRIOR.DCN</field>
<desc><p>Shows the Prior Report Document Control Number. Alpha Numeric Maximum value is 14</p></desc>
</t>
<t>
<field>TRANS.TYPE</field>
<desc><p>Shows 	 types of transaction delivery or payment method.  Alpha value with 5 characters.</p></desc>
</t>
<t>
<field>DATE.FILED</field>
<desc><p>Actual number of days in each compounding period. If compounded annually, then its 356 days. Numeric value with 4 characters. Date format</p></desc>
</t>
<t>
<field>PERSON.TYPE</field>
<desc><p>Describes the person involved in the transaction, Mandatory field
Dropdown values are
A - Person conducting transaction on own behalf             
B- Person conducting transaction for another    
C -Person on whose behalf transaction is conducted    
D -Courier service (private)  
Alpha value with 1 character
</p></desc>
</t>
<t>
<field>MULT.TXN</field>
<desc><p>Shows whether the report has multiple transactions.</p></desc>
</t>
<t>
<field>ISS.STATE</field>
<desc><p>Shows the legal document issued state name. Alpha Numeric value with 3 characters.</p></desc>
</t>
<t>
<field>ID.ISS.COUNTRY</field>
<desc><p>Shows the legal document issued country name.Should have COUNTRY table attached.
</p></desc>
</t>
<t>
<field>EXCEED.COUNT</field>
<desc><p>This field holds the count of total number of cash transaction exceeding CTR threshold limit.
</p></desc>
</t>
</menu>
</t24help>