<t24help>
  <header>
    <product>USREGS</product>
    <title>Regulation D Violation History</title>
    <table>USREGS.REG.D.VIOLATION.HIST</table>
  </header>
  <overview>
    <ovdesc>
      <p>The table will store Previous month data related to the table USREGS.REG.D.VIOLATION.DETAILS</p>
      <p></p>
    </ovdesc>
    <ovimage>
    </ovimage>
  </overview>
  <menu>
    <t>
      <field>ACCT.TYPE</field>
      <desc>
        <p>The field will be used to store the AA Product for the Account.</p>
	<p>Validation Rule</p>
        <p>No input field. Updated by the system.</p>
      </desc>
    </t>
    <t>
      <field>MONTH</field>
      <desc>
	<p>To specify the month in which a REG D transaction has taken place</p>
        <p>Validation Rule</p>
        <p>No input field. Updated by the system</p>
      </desc>
    </t>
    <t>
      <field>LETTER</field>
      <desc>
        <p>The field is used to specify the type of Advice / Letter to be generated to the customer for Violated transactions.</p>
        <p>Dropdown values:</p>
       <p>First letter</p>
       <p>Second Letter</p>
       <p>Third letter</p>
       <p>Fourth Letter</p>
       <p>Do not send</p>
        <p></p>
       <p>Validation Rule</p>
       <p>Optional field</p>
       <p>The field will become mandatory if the value for the field STATUS is Reviewed</p>
      </desc>
    </t>
    <t>
      <field>STATUS</field>
      <desc>
        <p>The field is used to store the violation status of the record.</p>
        <p>Dropdown Values:</p>
        <p>No exception</p>
        <p>Pending Review</p>
        <p>Reviewed</p>
        <p></p>
        <p>Validation Rule</p>
        <p>Optional field</p>
        <p>System / Manual update</p>
      </desc>
    </t>
    <t>
      <field>REASON</field>
      <desc>
        <p>The field is used to store the reason for Violation.</p>
        <p>Dropdown values:</p>
        <p>1st Violation</p>
        <p>2nd Violation</p>
        <p>3rd Violation</p>
        <p>4th Violation</p>
        <p>Teller Error</p>
        <p>Regulation E Dispute</p>
        <p></p>
        <p>Validation Rule</p>
        <p>Optional field</p>
        <p>The field will become mandatory if the value for the field STATUS is Reviewed</p>
      </desc>
    </t>
    <t>
      <field>ACTIVITY</field>
      <desc>
        <p>The field will store the Activity ID which has triggered the violation. To be a valid activity ID specified under Activity Restriction record for a specific product.</p>
        <p>Validation Rule</p>
        <p>Optional field</p>
        <p>Updated by the system</p>
      </desc>
    </t>
    <t>
      <field>ACTIVITY.NAME</field>
      <desc>
        <p>The field will store the Activity name which has triggered the violation. To be a valid activity specified under Activity Restriction record for a specific product.</p>
        <p>Validation Rule</p>
        <p>Optional field</p>
        <p>Updated by the system</p>
      </desc>
    </t>
    <t>
      <field>ACTIVITY.REF</field>
      <desc>
        <p>To Store the list of record IDs of the Activities which has triggered the violation.</p>
        <p>Validation Rule</p>
        <p>Optional field</p>
        <p>Updated by the system</p>
      </desc>
    </t>
    <t>
      <field>DATE</field>
      <desc>
        <p>The field will store the Date on which the activity which has triggered the violation has been effected.</p>
        <p>Validation Rule</p>
        <p>Optional field</p>
        <p>Updated by the system</p>
      </desc>
    </t>
    <t>
      <field>ACTIVITY.STATUS</field>
      <desc>
        <p>The field is used to store the status of the activity which has the triggered the violation.</p>
        <p>The field will be updated by the system only when the Activity status is moved to REV </p>
        <p>Validation Rule</p>
        <p>Optional field</p>
        <p>Updated by the system</p>
      </desc>
    </t>
    <t>
      <field>ACTIVITY.COUNT</field>
      <desc>
        <p>The field will store the count on the particular activity in an account in the month</p>
        <p>Validation Rule</p>
        <p>Optional field</p>
        <p>Updated by the system</p>
      </desc>
    </t>
    <t>
      <field>TOTAL.TXN.COUNT</field>
      <desc>
        <p>This field denotes the total count of all activities for an account in the month</p>
        <p>Validation Rule</p>
        <p>Optional field</p>
        <p>Updated by the system</p>
      </desc>
    </t>
    <t>
      <field>CUSTOMER.NO</field>
      <desc>
        <p>The field will store the customer number pertaining to the account</p>
        <p>Validation Rule</p>
        <p>Optional field</p>
        <p>Updated by the system</p>
      </desc>
    </t>
    <t>
      <field>ACCOUNT.NO</field>
      <desc>
        <p>The field will hold the related account number pertaining to the arrangement</p>
        <p>Validation Rule</p>
        <p>Optional field</p>
        <p>Updated by the system</p>
      </desc>
    </t>
  </menu>
</t24help>