<?xml version="1.0" encoding="utf-8"?>
<t24help>
<header>
<product>COMMON_FIELDS</product>
<table>COMMON.FIELDS</table>
</header>
<overview>
<ovdesc>

            <p>These are the common fields that are standard for all T24 applications.</p>
        </ovdesc>
<ovimage></ovimage>
</overview>
<menu>
<t>
<field>CURR.NO</field>
<desc>
            <p>The current number of the record.</p>
            <p />
            <p>
                <p>Validation Rules:</p>
            </p>
            <p>No input field</p>
            <p>System generated.</p>
        </desc>
</t>
<t>
<field>DATE.TIME</field>
<desc>
            <p>The date and time that the record was last committed.</p>
            <p />
            <p>
                <p>Validation Rules:</p>
            </p>
            <p>No input field</p>
            <p>System generated.</p>
        </desc>
</t>
<t>
<field>INPUTTER</field>
<desc>
            <p>The users that have modified this record.</p>
            <p />
            <p>
                <p>Validation Rules:</p>
            </p>
            <p>No input field</p>
            <p>System generated.</p>
        </desc>
</t>
<t>
<field>DEPT.CODE</field>
<desc>
            <p>The department code of the person that last modified the record.</p>
            <p />
            <p>
                <p>Validation Rules:</p>
            </p>
            <p>No input field</p>
            <p>System generated.</p>
        </desc>
</t>
<t>
<field>RECORD.STATUS</field>
<desc>
            <p>Indicates the current status of the record.</p>
            <p />
            <p>
                <p>Validation Rules:</p>
            </p>
            <p>No input field</p>
            <p>System generated.</p>
        </desc>
</t>
<t>
<field>AUDIT.DATE.TIME</field>
<desc>
            <p>This field is populated by using the auditor review function, and holds the date and time at which the function was used.</p>
            <p />
            <p>
                <p>Validation Rules:</p>
            </p>
            <p>No input field</p>
            <p>System generated.</p>
        </desc>
</t>
<t>
<field>AUDITOR.CODE</field>
<desc>
            <p>This field is populated by using the auditor review function, and holds the date and time at which the function was used.</p>
            <p />
            <p>
                <p>Validation Rules:</p>
            </p>
            <p>No input field</p>
            <p>System generated.</p>
        </desc>
</t>
<t>
<field>AUTHORISER</field>
<desc>
            <p>The user that authorised the record.</p>
            <p>Where a record has been modified multiple times (i.e the CURR.NO field is greater than 1) only the last authoriser is shown.</p>
            <p />
            <p>
                <p>Validation Rules:</p>
            </p>
            <p>No input field</p>
            <p>System generated.</p>
        </desc>
</t>
<t>
<field>CO.CODE</field>
<desc>
            <p>The company code that the record belongs to.</p>
            <p />
            <p>
                <p>Validation Rules:</p>
            </p>
            <p>No input field</p>
            <p>System generated.</p>
        </desc>
</t>
</menu>
</t24help>
