<?xml version="1.0" encoding="utf-8"?>
<t24help>
<header>
<product>MC</product>
<table>EB.COMPANY.CHANGE.HIST</table>
</header>
<overview>
<ovdesc>

            <p>Contains details of contracts or accounts that have moved from one company to another in a multi book set up.</p>
        </ovdesc>
<ovimage></ovimage>
</overview>
<menu>
<t>
<field>CO.CHANGE.REF.NO</field>
<desc>
            <p>The contract that was transferred.</p>
        </desc>
</t>
<t>
<field>CONTRACT.DATE</field>
<desc>
            <p>The date on which the contract was transferred.</p>
            <p />
            <p>
                <p>
                    <p>Validation Rules:</p>:</p>
            </p>
            <p> Standard date format.</p>
            <p />
        </desc>
</t>
<t>
<field>NEW.COMPANY</field>
<desc>
            <p>The company code of the branch that the contract was moved to.</p>
            <p />
            <p>
                <p>
                    <p>Validation Rules:</p>:</p>
            </p>
            <p> A Valid company code. No input field</p>
            <p />
        </desc>
</t>
<t>
<field>OLD.COMPANY</field>
<desc>
            <p>The original company code of the contract. </p>
            <p />
            <p>
                <p>
                    <p>Validation Rules:</p>:</p>
            </p>
            <p> A Valid company code. No input field</p>
            <p />
        </desc>
</t>
</menu>
</t24help>

