<?xml version="1.0" encoding="utf-8"?>
<t24help>
<header>
<product>MC</product>
<table>EB.COMPANY.CHANGE</table>
</header>
<overview>
<ovdesc>

            <p>Contains details of contracts or accounts athat are set up to move from one company to another in a multi book set up.</p>
        </ovdesc>
<ovimage></ovimage>
</overview>
<menu>
<t>
<field>RESULT.DESC</field>
<desc>
            <p>Description of the result.</p>
            <p />
        </desc>
</t>
<t>
<field>EBC.CO.CHANGE</field>
<desc>
            <p>Standard T24 transaction key prefixed with EBCC. THe @ID to the EB.COMPANY.CHANGE record</p>
        </desc>
</t>
<t>
<field>LINK.CONTRACTS</field>
<desc>
            <p>Any contracts that were transfered with the main contract.</p>
        </desc>
</t>
<t>
<field>RESULT</field>
<desc>
            <p>Indicates if the contract was transferred to the new company correctly.  If Yes, then the transfer was successful. NO indicates an error in the transfer.</p>
        </desc>
</t>
<t>
<field>EFFECTIVE.DATE</field>
<desc>
            <p>The date on which the contract must be transferred.</p>
            <p />
            <p>
                <p>
                    <p>Validation Rules:</p>:</p>
            </p>
            <p>  Standard date format.</p>
        </desc>
</t>
<t>
<field>PRODUCT</field>
<desc>
            <p>Product code of the application. The system will default this field.</p>
            <p />
            <p>
                <p>
                    <p>Validation Rules:</p>:</p>
            </p>
            <p>  a valid T24 product code. No input field.</p>
        </desc>
</t>
<t>
<field>APPLICATION</field>
<desc>
            <p>T24 Application of the contract to be transfered.T24 Application of the contract to be transferred.</p>
            <p />
            <p>
                <p>
                    <p>Validation Rules:</p>:</p>
            </p>
            <p>  Must be a valid T24 Application</p>
            <p />
        </desc>
</t>
<t>
<field>COMPANY.FROM</field>
<desc>
            <p>The current company code of the contract. The system will default the company code from the contract.</p>
            <p />
            <p>
                <p>
                    <p>Validation Rules:</p>:</p>
            </p>
            <p>  A Valid company code. No input field</p>
            <p />
        </desc>
</t>
<t>
<field>COMPANY.TO</field>
<desc>
            <p>The company code of the branch that the contract is being moved to.</p>
            <p />
            <p>
                <p>
                    <p>Validation Rules:</p>:</p>
            </p>
            <p>  Must be a valid company. The lead company must be the same as the COMPANY.FROM ie the FINANCIAL.COM must be the same in each company record.</p>
        </desc>
</t>
<t>
<field>CONTRACT.KEY</field>
<desc>
            <p>The Contract or account key.</p>
        </desc>
</t>
<t>
<field>ACCOUNTING.CO.FROM</field>
<desc>
            <p>Company code, must be a valid accounting company. No Input System updated</p>
            <p>This field will be defaulted based on the accounting company of the account or contract</p>
            <p>For accounts especially it is possible to allocate an account in the non default company. For example a USD account would default to ACU but in fact could be allocated to the DBU accounting company, whereas an SGD DBU account cannot be allocated to the AU accounting company.</p>
        </desc>
</t>
<t>
<field>ACCOUNTING.CO.TO</field>
<desc>
            <p>Input allowed if the COMPANY.TO is a parent company of an accounting company environment</p>
            <p>Must be different to the current accounting company of the account or contract</p>
            <p>Both ACCOUNTING.CO.FROM and ACCOUNTING.CO.TO must have the same parent company</p>
        </desc>
</t>
<t>
<field>DEFAULT.ACCT.CO</field>
<desc>
            <p>This field stores the default accounting company based on the AU allocation rules</p>
            <p>The allocation rules will be repeated when the actual transfer takes place and compared with this field. If the default company at the time of transfer has changed from the original default accounting company then an exception will be raised</p>
        </desc>
</t>
<t><field>ACCT.CO.DEFAULT</field><desc><p>Help Text for this field is unavailable.  Please refer to the T24 User Guides for further information.</p></desc></t></menu>
</t24help>
