<?xml version="1.0" encoding="utf-8"?>
<t24help>
<header>
<product>MC</product>
<table>EB.TNSFER.COMPANY</table>
</header>
<overview>
<ovdesc>

            <p>Used to trigger the bulk transfer all accounts and contracts for applications defined on STANDARD.MAPPING from one company to another.</p>
            <p>Setting up this table will trigger the automatic creation of EB.COMPANY.CHANGE records to generate the transfer.</p>
        </ovdesc>
<ovimage></ovimage>
</overview>
<menu>
<t>
<field>COMPANY.FROM</field>
<desc>
            <p>The company from which accounts and contracts are to be transferred. </p>
        </desc>
</t>
<t>
<field>COMPANY.TO</field>
<desc>
            <p>The company to which accounts and contracts are to be transferred. </p>
        </desc>
</t>
<t>
<field>EFFECTIVE.DATE</field>
<desc>
            <p>The effective date of the transfer.</p>
        </desc>
</t>
<t>
<field>LOCAL.REF</field>
<desc>
        <p>This is a multi valued field. Standard T24 alphanumeric field. </p>
        <p>
           <p>Validation Rules:</p>
        </p>
        <p> A maximum of 35 characters may be entered.</p>
    </desc>
</t>
</menu>
</t24help>

