<?xml version="1.0" encoding="utf-8"?>
<t24help>
<header>
<product>SL</product>
<table>FACILITY.REPAY.SCHEDULES</table>
</header>
<overview>
<ovdesc>

            <p> This file allows the loans which are drawn under the tranche to be settled against the Tranche redemption schedule dates. </p>
            <p data-mc-conditions="FROMRELEASE.R12">Repayment schedules at the tranche level can be defined through SL.REPAYMENT.SCHEDULES for the particular tranche.</p>
            <p> On defining the SL.REPAYMENT.SCHEDULES for the tranche the SL.REPAY.SCHEDS would be build for the tranche redemption schedules.</p>
            <p> Each loan drawn under the tranche which has the end period less than or equals to the tranche redemption date will be defaulted in this file for the Loan amount to be settled against the first redemption. </p>
            <p> The tranche redemption can be either pro rata against the loans repayment or it can be manually changed by the user for the specific amounts.</p>
        </ovdesc>
<ovimage></ovimage>
</overview>
<menu>
<t>
<field>LOAN.AMT</field>
<desc>
            <p>This field will be defaulted with the corresponding Loan amount.</p>
            <p />
            <p>NOINPUT and AMT type fields</p>
        </desc>
</t>
<t>
<field>LOAN.REPAY.AMT</field>
<desc>
            <p>This is a user- input field to define repayment amount under each loan. (Can be defaulted for Pro-rata).</p>
            <p />
            <p>
                <p>Validation Rules:</p>
            </p>
            <p />
            <p> Field value cannot be Null</p>
            <p> Cannot accept negative values.</p>
            <p> Repay amount cannot be greater than or equal to the Loan amount.</p>
        </desc>
</t>
<t>
<field>TR.RPY.DATE</field>
<desc>
            <p> This field will be defaulted with the Tranche redemption date for scheduled type of transaction .</p>
            <p> For unscheduled type of transaction field will always be defaulted with TODAY.</p>
        </desc>
</t>
<t>
<field>LOAN.ID</field>
<desc>
            <p>This field will be defaulted with the corresponding Loan ID.</p>
            <p />
            <p>
                <p>Validation Rules:</p>
            </p>
            <p>Check for a Valid loan id under the Tranche for which the repayment is defined.</p>
        </desc>
</t>
<t>
<field>TOTAL.REPAY.AMT</field>
<desc>
            <p> This field will be defaulted with the First tranche redemption amount.</p>
            <p> For unscheduled repayment the amount can be user input</p>
            <p />
            <p>
                <p>Validation Rules:</p>
            </p>
            <p />
            <p> Field value cannot be null</p>
            <p> Amount cannot be negative.</p>
            <p> Amount cannot be greater the sum of the loan amounts to be repaid.</p>
            <p />
            <p />
        </desc>
</t>
<t>
<field>REP.SCH.TYPE</field>
<desc>
            <p>This field is used to define repayment schedule order for the cancellation of the schedules in SL.REPAY.SCHEDS. </p>
            <p />
            <p>PRO.RATA – Entire schedule pro-rata basis according to loan size</p>
            <p>FIRST      - Will repay schedules from first repay schedule date</p>
            <p>LAST       - Will repay schedules from last repay schedule date .</p>
        </desc>
</t>
<t>
<field>LOAN.CCY</field>
<desc>
            <p>This field will be defaulted with the corresponding Loan currency.</p>
            <p />
            <p>NOINPUT and CCY type fields </p>
        </desc>
</t>
<t>
<field>LOAN.BCCY.AMT</field>
<desc>
            <p>This field will be defaulted with the corresponding Loan Base CCY amount.</p>
            <p />
            <p>NOINPUT and AMT type fields</p>
        </desc>
</t>
<t>
<field>PRO.RATA</field>
<desc>
            <p>The value in the field will determine on the settlement of the total repayment amount across the Loan amount.</p>
            <p> should either be settled in PRO.RATA or in a adhoc settlement.</p>
            <p />
            <p>
                <p>Validation Rules:</p>
            </p>
            <p> Allowed values are YES/NO</p>
            <p> Default value is NO</p>
        </desc>
</t>
<t>
<field>FACILITY.CCY</field>
<desc>
            <p>This field will be defaulted with the FACILITY currency.</p>
            <p />
            <p> NOINPUT and CCY type field.</p>
        </desc>
</t>
<t>
<field>ID.NUMBER</field>
<desc>
            <p> The ID of this is file is the ID of PRE.SYNDICATION.FILE along with the Tranche code from the FACILITY for which the repayment has to be defined.</p>
        </desc>
</t>
<t>
<field>LN.END.PRD.DT</field>
<desc>
            <p>This field will be defaulted with the current interest perion end date for each loan that is to be repaid under the Tranche.</p>
            <p />
            <p>NOINPUT and D type fields</p>
        </desc>
</t>
<t>
<field>LN.REP.BCY.AMT</field>
<desc>
            <p>Base currency equivalent for the Loan repay amount .</p>
            <p />
            <p>NOINPUT and AMT type fields</p>
        </desc>
</t>
<t>
<field>TR.REDEM.TYPE</field>
<desc>
            <p> This field will decide on scheduled or Achoc settlement of Loans under the tranche. </p>
            <p />
            <p>validation rules</p>
            <p />
            <p>Allowed values are SCHEDULED_UNSCHEDULED.</p>
            <p>Default is value SCHEDULED for tranche redemption</p>
            <p>Atleast one loan should fall on the Tranche redemption date for scheduled type repayment.</p>
        </desc>
</t>
</menu>
</t24help>

