<?xml version="1.0" encoding="utf-8"?>
<t24help>
<header>
<product>SL</product>
<table>SL.ACCOUNT.BALANCES</table>
</header>
<overview>
<ovdesc></ovdesc>
<ovimage></ovimage>
</overview>
<menu>
<t>
<field>SL.MNEMONIC</field>
<desc>
            <p>This is an 'I' type field which holds the MNEMONIC from Facility.</p>
        </desc>
</t>
<t>
<field>SL.CCY</field>
<desc>
            <p>This is an 'I' type field which holds the SL.CURRENCY from Facility</p>
        </desc>
</t>
<t>
<field>SL.MARKER</field>
<desc>
            <p>This is an 'I' type field which holds the TRANCHE.IND from SL.FACI.BALANCES.</p>
        </desc>
</t>
<t>
<field>TR.CODE</field>
<desc>
            <p>Holds the tranche code for which the balance details are updated in this application</p>
            <p />
        </desc>
</t>
<t>
<field>FAC.ID</field>
<desc>
            <p>This is an 'I' type field which holds the ID of the Facility </p>
        </desc>
</t>
<t>
<field>KEY</field>
<desc>
            <p>This is the key field and holds the id of the FACILITY for which the account balances are maintained </p>
            <p />
        </desc>
</t>
<t>
<field>PART.AMOUNT</field>
<desc>
            <p>Holds the available balance amount for the participant defined in the corresponding PARTICIPANT field under the tranche defined in the TR.CODE field.</p>
            <p />
        </desc>
</t>
<t>
<field>PARTICIPANT</field>
<desc>
            <p>Holds the IDs of the participants belong to the deal</p>
            <p />
        </desc>
</t>
<t>
<field>TR.AMOUNT</field>
<desc>
            <p>Holds the available balance at the tranche level given in the corresponding TR.CODE field</p>
            <p />
        </desc>
</t>
</menu>
</t24help>

