<?xml version="1.0" encoding="utf-8"?>
<t24help>
<header>
<product>SL</product>
<table>SL.BS.NC.LIST</table>
</header>
<overview>
<ovdesc>

        </ovdesc>
<ovimage></ovimage>
</overview>
<menu>
<t><field>BS.NC.LIST</field><desc><p>Help Text for this field is unavailable.  Please refer to the T24 User Guides for further information.</p></desc></t><t><field>NC.ID</field><desc><p>Help Text for this field is unavailable.  Please refer to the T24 User Guides for further information.</p></desc></t></menu>
</t24help>
