<?xml version="1.0" encoding="utf-8"?>
<t24help>
<header>
<product>SL</product>
<table>SL.BS.AMORTISE.DETAILS</table>
</header>
<overview>
<ovdesc>

        </ovdesc>
<ovimage></ovimage>
</overview>
<menu>
<t>
<field>PRIN.CHANGE.DATE</field>
<desc>
            <p>Holds the backdated Principal change date. </p>
        </desc>
</t>
<t>
<field>AMT.PREMIUM</field>
<desc>
            <p> If amortisation is initiated due to buy/sell on premium, then the amount of premium gets updated here. </p>
        </desc>
</t>
<t>
<field>START.DATE</field>
<desc>
            <p>Holds the start period of amortisation. </p>
        </desc>
</t>
<t>
<field>END.DATE</field>
<desc>
            <p>Holds the end period for amortisation</p>
        </desc>
</t>
<t>
<field>NEXT.AMORT.DATE</field>
<desc>
            <p>Holds the next amortisation date calculated based on frequency</p>
        </desc>
</t>
<t>
<field>ID</field>
<desc>
            <p>Key to the application. Holds either SL.LOAN reference or FACILITY reference. </p>
        </desc>
</t>
<t>
<field>AMORT.DIS.AMT</field>
<desc>
            <p>Holds  the discounted amount that is  amortised for the amortisation period between start and end date.</p>
        </desc>
</t>
<t>
<field>AMORTISE.FREQ</field>
<desc>
            <p>Holds the amortisation frequency</p>
        </desc>
</t>
<t>
<field>AMORTISED.AMT</field>
<desc>
            <p>Holds  the premium amount that is  amortised for the amortisation period between start and end date.</p>
        </desc>
</t>
<t>
<field>AMT.DISCOUNT</field>
<desc>
            <p>If amortisation is initiated due to buy/sell on DISCOUNT, then the amount of premium gets updated here.</p>
        </desc>
</t>
<t>
<field>TOT.AMT.TO.AMORT</field>
<desc>
            <p>holds the total amount to be amortised </p>
        </desc>
</t>
</menu>
</t24help>

