<?xml version="1.0" encoding="utf-8"?>
<t24help>
<header>
<product>SL</product>
<table>SL.CUSTOMER.LOANS</table>
</header>
<overview>
<ovdesc></ovdesc>
<ovimage></ovimage>
</overview>
<menu>
<t>
<field>CUSTOMER.ID</field>
<desc>
            <p>Key field which holds the customer for whom this record is created</p>
            <p />
        </desc>
</t>
<t>
<field>LOAN.ID</field>
<desc>
            <p>Holds the IDs of the loan contracts which are belong to the customer given in the field KEY</p>
            <p />
        </desc>
</t>
</menu>
</t24help>

