<?xml version="1.0" encoding="utf-8"?>
<t24help>
<header>
<product>SL</product>
<table>SL.CHARGE.BALANCES</table>
</header>
<overview>
<ovdesc></ovdesc>
<ovimage></ovimage>
</overview>
<menu>
<t>
<field>CONT.BAL.ID</field>
<desc>
            <p>Key to this application.</p>
        </desc>
</t>
<t>
<field>PART.ID</field>
<desc>
            <p>Whenever the charges are to be distributed among all participants, this field, which forms a part of a multivalue set will hold the participant ID</p>
        </desc>
</t>
<t>
<field>TOT.CHRG.AMT</field>
<desc>
            <p>The total charge amount either calculated or user input is held in this field.  It is updated with the amount in CHG.AMOUNT field in SL.CHARGE record</p>
            <p />
        </desc>
</t>
<t>
<field>TAX.CURRENCY</field>
<desc>
            <p>The currency in which the tax amount is expressed is updated in this field</p>
            <p />
        </desc>
</t>
<t>
<field>PART.TAX.AMT</field>
<desc>
            <p>This field hold the participant's share amount in the tax amount</p>
        </desc>
</t>
<t>
<field>TOT.AMRT.PRD</field>
<desc>
            <p>Holds the total amortisation period of the charge amount, defined through SL.CHARGE application</p>
        </desc>
</t>
<t>
<field>CHG.CURRENCY</field>
<desc>
            <p>The currency in which the charge amount is expressed is updated in this field</p>
            <p />
        </desc>
</t>
<t>
<field>MTH.AMRT.AMT</field>
<desc>
            <p>Holds the monthly amortisation amount calculated based on  total amortisation amount and amortisation period
</p>
        </desc>
</t>
<t>
<field>NXT.AMRT.DTE</field>
<desc>
            <p>This field holds the date on which next amortisation will take place. The amortisation dates are arrived at using the amortisation frequency from SL.CHARGE record.</p>
        </desc>
</t>
<t>
<field>TAX.AMT</field>
<desc>
            <p>Holds the amount of tax calculated by the system in tax currency . </p>
        </desc>
</t>
<t>
<field>TAX.CODE</field>
<desc>
            <p>The TAX code pertaining to the charge code defined at CHG.CODE is updated in . This tax code is ascertained from FT.COMMISSIONT.TYPE or FT.CHARGE.TYPE record</p>
            <p />
        </desc>
</t>
<t>
<field>BAL.AMRT.AMT</field>
<desc>
            <p>Holds the remaining amortaisation period amount </p>
        </desc>
</t>
<t>
<field>BAL.AMRT.PRD</field>
<desc>
            <p>Holds the remaining amortaisation period.</p>
        </desc>
</t>
<t>
<field>CATEG.CODE</field>
<desc>
            <p>Holds the category where charge is to be collected.</p>
        </desc>
</t>
<t>
<field>CHG.CODE</field>
<desc>
            <p>Holds the charge code used in this charge event </p>
            <p />
        </desc>
</t>
<t>
<field>TOT.AMRT.AMT</field>
<desc>
            <p>Holds the total amount which has been amortised  so far.</p>
        </desc>
</t>
<t>
<field>PART.CHG.AMT</field>
<desc>
            <p>This field holds the participant's share amount in the total charge amount. The corresponding participant would be available in the field PART.ID.</p>
        </desc>
</t>
<t>
<field>END.AMRT.DTE</field>
<desc>
            <p>Holds the END date on which amortisation will take place.</p>
        </desc>
</t>
</menu>
</t24help>

