<?xml version="1.0" encoding="utf-8"?>
<t24help>
<header>
<product>SL</product>
<table>SL.DIARY</table>
</header>
<overview>
<ovdesc>

        </ovdesc>
<ovimage></ovimage>
</overview>
<menu>
<t>
<field>START.DATE</field>
<desc>
            <p>Effective date from which the diary activity is to be monitored. Only dates greater than or equal to system date are allowed to be input.</p>
            <p>Associated multi-valued field to diary activity</p>
            <p>
                <p>Validation Rules:</p>
            </p>
            <p />
            <p>Upto 9 type A alphanumeric character date format.</p>
            <p />
        </desc>
</t>
<t>
<field>END.DATE</field>
<desc>
            <p>End date upto which the diary activity is to be monitored</p>
            <p>
                <p>Validation Rules:</p>
            </p>
            <p />
            <p>Upto 9 type A alpha numeric character date field</p>
        </desc>
</t>
<t>
<field>DIARY.FQY</field>
<desc>
            <p />
            <p>The frequency at which the diary activity is to be monitored. </p>
            <p />
            <p>Accepted frequencies are Daily, Weekly, Monthly, Quarterly, Half-yearly, Annual and  Manual</p>
            <p>Ex - DAILY, WEEK1, WEEK2 for daily or weekly frequencies</p>
            <p>     - M0131(every month on the last day), M0301 (every quarter on the first day), for monthly and above frequencies. </p>
            <p>In order to define adhoc frequencies MANUAL option may be chosen where the user may list out the specific dates on which the diary activity is to be monitored. Such dates may be given in Man.Rev.Dt</p>
            <p />
            <p>
                <p>Validation Rules:</p>
            </p>
            <p />
            <p>Allowed values are DAILY, WEEK1, etc </p>
            <p>Monthly frequencies may be input format M0131 </p>
            <p>MANUAL may be chosen for adhoc dates </p>
        </desc>
</t>
<t>
<field>SL.DIARY.ID</field>
<desc>
            <p>The ID denotes the level at which the diary activity is being recorded. </p>
            <p>The following levels are supported;</p>
            <p />
            <p />
            <p />
            <p>    Facility ID</p>
            <p />
            <p />
            <p>    Facility plus     tranche sequence number</p>
            <p />
            <p />
            <p>    Facility plus     customer reference</p>
            <p />
            <p />
            <p> Facility plus     participant reference</p>
            <p />
            <p />
            <p> Facility plus     tranche plus customer</p>
            <p />
            <p />
            <p> Facility plus     tranche plus participant</p>
            <p />
            <p />
            <p> SL Loan ID</p>
            <p />
            <p />
            <p> SL Loan plus     participant reference</p>
            <p />
            <p>
                <p>Validation Rules:</p>
            </p>
            <p />
            <p>As above</p>
            <p />
        </desc>
</t>
<t>
<field>OUTCOME</field>
<desc>
            <p>The outcome of the monitoring could be recorded in this field. </p>
            <p>Standard values that are accepted are </p>
            <p>COMPLIED</p>
            <p>NOT COMPLIED</p>
            <p>DEFERRED</p>
            <p>
                <p>Validation Rules:</p>
            </p>
            <p />
            <p>Only allowed values accepted are COMPLIED, NOT COMPLIED and  DEFERRED</p>
        </desc>
</t>
<t>
<field>MAN.REV.DT</field>
<desc>
            <p>If the diary activity is to be monitored on specific adhoc dates the user may manually list out the dates in this field.</p>
            <p>Multi-valued field to assist recording of more than one manual review date</p>
            <p>Allowed only for value MANUAL in Diary.Fqy</p>
            <p>If this field is input start and end dates are not to be given </p>
            <p>
                <p>Validation Rules:</p>
            </p>
            <p />
            <p>Upto 9 type A alphanumeric date field</p>
        </desc>
</t>
<t>
<field>LOCAL.REF</field>
<desc>
            <p>Contains any additional information that has been defined locally to meet a specific local requirement</p>
            <p>
                <p>Validation Rules:</p>
            </p>
            <p />
            <p>Upto 35 A alphanumeric characters</p>
            <p>To be defined locally</p>
        </desc>
</t>
<t>
<field>ACTION</field>
<desc>
            <p>Action taken / to be taken may be recorded in this field.</p>
            <p>35 characters free text field for the user to describe the pending action or action taken.</p>
            <p>
                <p>Validation Rules:</p>
            </p>
            <p />
            <p>3-35 characters free text field</p>
        </desc>
</t>
<t>
<field>ADMINISTRATOR</field>
<desc>
            <p>ID of the account officer responsible for monitoring the activity.</p>
            <p>
                <p>Validation Rules:</p>
            </p>
            <p />
            <p>Must be a valid record on DEPT.ACCT.OFFICER table</p>
            <p />
        </desc>
</t>
<t>
<field>CYCLED.DATE</field>
<desc>
            <p>The dates cycled by the system based on the start date and frequency defined.</p>
            <p>For the manual option, the review dates listed would be written</p>
            <p>
                <p>Validation Rules:</p>
            </p>
            <p />
            <p>System generated field. No input allowed</p>
        </desc>
</t>
<t>
<field>DIARY.CODE</field>
<desc>
            <p>Valid ID of SL.DIARY.CODE. Multivalued field to record multiple activities at the same level.</p>
            <p>Activity that is being diarised. </p>
            <p>
                <p>Validation Rules:</p>
            </p>
            <p />
            <p>Must be a valid SL.DIARY.CODE</p>
        </desc>
</t>
</menu>
</t24help>

