<?xml version="1.0" encoding="utf-8"?>
<t24help>
<header>
<product>SL</product>
<table>SL.DIARY.CODES</table>
</header>
<overview>
<ovdesc>

            <p />
            <p>This application is provided in order to record DIARY events for a facility. The DIARY events may be recorded at the Facility level, tranche level or loan level. Specific covenants applicable to a single (or group) participants or a particular customer may also be defined.</p>
            <p />
            <p>The list of standard diary activities / covenants may be recorded in SL.DIARY.CODES. The ID of SL.DIARY.CODES would be 1-6 alpha numeric character. The general and short descriptions of the codes may also be entered in this table and used in SL.DIARY application.</p>
        </ovdesc>
<ovimage></ovimage>
</overview>
<menu>
<t>
<field>DESCRIPTION</field>
<desc>
            <p>General description of the DIARY.CODE.</p>
            <p>
                <p>Validation Rules:</p>
            </p>
            <p />
            <p>3-35 character free text field </p>
        </desc>
</t>
<t>
<field>SHORT.DESC</field>
<desc>
            <p>Short description of the diary code. Diary codes could be listed in this table and picked in field DIARY.CODE in SL.DIARY application</p>
            <p>
                <p>Validation Rules:</p>
            </p>
            <p />
            <p>3-15 character free text</p>
        </desc>
</t>
<t>
<field>SL.DIARY.CODES.ID</field>
<desc>
            <p />
            <p>The ID of SL.DIARY.CODES would be 1-6 alpha numeric character.</p>
            <p />
            <p>
                <p>Validation Rules:</p>
            </p>
            <p />
            <p>Upto 6 character alphanumeric.</p>
        </desc>
</t>
</menu>
</t24help>

