<?xml version="1.0" encoding="utf-8"?>
<t24help>
<header>
<product>SL</product>
<table>SL.EXPOSURE.LEVEL</table>
</header>
<overview>
<ovdesc>

            <p>Insert text here</p>
            <p>Validation Rules</p>
            <p />
            <p>Rule 1</p>
            <p>Rule 2</p>
        </ovdesc>
<ovimage></ovimage>
</overview>
<menu>
<t>
<field>UTIL.AMOUNT</field>
<desc>
            <p> Holds the amount utilised from the exposure limit on the corresponding phased reduction date. This field is updated when there is a drawing amount within the exposure limit</p>
        </desc>
</t>
<t>
<field>DECREASE.AMT</field>
<desc>
            <p>The phased redution amount of the Facility on the date given at the EXP.DATE field is updated here. This field is updated based on the vaule from the field DEC.AMOUNT in FACILITY</p>
        </desc>
</t>
<t>
<field>EXP.AMOUNT</field>
<desc>
            <p>Holds the exposure amount after every reduction which is available for drawing
</p>
        </desc>
</t>
<t>
<field>EXP.DATE</field>
<desc>
            <p>Holds  the exposure date based on the phased reduction in a revolving type Facility. This is a multivalue field associated with EXP.AMOUNT, DECREASE.AMT and UTIL.AMOUNT fields
</p>
        </desc>
</t>
<t>
<field>KEY</field>
<desc>
            <p>Holds the corresponding Facility id</p>
        </desc>
</t>
</menu>
</t24help>

