<?xml version="1.0" encoding="utf-8"?>
<t24help>
<header>
<product>SL</product>
<table>SL.FACI.PART.BALANCES.HIST</table>
</header>
<overview>
<ovdesc>

        </ovdesc>
<ovimage></ovimage>
</overview>
<menu>
<t>
<field>TAX.AMOUNT</field>
<desc>
            <p>Please refer help text section of SL.FACI.PART.BALANCES</p>
        </desc>
</t>
<t>
<field>PART.DECR.AMT</field>
<desc>
            <p>Help Text for this field is unavailable.  Please refer to the T24 User Guides for further information.</p>
        </desc>
</t>
<t>
<field>OUTS.ACCR.UAVL</field>
<desc>
            <p>Help Text for this field is unavailable.  Please refer to the T24 User Guides for further information.</p>
        </desc>
</t>
<t>
<field>FEE.PERC.UAVL</field>
<desc>
            <p>Help Text for this field is unavailable.  Please refer to the T24 User Guides for further information.</p>
        </desc>
</t>
<t>
<field>TR.OUTS.AMT</field>
<desc>
            <p>Please refer help text section of SL.FACI.PART.BALANCES</p>
        </desc>
</t>
<t>
<field>FEE.EFF.DATE</field>
<desc>
            <p>Please refer help text section of SL.FACI.PART.BALANCES</p>
        </desc>
</t>
<t>
<field>TAX.AMOUNT.UAVL</field>
<desc>
            <p>Help Text for this field is unavailable.  Please refer to the T24 User Guides for further information.</p>
        </desc>
</t>
<t>
<field>TR.PART.AMT</field>
<desc>
            <p>Please refer help text section of SL.FACI.PART.BALANCES</p>
        </desc>
</t>
<t>
<field>PART.AMT.EFF.DT</field>
<desc>
            <p>Please refer help text section of SL.FACI.PART.BALANCES</p>
        </desc>
</t>
<t>
<field>FEE.CALC.ST</field>
<desc>
            <p>Please refer help text section of SL.FACI.PART.BALANCES</p>
        </desc>
</t>
<t>
<field>FEE.AMOUNT.UAVL</field>
<desc>
            <p>Help Text for this field is unavailable.  Please refer to the T24 User Guides for further information.</p>
        </desc>
</t>
<t>
<field>FEE.PERC</field>
<desc>
            <p>Please refer help text section of SL.FACI.PART.BALANCES</p>
        </desc>
</t>
<t>
<field>FEE.AMOUNT</field>
<desc>
            <p>Please refer help text section of SL.FACI.PART.BALANCES</p>
        </desc>
</t>
<t>
<field>TOT.AMT.EFF.DT</field>
<desc>
            <p>Please refer help text section of SL.FACI.PART.BALANCES</p>
        </desc>
</t>
<t>
<field>PART.INCR.AMT</field>
<desc>
            <p>Help Text for this field is unavailable.  Please refer to the T24 User Guides for further information.</p>
        </desc>
</t>
<t>
<field>FEE.CALC.END</field>
<desc>
            <p>Please refer help text section of SL.FACI.PART.BALANCES</p>
        </desc>
</t>
<t>
<field>PART.AMT.MOVED</field>
<desc>
            <p>Please refer help text section of SL.FACI.PART.BALANCES</p>
        </desc>
</t>
<t>
<field>TRANCHE.CODE</field>
<desc>
            <p>Please refer help text section of SL.FACI.PART.BALANCES</p>
        </desc>
</t>
<t>
<field>PART.OUTS.AMT</field>
<desc>
            <p>Please refer help text section of SL.FACI.PART.BALANCES</p>
        </desc>
</t>
<t>
<field>TOT.FEE.AMT</field>
<desc>
            <p>Please refer help text section of SL.FACI.PART.BALANCES</p>
        </desc>
</t>
<t>
<field>FEE.EFF.DT.UAVL</field>
<desc>
            <p>Help Text for this field is unavailable.  Please refer to the T24 User Guides for further information.</p>
        </desc>
</t>
<t>
<field>KEY</field>
<desc>
            <p>Please refer help text section of SL.FACI.PART.BALANCES</p>
        </desc>
</t>
<t>
<field>OUTS.ACCR.AMT</field>
<desc>
            <p>Please refer help text section of SL.FACI.PART.BALANCES</p>
        </desc>
</t>
<t>
<field>FEE.PERC.AMT</field>
<desc>
            <p>Help Text for this field is unavailable.  Please refer to the T24 User Guides for further information.</p>
        </desc>
</t>
<t>
<field>PART.TOT.AMT</field>
<desc>
            <p>Please refer help text section of SL.FACI.PART.BALANCES</p>
        </desc>
</t>
<t>
<field>AMT.DECR</field>
<desc>
            <p>Help Text for this field is unavailable.  Please refer to the T24 User Guides for further information.</p>
        </desc>
</t>
<t>
<field>AMT.EFF.DATE</field>
<desc>
            <p>Please refer help text section of SL.FACI.PART.BALANCES</p>
        </desc>
</t>
<t>
<field>AMT.INCR</field>
<desc>
            <p>Help Text for this field is unavailable.  Please refer to the T24 User Guides for further information.</p>
        </desc>
</t>
<t>
<field>AMT.MOVED</field>
<desc>
            <p>Please refer help text section of SL.FACI.PART.BALANCES</p>
        </desc>
</t>
</menu>
</t24help>

