<?xml version="1.0" encoding="utf-8"?>
<t24help>
<header>
<product>SL</product>
<table>SL.FACI.DELIVERY.LIST</table>
</header>
<overview>
<ovdesc></ovdesc>
<ovimage></ovimage>
</overview>
<menu>
<t>
<field>DELIVERY.DATE</field>
<desc>
            <p>Date on which the delivery has to be processed for the keys updated</p>
            <p />
        </desc>
</t>
<t>
<field>SL.FACI.ID</field>
<desc>
            <p>This field is updated with the keys of the contracts for which delivery has to be produced</p>
            <p />
        </desc>
</t>
</menu>
</t24help>

