<?xml version="1.0" encoding="utf-8"?>
<t24help>
<header>
<product>SL</product>
<table>SL.FAC.PROD.DETAILS</table>
</header>
<overview>
<ovdesc>
This is a live file updated when MULTI.PROD.FAC is set to YES in Facility </ovdesc>
<ovimage></ovimage>
</overview>
<menu>
<t>
<field>PROD.TR.CODE</field>
<desc>
            <p>This holds tranche reference number which is used to define the tranche level utilisation on the Product for a Phased out Disbursement</p>
        </desc>
</t>
<t>
<field>PROD.TR.AMT.MVD</field>
<desc>
            <p>This field holds the amount utilised at tranche level against each product</p>
        </desc>
</t>
<t>
<field>PROD.TR.OUTS.AMT</field>
<desc>
            <p>This field holds the amount yet to utilise at tranche level against each product . It can be utilised only when the commitment available amount under the respective tranche exists.</p>
        </desc>
</t>
<t>
<field>CURRENCY</field>
<desc>
            <p>This holds the currency of the FACILITY contract</p>
        </desc>
</t>
<t>
<field>KEY</field>
<desc>
            <p>This is the id of FACILITY</p>
        </desc>
</t>
<t>
<field>PROD.OUTS.AMT</field>
<desc>
            <p>This indicates the maximum amount that can be utilised against the product</p>
        </desc>
</t>
<t>
<field>PROD.TYPE</field>
<desc>
            <p>This holds Product type set in FACILITY when multi product is defined.Possible values are LN,GT and SC</p>
        </desc>
</t>
</menu>
</t24help>

