<?xml version="1.0" encoding="utf-8"?>
<t24help>
<header>
<product>SL</product>
<table>SL.FACI.ACCR.DETAILS</table>
</header>
<overview>
<ovdesc>

        </ovdesc>
<ovimage></ovimage>
</overview>
<menu>
<t>
<field>FROM.DATE</field>
<desc>
            <p>The start date of the accrual is stored in this field.</p>
            <p> Multivalue field associated with field range FROM.DATE to ACCR.ACT.AMT</p>
        </desc>
</t>
<t>
<field>FEE.RATE</field>
<desc>
            <p>The rate at which the commitment fee is calculated.</p>
            <p> Standard rate format.</p>
        </desc>
</t>
<t>
<field>KEY</field>
<desc>
            <p>The key to this file is the FACILITY ID.</p>
        </desc>
</t>
<t>
<field>TO.DATE.UAVL</field>
<desc>
            <p>The end date of the accrual is stored in this field .(Unavailable portion)</p>
            <p> Multivalue field associated with field range FROM.DATE to ACCR.ACT.AMT.</p>
        </desc>
</t>
<t>
<field>BASE.AMT.UAVL</field>
<desc>
            <p>The available amount on which the commitment fee is calculated.(UNAVAILABLE PORTION)</p>
            <p>Up to 14 numeric characters plus a decimal point. Standard amount format..</p>
        </desc>
</t>
<t>
<field>ACCR.DAYS</field>
<desc>
            <p>The number of days for which the committment fee accrual amount shown in corresponding ACCR.AMT has been calculated.The number of days is calculated according to the Basis (360/360,366/360, 366/365 or 360/365) on which the interest calculation is to be made. </p>
            <p>1-3 numeric characters. Multivalue field associated with field range FROM.DATE to ACCR.ACT.AMT</p>
        </desc>
</t>
<t>
<field>FROM.DATE.UAVL</field>
<desc>
            <p>The start date of the accrual is stored in this field .(Unavailable portion)</p>
            <p> Multivalue field associated with field range FROM.DATE to ACCR.ACT.AMT</p>
        </desc>
</t>
<t>
<field>TO.DATE</field>
<desc>
            <p>The end date of the accrual is stored in this field.</p>
            <p>Multivalue field associated with field range FROM.DATE to ACCR.ACT.AMT
</p>
        </desc>
</t>
<t>
<field>ACCR.DAYS.UAVL</field>
<desc>
            <p>The number of days for which the committment fee accrual amount shown in corresponding ACCR.AMT has been calculated.The number of days is calculated according to the Basis (360/360,366/360, 366/365 or 360/365) on which the interest calculation is to be made.(UNAVAILABLE PORTION) </p>
            <p>1-3 numeric characters. Multivalue field associated with field range FROM.DATE to ACCR.ACT.AMT</p>
        </desc>
</t>
<t>
<field>PART.ID</field>
<desc>
            <p>This field will be updated with the own banks participant ID.</p>
        </desc>
</t>
<t>
<field>FEE.RATE.UAVL</field>
<desc>
            <p>The rate at which the commitment fee is calculated.(UNAVAILABLE PORTION)</p>
            <p> Standard rate format.</p>
        </desc>
</t>
<t>
<field>BASE.AMT</field>
<desc>
            <p>The available amount on which the commitment fee is calculated.</p>
            <p>Up to 14 numeric characters plus a decimal point. Standard amount format.</p>
        </desc>
</t>
<t>
<field>ACCR.ACT.AMT</field>
<desc>
            <p>The actual accrual amount that was calculated based on the values in the accrual related fields
 </p>
        </desc>
</t>
<t>
<field>ACCR.ACT.AMT.UAVL</field>
<desc>
            <p>The actual accrual amount that was calculated based on the values in the accrual related fields(UNAVAILABLE PORTION)</p>
        </desc>
</t>
<t>
<field>ACCR.AMT</field>
<desc>
            <p>The rounded accrual amount that is calculated based on the values in the accrual related fields 
</p>
        </desc>
</t>
<t>
<field>ACCR.AMT.UAVL</field>
<desc>
            <p>The rounded accrual amount that is calculated based on the values in the accrual related fields (UNAVAILABLE PORTION)</p>
        </desc>
</t>
</menu>
</t24help>

