<?xml version="1.0" encoding="utf-8"?>
<t24help>
<header>
<product>SL</product>
<table>SL.FACI.BALANCES.HIST</table>
</header>
<overview>
<ovdesc>

        </ovdesc>
<ovimage></ovimage>
</overview>
<menu>
<t>
<field>TR.OUTS.AMT</field>
<desc>
            <p>Please refer help text section of SL.FACI.BALANCES</p>
        </desc>
</t>
<t>
<field>TAX.AMOUNT</field>
<desc>
            <p>Please refer help text section of SL.FACI.BALANCES</p>
        </desc>
</t>
<t>
<field>TR.AMT.MV.DT</field>
<desc>
            <p>Please refer help text section of SL.FACI.BALANCES</p>
        </desc>
</t>
<t>
<field>SL.AMT.MOVED</field>
<desc>
            <p>Please refer help text section of SL.FACI.BALANCES</p>
        </desc>
</t>
<t>
<field>SL.INCR.MVT</field>
<desc>
            <p>Please refer the help text section of SL.FACI.BALANCES</p>
        </desc>
</t>
<t>
<field>TR.AMT.MOVED</field>
<desc>
            <p>Please refer help text section of SL.FACI.BALANCES</p>
        </desc>
</t>
<t>
<field>TOT.FEE.UAVL</field>
<desc>
            <p>Please refer the help text section of SL.FACI.BALANCES</p>
        </desc>
</t>
<t>
<field>FEE.EFF.DT.UAVL</field>
<desc>
            <p>Please refer the help text section of SL.FACI.BALANCES</p>
        </desc>
</t>
<t>
<field>TR.AMT.DECR</field>
<desc>
            <p>Please refer the help text section of SL.FACI.BALANCES</p>
        </desc>
</t>
<t>
<field>TOT.FEE.AMT</field>
<desc>
            <p>Please refer help text section of SL.FACI.BALANCES</p>
        </desc>
</t>
<t>
<field>FEE.PERC.UAVL</field>
<desc>
            <p>Please refer the help text section of SL.FACI.BALANCES</p>
        </desc>
</t>
<t>
<field>SL.INIT.AMOUNT</field>
<desc>
            <p>Please refer help text section of SL.FACI.BALANCES</p>
        </desc>
</t>
<t>
<field>SL.OUTS.AMT</field>
<desc>
            <p>Please refer help text section of SL.FACI.BALANCES</p>
        </desc>
</t>
<t>
<field>TRANCHE.IND</field>
<desc>
            <p>Please refer help text section of SL.FACI.BALANCES</p>
        </desc>
</t>
<t>
<field>FEE.PERC.AMT</field>
<desc>
            <p>Help Text for this field is unavailable.  Please refer to the T24 User Guides for further information.</p>
        </desc>
</t>
<t>
<field>TOT.AMT.EFF.DT</field>
<desc>
            <p>Please refer help text section of SL.FACI.BALANCES</p>
        </desc>
</t>
<t>
<field>TRANCHE.TOT.AMT</field>
<desc>
            <p>Please refer help text section of SL.FACI.BALANCES</p>
        </desc>
</t>
<t>
<field>SL.CURRENCY</field>
<desc>
            <p>Please refer help text section of SL.FACI.BALANCES</p>
        </desc>
</t>
<t>
<field>TR.AMT.INCR</field>
<desc>
            <p>Please refer the help text section of SL.FACI.BALANCES</p>
        </desc>
</t>
<t>
<field>FEE.PERC</field>
<desc>
            <p>Please refer help text section of SL.FACI.BALANCES</p>
        </desc>
</t>
<t>
<field>KEY</field>
<desc>
            <p>Please refer help text section of SL.FACI.BALANCES</p>
        </desc>
</t>
<t>
<field>SL.DECR.MVT</field>
<desc>
            <p>Please refer the help text section of SL.FACI.BALANCES</p>
        </desc>
</t>
<t>
<field>TAX.AMOUNT.UAVL</field>
<desc>
            <p>Please refer the help text section of SL.FACI.BALANCES</p>
        </desc>
</t>
<t>
<field>AMT.EFF.DATE</field>
<desc>
            <p>Please refer help text section of SL.FACI.BALANCES</p>
        </desc>
</t>
<t>
<field>FEE.CALC.END</field>
<desc>
            <p>Please refer help text section of SL.FACI.BALANCES</p>
        </desc>
</t>
<t>
<field>FEE.CALC.ST</field>
<desc>
            <p>Please refer help text section of SL.FACI.BALANCES</p>
        </desc>
</t>
<t>
<field>FEE.EFF.DATE</field>
<desc>
            <p>Please refer help text section of SL.FACI.BALANCES</p>
        </desc>
</t>
<t>
<field>TRANCHE.CODE</field>
<desc>
            <p>Please refer help text section of SL.FACI.BALANCES</p>
        </desc>
</t>
</menu>
</t24help>

