<?xml version="1.0" encoding="utf-8"?>
<t24help>
<header>
<product>SL</product>
<table>SL.FACI.SCHEDULES</table>
</header>
<overview>
<ovdesc></ovdesc>
<ovimage></ovimage>
</overview>
<menu>
<t>
<field>SCH.AMOUNT</field>
<desc>
            <p>Holds the scheduled amount  due for the ID date for related schedule type</p>
        </desc>
</t>
<t>
<field>SCH.TYPE</field>
<desc>
            <p>Holds the type of the schedule for which this record is created</p>
            <p />
        </desc>
</t>
<t>
<field>ID</field>
<desc>
            <p>This is the key to this file which is formed by id of the FACILITY appended with effective date of the schedule defined in this record</p>
            <p />
        </desc>
</t>
<t>
<field>BUY.SELL.ID</field>
<desc>
            <p>This field holds the ID of the SL.BUY.SELL record</p>
        </desc>
</t>
<t>
<field>CHG.AMOUNT</field>
<desc>
            <p>Holds the charge amount applicable for this schedule</p>
            <p />
        </desc>
</t>
<t>
<field>CHG.CODE</field>
<desc>
            <p>Holds the charge code which has to be used when the charge schedule for this date is processed.</p>
            <p />
        </desc>
</t>
<t>
<field>CHG.CURRENCY</field>
<desc>
            <p>Holds the charge currency in which attached charge has to be collected.</p>
            <p />
        </desc>
</t>
</menu>
</t24help>

