<?xml version="1.0" encoding="utf-8"?>
<t24help>
<header>
<product>SL</product>
<table>SL.FAC.PROD.MVMT.DETAILS</table>
</header>
<overview>
<ovdesc>
This is a live file updated when drawings are made under multi product facility </ovdesc>
<ovimage></ovimage>
</overview>
<menu>
<t>
<field>PROD.TYPE</field>
<desc>
            <p>This holds Product type of the drawings made under the FACILITY.</p>
        </desc>
</t>
<t>
<field>PROD.TR.CODE</field>
<desc>
            <p>This holds tranche code of the drawings made under the FACILITY</p>
        </desc>
</t>
<t>
<field>PROD.MVMT.EFF.DATE</field>
<desc>
            <p>This holds the date on which the drawings made under the FACILITY</p>
        </desc>
</t>
<t>
<field>PROD.ID</field>
<desc>
            <p>This holds the ID of the drawings made under the FACILITY</p>
        </desc>
</t>
<t>
<field>CURRENCY</field>
<desc>
            <p>This holds the currency of the FACILITY contract</p>
        </desc>
</t>
<t>
<field>KEY</field>
<desc>
            <p>This is the id of FACILITY</p>
        </desc>
</t>
<t>
<field>PROD.AMT.MOVED</field>
<desc>
            <p>This holds amount utilised in the drawings made under the FACILITY</p>
        </desc>
</t>
</menu>
</t24help>

