<?xml version="1.0" encoding="utf-8"?>
<t24help>
<header>
<product>SL</product>
<table>SL.FACILITY</table>
</header>
<overview>
<ovdesc>

            <p />
            <p>List of credit facilities offered within the syndication. The @ID would be a two alpha character that will serve as a short form of the loan type. The table is user definable based on individual requirement. In the description field the type of loan facility is entered.</p>
            <p />
            <p>Typical values for such table would be TL (Term Loans), PF (Project Finance), GT (Guarantees) etc.</p>
            <p>The table would contain only two fields 'Description' and 'Short Description' (apart from the @ID) where the role is defined. Field length is 3-35 type AA characters for description and 3-15 type AA characters for short description. Short description is the description in an abbreviated format that is used for enrichment</p>
        </ovdesc>
<ovimage></ovimage>
</overview>
<menu>
<t>
<field>SL.FACILITY.ID</field>
<desc>
            <p />
            <p> The @ID would be a two numeric character that will serve as a short form of the loan type. The table is user definable based on individual requirement. In the description field the type of loan facility is entered.</p>
            <p />
            <p>Typical values for such table would be TL (Term Loans), PF (Project Finance), GT (Guarantees) etc.</p>
            <p>
                <p>Validation Rules:</p>
            </p>
            <p />
            <p>2 numeric characters</p>
        </desc>
</t>
<t>
<field>DESCRIPTION</field>
<desc>
            <p />
            <p>List The table is user definable based on individual requirement. In the description field the type of loan facility is entered.</p>
            <p />
            <p>Typical values for such table would be TL (Term Loans), PF (Project Finance), GT (Guarantees) etc.</p>
            <p> 3-35 type AA characters free text field </p>
            <p>
                <p>Validation Rules:</p>
            </p>
            <p />
            <p />
            <p> 3-35 type AA       characters free text field </p>
        </desc>
</t>
<t>
<field>LOCAL.REF</field>
<desc>
            <p>Contains any additional information that has been defined locally to meet a specific local requirement</p>
            <p>
                <p>Validation Rules:</p>
            </p>
            <p />
            <p>Upto 35 A alphanumeric characters</p>
            <p>To be defined locally</p>
        </desc>
</t>
<t>
<field>SHORT.DESC</field>
<desc>
            <p />
            <p>List The table is user definable based on individual requirement. In this field the short description of type of facility is entered.</p>
            <p />
            <p>Typical values for such table would be TL (Term Loans), PF (Project Finance), GT (Guarantees) etc.</p>
            <p> 3-15 type AA characters free text field </p>
            <p>
                <p>Validation Rules:</p>
            </p>
            <p />
            <p />
            <p> 3-15 type AA     characters free text field</p>
        </desc>
</t>
</menu>
</t24help>

