<?xml version="1.0" encoding="utf-8"?>
<t24help>
<header>
<product>SL</product>
<table>SL.FACI.TR.IDS</table>
</header>
<overview>
<ovdesc></ovdesc>
<ovimage></ovimage>
</overview>
<menu>
<t>
<field>FACI.TR.IDS</field>
<desc>
            <p>This is the key field which holds the ID of the Pre Syndication for which tranche details are updated</p>
            <p />
        </desc>
</t>
<t>
<field>FACILITY.NO</field>
<desc>
            <p>Holds all the facility numbers belong to the Pre Syndication for this record has been created</p>
            <p />
        </desc>
</t>
<t>
<field>TRANCHE.CODE</field>
<desc>
            <p>All the tranche codes which belong to a facility defined at the corresponding FACILITY.NO field are updated here</p>
            <p />
        </desc>
</t>
</menu>
</t24help>

