<?xml version="1.0" encoding="utf-8"?>
<t24help>
<header>
<product>SL</product>
<table>SL.FACI.BALANCES</table>
</header>
<overview>
<ovdesc></ovdesc>
<ovimage></ovimage>
</overview>
<menu>
<t>
<field>SL.CURRENCY</field>
<desc>
            <p>Holds the currency of the facility record </p>
        </desc>
</t>
<t>
<field>TRANCHE.CODE</field>
<desc>
            <p>Holds the tranche code defined under the facility.  This is a multivalue field associated with tranche level balances.</p>
            <p />
        </desc>
</t>
<t>
<field>SL.DECR.MVT</field>
<desc>
            <p>Records the negative movement of the facility</p>
            <p />
        </desc>
</t>
<t>
<field>TAX.AMOUNT.UAVL</field>
<desc>
            <p>Holds Tax amount calculated on the unavailable fee amount. This amount is calculated using the value in FEE.PERC.UVAL on the fee amount available in TOT.FEE.UVAL field</p>
            <p> .</p>
        </desc>
</t>
<t>
<field>SL.INCR.MVT</field>
<desc>
            <p>Records the positive movement of the facility</p>
            <p />
        </desc>
</t>
<t>
<field>TR.AMT.INCR</field>
<desc>
            <p>Records the positive movement of the facility within a Tranche</p>
            <p />
        </desc>
</t>
<t>
<field>FEE.PERC</field>
<desc>
            <p>Holds the percentage used to calculate the fee amount. This field is updated from the commitment fee percentage defined at the facility record</p>
            <p />
        </desc>
</t>
<t>
<field>TOT.AMT.EFF.DT</field>
<desc>
            <p>The effective date for the amount defined in the corresponding SL.INIT.AMOUNT field</p>
            <p />
        </desc>
</t>
<t>
<field>TR.OUTS.AMT</field>
<desc>
            <p>Holds the outstanding balance of the corresponding tranche defined in TRANCHE.CODE field and effective on a date defined in the corresponding AMT.EFF.DATE field</p>
            <p />
        </desc>
</t>
<t>
<field>TR.AMT.MV.DT</field>
<desc>
            <p>Holds the effective date for the amounts defined in the corresponding fields TR.OUTS.AMT and TR.AMT.MOVED"</p>
            <p />
        </desc>
</t>
<t>
<field>SL.AMT.MOVED</field>
<desc>
            <p>Holds the movement amount when there is a movement in the facility on a date defined at the corresponding field AMT.EFF.DATE</p>
            <p />
        </desc>
</t>
<t>
<field>FEE.PERC.AMT</field>
<desc>
            <p>Holds the fee calculation base amount each fee calculation date </p>
        </desc>
</t>
<t>
<field>TOT.FEE.AMT</field>
<desc>
            <p>Total fee amount for the  facility record</p>
            <p />
        </desc>
</t>
<t>
<field>TOT.FEE.UAVL</field>
<desc>
            <p>Total unavailable portion of fee amount for the facility record</p>
        </desc>
</t>
<t>
<field>TAX.AMOUNT</field>
<desc>
            <p>The tax amount calculated on the total fee amount from the corresponding field TOT.FEE.AMT</p>
            <p />
        </desc>
</t>
<t>
<field>TRANCHE.IND</field>
<desc>
            <p>Indicates whether the corresponding tranche is alive or passed. If the tranche end date is not crossed then  is updated with Y. A past tranch is indicated by updating N to "</p>
            <p />
        </desc>
</t>
<t>
<field>FEE.EFF.DT.UAVL</field>
<desc>
            <p>The commitment fee percentage effective date for the unavailable amount.  It is associated with the commitment fee percentage field</p>
            <p />
        </desc>
</t>
<t>
<field>FEE.PERC.UAVL</field>
<desc>
            <p>Holds the commitment fee percentage to be calculated on the unavailable amount</p>
            <p />
        </desc>
</t>
<t>
<field>KEY</field>
<desc>
            <p>This is the key field to the file which holds the FACILITY ID for which this Corresponding balance record is created</p>
            <p />
        </desc>
</t>
<t>
<field>TR.AMT.MOVED</field>
<desc>
            <p>Holds the movement amount when there is a movement in the tranche defined in the corresponding TRANCHE.CODE field and effective from a date defined at the corresponding field AMT.EFF.DATE</p>
            <p />
        </desc>
</t>
<t>
<field>TRANCHE.TOT.AMT</field>
<desc>
            <p>Holds the  total tranche amount to the corresponding tranche define in the field TRANCHE.CODE </p>
        </desc>
</t>
<t>
<field>SL.INIT.AMOUNT</field>
<desc>
            <p>Initial facility amount expressed in the  facility currency. This amount is updated from the facility record</p>
            <p />
        </desc>
</t>
<t>
<field>TR.AMT.DECR</field>
<desc>
            <p>Records the negative movement of the facility within a Tranche</p>
            <p />
        </desc>
</t>
<t>
<field>SL.OUTS.AMT</field>
<desc>
            <p>Holds the outstanding balance of the facility effective on a date defined in the corresponding AMT.EFF.DATE field</p>
            <p />
        </desc>
</t>
<t>
<field>AMT.EFF.DATE</field>
<desc>
            <p> effective date for the amounts defined in the corresponding fields SL.OUTS.AMT and SL.AMT.MOVED</p>
            <p />
        </desc>
</t>
<t>
<field>FEE.CALC.END</field>
<desc>
            <p>The date which is used as the end date for the fee calculation</p>
            <p />
        </desc>
</t>
<t>
<field>FEE.CALC.ST</field>
<desc>
            <p>The date which is used as the starting date for the fee calculation</p>
            <p />
        </desc>
</t>
<t>
<field>FEE.EFF.DATE</field>
<desc>
            <p>Holds the effective date of the processing  fee amount </p>
            <p />
        </desc>
</t>
</menu>
</t24help>

