<?xml version="1.0" encoding="utf-8"?>
<t24help>
<header>
<product>SL</product>
<table>SL.FACI.LOAN.CURRENCY</table>
</header>
<overview>
<ovdesc></ovdesc>
<ovimage></ovimage>
</overview>
<menu>
<t>
<field>FACI.LN.CCY</field>
<desc>
            <p>This is the key field which is formed by appending the deal currency along with the facility and tranche keys. The record will hold the SL.LOAN IDs belong to this facility and currency</p>
            <p />
        </desc>
</t>
<t>
<field>LOAN.ID</field>
<desc>
            <p>This multivalue field holds the loan contract IDs belong to the facility and currency defined in the FACI.LN.CCY field</p>
            <p />
        </desc>
</t>
</menu>
</t24help>

