<?xml version="1.0" encoding="utf-8"?>
<t24help>
<header>
<product>SL</product>
<table>SL.FACI.LOAN.CUST.AMT</table>
</header>
<overview>
<ovdesc>

        </ovdesc>
<ovimage></ovimage>
</overview>
<menu>
<t>
<field>ALLOWED.AMT</field>
<desc>
            <p>This field is updated with the allowed amount for a customer from the facility</p>
        </desc>
</t>
<t>
<field>FACI.LN.CUST</field>
<desc>
            <p>This is the key field which holds the facility id appended with tranche id and customer
</p>
        </desc>
</t>
<t>
<field>LOAN.AMT</field>
<desc>
            <p>The loan balance amount is updated in this field with the corresponding loan id in LOAN.ID field
</p>
        </desc>
</t>
<t>
<field>LOAN.ID</field>
<desc>
            <p>This is a multivalue field associated with LOAN.AMT. This field holds the id of the SL.LOANS record
</p>
        </desc>
</t>
</menu>
</t24help>

