<?xml version="1.0" encoding="utf-8"?>
<t24help>
<header>
<product>SL</product>
<table>SL.FACI.TR.END.LIST</table>
</header>
<overview>
<ovdesc>

        </ovdesc>
<ovimage></ovimage>
</overview>
<menu>
<t>
<field>END.DATE</field>
<desc>
            <p>This is an 'I' type field which holds the process end date
</p>
        </desc>
</t>
<t>
<field>FACI.TR</field>
<desc>
            <p>This field holds the ID of the tranches belong to this Facility
</p>
        </desc>
</t>
<t>
<field>PROCESS.DATE</field>
<desc>
            <p>This is the key field which holds the process end date along with the facility id. 
</p>
        </desc>
</t>
</menu>
</t24help>

