<?xml version="1.0" encoding="utf-8"?>
<t24help>
<header>
<product>SL</product>
<table>SL.FACI.ACCR.DETAILS.SAVE</table>
</header>
<overview>
<ovdesc>

        </ovdesc>
<ovimage></ovimage>
</overview>
<menu>
<t>
<field>FROM.DATE</field>
<desc>
            <p>Please refer help text section of SL.FACI.ACCR.DETAILS</p>
        </desc>
</t>
<t>
<field>KEY</field>
<desc>
            <p>Please refer help text section of SL.FACI.ACCR.DETAILS</p>
        </desc>
</t>
<t>
<field>FEE.RATE</field>
<desc>
            <p>Please refer help text section of SL.FACI.ACCR.DETAILS</p>
        </desc>
</t>
<t>
<field>TO.DATE</field>
<desc>
            <p>Please refer help text section of SL.FACI.ACCR.DETAILS</p>
        </desc>
</t>
<t>
<field>PART.ID</field>
<desc>
            <p>Please refer help text section of SL.FACI.ACCR.DETAILS</p>
        </desc>
</t>
<t>
<field>ACCR.ACT.AMT</field>
<desc>
            <p>Please refer help text section of SL.FACI.ACCR.DETAILS</p>
        </desc>
</t>
<t>
<field>ACCR.AMT</field>
<desc>
            <p>Please refer help text section of SL.FACI.ACCR.DETAILS</p>
        </desc>
</t>
<t>
<field>ACCR.DAYS</field>
<desc>
            <p>Please refer help text section of SL.FACI.ACCR.DETAILS</p>
        </desc>
</t>
<t>
<field>BASE.AMT</field>
<desc>
            <p>Please refer help text section of SL.FACI.ACCR.DETAILS</p>
        </desc>
</t>
<t><field>FROM.DATE.UAVL</field><desc><p>Help Text for this field is unavailable.  Please refer to the T24 User Guides for further information.</p></desc></t><t><field>TO.DATE.UAVL</field><desc><p>Help Text for this field is unavailable.  Please refer to the T24 User Guides for further information.</p></desc></t><t><field>ACCR.DAYS.UAVL</field><desc><p>Help Text for this field is unavailable.  Please refer to the T24 User Guides for further information.</p></desc></t><t><field>BASE.AMT.UAVL</field><desc><p>Help Text for this field is unavailable.  Please refer to the T24 User Guides for further information.</p></desc></t><t><field>FEE.RATE.UAVL</field><desc><p>Help Text for this field is unavailable.  Please refer to the T24 User Guides for further information.</p></desc></t><t><field>ACCR.AMT.UAVL</field><desc><p>Help Text for this field is unavailable.  Please refer to the T24 User Guides for further information.</p></desc></t><t><field>ACCR.ACT.AMT.UAVL</field><desc><p>Help Text for this field is unavailable.  Please refer to the T24 User Guides for further information.</p></desc></t></menu>
</t24help>
