<?xml version="1.0" encoding="utf-8"?>
<t24help>
<header>
<product>SL</product>
<table>SL.FACILITY.LOANS</table>
</header>
<overview>
<ovdesc></ovdesc>
<ovimage></ovimage>
</overview>
<menu>
<t>
<field>LOAN.AMOUNT</field>
<desc>
            <p>Holds the loan contract amount expressed in the currency of the FACILITY.</p>
            <p />
        </desc>
</t>
<t>
<field>LOAN.ID</field>
<desc>
            <p>Holds the IDs of the loans contracts created under this facility for which this record is created</p>
            <p />
        </desc>
</t>
<t>
<field>SCH.DEFINED</field>
<desc>
            <p>This field indicates whether schedule definition has been set at the loan contract level or not. The value of 'Y' means the schedule
definition at loan contract level has been set</p>
        </desc>
</t>
<t>
<field>MATURITY.DATE</field>
<desc>
            <p>Holds the maturity date of the loan contract which is defined at the corresponding LOAN.ID field</p>
            <p />
        </desc>
</t>
<t>
<field>BASE.CCY.AMT</field>
<desc>
            <p>Holds the loan amount expressed in the loan contract currency. This amount would be equal to the corresponding amount in the field  BASE.CCY.AMT if both loan currency and facility currency are same</p>
            <p />
        </desc>
</t>
<t>
<field>DEAL.CURRENCY</field>
<desc>
            <p>The currency of the loan contract defined in the corresponding LOAN.ID field is updated.</p>
            <p />
        </desc>
</t>
<t>
<field>FAC.OWN.AMOUNT</field>
<desc>
            <p>Own share amount of the loan defined at the corresponding LOAN.ID field which belongs to this facility. This amount is expressed in the currency of the Facility contract</p>
            <p />
        </desc>
</t>
<t>
<field>FACI.LN.CCY</field>
<desc>
            <p>This is the key field for this file and holds the ID of the FACILITY for which this record is created</p>
            <p />
        </desc>
</t>
</menu>
</t24help>

