<?xml version="1.0" encoding="utf-8"?>
<t24help>
<header>
<product>SL</product>
<table>SL.FACI.REPAY.SCHED.LIST</table>
</header>
<overview>
<ovdesc>

        </ovdesc>
<ovimage></ovimage>
</overview>
<menu>
<t>
<field>ID</field>
<desc>
            <p>This is the key field and holds the id of the Facility to which this record is created
</p>
        </desc>
</t>
<t>
<field>REPAY.DATE</field>
<desc>
            <p>This field holds the dates on which a phased reduction of facility amounts is defined in the facility. When a revolving facility is issued, the phased reduction of facility amounts would happen on the dates available in this field
</p>
        </desc>
</t>
</menu>
</t24help>

