<?xml version="1.0" encoding="utf-8"?>
<t24help>
<header>
<product>SL</product>
<table>SL.FACI.PART.BALANCES</table>
</header>
<overview>
<ovdesc></ovdesc>
<ovimage></ovimage>
</overview>
<menu>
<t>
<field>FEE.PERC.AMT</field>
<desc>
            <p>Holds the  fee calculation base amount for FEE.EFF.DATE </p>
        </desc>
</t>
<t>
<field>FEE.EFF.DT.UAVL</field>
<desc>
            <p>Holds the total fee amount calculated on the commitment unavailable amount using the rate from the corresponding FEE.PER.UVAL field</p>
            <p />
        </desc>
</t>
<t>
<field>PART.DECR.AMT</field>
<desc>
            <p>Records the negative movement of the FACILITY for the  participant</p>
            <p />
        </desc>
</t>
<t>
<field>FEE.PERC</field>
<desc>
            <p>Holds the percentage used to calculate the fee amount. This  field is updated from the commitment fee percentage defined at the  facility record</p>
            <p />
        </desc>
</t>
<t>
<field>TOT.AMT.EFF.DT</field>
<desc>
            <p>The effective date for the amount defined in the corresponding PART.TOT.AMT field</p>
            <p />
        </desc>
</t>
<t>
<field>FEE.EFF.DATE</field>
<desc>
            <p>Holds the  effective date of processing the fee amount .</p>
            <p />
        </desc>
</t>
<t>
<field>PART.TOT.AMT</field>
<desc>
            <p>Holds the total amount of the participant under this Facility</p>
            <p />
        </desc>
</t>
<t>
<field>PART.AMT.MOVED</field>
<desc>
            <p>Holds  the movement amount when there is a movement for the participant under the facility on a date defined at the corresponding field PART.AMT.EFF.DT</p>
            <p />
        </desc>
</t>
<t>
<field>FEE.CALC.ST</field>
<desc>
            <p>The date which is used as the starting date for the fee calculation</p>
            <p />
        </desc>
</t>
<t>
<field>TAX.AMOUNT.UAVL</field>
<desc>
            <p>The tax amount calculated on the FEE.AMOUNT.UVAL is updated in this field</p>
            <p />
        </desc>
</t>
<t>
<field>FEE.CALC.END</field>
<desc>
            <p>The date which is used as the end  date for the fee calculation</p>
            <p />
        </desc>
</t>
<t>
<field>PART.OUTS.AMT</field>
<desc>
            <p>Holds the outstanding balance of the participanT under the facility. This is effective from the date defined in the corresponding PART.AMT.EFF.DATE field</p>
            <p />
        </desc>
</t>
<t>
<field>KEY</field>
<desc>
            <p>Key field which holds the FACILITY ID appended with the ID of the participant for whom the balance record is created</p>
            <p />
        </desc>
</t>
<t>
<field>TAX.AMOUNT</field>
<desc>
            <p>The tax amount calculated on the fee amount from the corresponding FEE.AMOUNT field</p>
            <p />
        </desc>
</t>
<t>
<field>TRANCHE.CODE</field>
<desc>
            <p>Holds the tranche code defined under the facility.  This is a multivalue field associated with tranche level balances</p>
            <p />
        </desc>
</t>
<t>
<field>FEE.AMOUNT</field>
<desc>
            <p>Calculated fee amount for the participant under this facility record</p>
            <p />
        </desc>
</t>
<t>
<field>FEE.PERC.UAVL</field>
<desc>
            <p>Holds the commitment fee percentage to be calculated on the unavailable amount</p>
            <p />
        </desc>
</t>
<t>
<field>FEE.AMOUNT.UAVL</field>
<desc>
            <p>Calculated fee amount for the participant under this facility record(UNAVAILABLE PORTION).</p>
        </desc>
</t>
<t>
<field>PART.INCR.AMT</field>
<desc>
            <p>Records the positive movement of the FACILITY for the  participant</p>
            <p />
        </desc>
</t>
<t>
<field>OUTS.ACCR.UAVL</field>
<desc>
            <p>Holds the total accrued amount on the unavailable commitment amount</p>
            <p />
        </desc>
</t>
<t>
<field>TR.OUTS.AMT</field>
<desc>
            <p>Holds the outstanding balance of the participant under the tranche defined in TRANCHE.CODE field and effective on a date defined in the corresponding AMT.EFF.DATE field</p>
            <p />
        </desc>
</t>
<t>
<field>TR.PART.AMT</field>
<desc>
            <p>Holds the outstanding balance of the participant under the tranche defined in TRANCHE.CODE field and effective on a date defined in the corresponding AMT.EFF.DATE field</p>
            <p />
        </desc>
</t>
<t>
<field>PART.AMT.EFF.DT</field>
<desc>
            <p>Effective date for the amounts defined in the corresponding fields PART.OUTS.AMT and PART.AMT.MOVED</p>
            <p />
        </desc>
</t>
<t>
<field>TOT.FEE.AMT</field>
<desc>
            <p>This field is updated with the total fee amount</p>
        </desc>
</t>
<t>
<field>OUTS.ACCR.AMT</field>
<desc>
            <p>Holds the total accrued amount on the commitment amount</p>
            <p />
        </desc>
</t>
<t>
<field>AMT.DECR</field>
<desc>
            <p>Records the negative movement of the FACILITY for the  participant under the Tranche</p>
            <p />
        </desc>
</t>
<t>
<field>AMT.EFF.DATE</field>
<desc>
            <p>The effective date for the amounts defined in the corresponding fields TR.OUTS.AMT and AMT.MOVED</p>
            <p />
        </desc>
</t>
<t>
<field>AMT.INCR</field>
<desc>
            <p>Records the positive movement of the FACILITY for the  participant under the Tranche</p>
            <p />
        </desc>
</t>
<t>
<field>AMT.MOVED</field>
<desc>
            <p>Holds  the movement amount when there is a movement in the facility for the participant on a date defined at the corresponding field AMT.EFF.DATE</p>
            <p />
        </desc>
</t>
</menu>
</t24help>

