<?xml version="1.0" encoding="utf-8"?>
<t24help>
<header>
<product>SL</product>
<table>SL.INTEREST.KEY</table>
</header>
<overview>
<ovdesc></ovdesc>
<ovimage></ovimage>
</overview>
<menu>
<t>
<field>CONTRACT.NO</field>
<desc>
            <p>Holds the list of SL.LOAN contracts which belong to the interest key type defined in the field KEY</p>
            <p />
        </desc>
</t>
<t>
<field>INT.KEY</field>
<desc>
            <p>This is the key field which holds the rate key appended with currency of the loan contract</p>
            <p />
        </desc>
</t>
</menu>
</t24help>

