<?xml version="1.0" encoding="utf-8"?>
<t24help>
<header>
<product>SL</product>
<table>SL.LOAN.PART.BALANCES</table>
</header>
<overview>
<ovdesc>

        </ovdesc>
<ovimage></ovimage>
</overview>
<menu>
<t>
<field>SPL.INT.SPREAD</field>
<desc>
            <p>This field holds the special spread rate along with customer spread .</p>
        </desc>
</t>
<t>
<field>PIK.END.DATE</field>
<desc>
            <p>This field holds the end Date till which interest calculation will take place for PIK interest  </p>
        </desc>
</t>
<t>
<field>RATE.EFF.DT</field>
<desc>
            <p>This is the effective date of the interest rate updated in the associated INT.RATE field
</p>
        </desc>
</t>
<t>
<field>INT.SPREAD</field>
<desc>
            <p>This field holds the customer spread used to arrive at the effective interest rate to calculate interest</p>
        </desc>
</t>
<t>
<field>SPL.INT.CAP.SPREAD</field>
<desc>
            <p>This field holds the special cap spread rate for special spread.</p>
        </desc>
</t>
<t>
<field>TAX.AMOUNT</field>
<desc>
            <p>This field holds the tax amount calculated on the total interest amount
</p>
        </desc>
</t>
<t>
<field>RET.INT.AMT</field>
<desc>
            <p>This field captures the differential interest amount due to rate change and maturity date changes. This amount is expressed in the loan currency. It is a multivalue field associated to RET.AC.OR.PL and RET.INT.DATE.
</p>
        </desc>
</t>
<t>
<field>PRD.INT.AMT</field>
<desc>
            <p>This field will hold the Periodic Automatic(Libor) interest amount for the loans contract during the interest rate type change .</p>
        </desc>
</t>
<t>
<field>TOT.INT.AMT</field>
<desc>
            <p>This field holds the total interest amount calculated based on the balance. The rate is available in the field INT.RATE and period is takenfrom the fields STRT.PRD.INT and END.PRD.INT
</p>
        </desc>
</t>
<t>
<field>PIK.ST.DATE</field>
<desc>
            <p>Help Text for this field is unavailable.  Please refer to the T24 User Guides for further information.</p>
        </desc>
</t>
<t>
<field>PIK.INT</field>
<desc>
            <p>Help Text for this field is unavailable.  Please refer to the T24 User Guides for further information.</p>
        </desc>
</t>
<t>
<field>PR.AMT.MOVED</field>
<desc>
            <p>This field is updated with the participant's share of the movement amount whenever there is a movement with effective date updated in PR.AMT.EFF.DATE field</p>
        </desc>
</t>
<t>
<field>PR.AMT.INCR</field>
<desc>
            <p>This field records the positive movement of the loan for participants</p>
        </desc>
</t>
<t>
<field>PIK.START.DATE</field>
<desc>
            <p>This field holds the start date for PIK interest calculation.</p>
        </desc>
</t>
<t>
<field>MVT.TYPE</field>
<desc>
            <p>This field is updated with the movement type of the transactions. Currently, this field is updated with BS to indicate the BUY/SELL transaction</p>
        </desc>
</t>
<t>
<field>PIK.RATE.EFF.DT</field>
<desc>
            <p>Help Text for this field is unavailable.  Please refer to the T24 User Guides for further information.</p>
        </desc>
</t>
<t>
<field>INT.ON.RPY.AMT</field>
<desc>
            <p>olds the interest amount calculated  on the online partial repayment amount for the current period.</p>
        </desc>
</t>
<t>
<field>RET.INT.DATE</field>
<desc>
            <p>This is the effective date on which the differential interest is returned.
This is a multivalue field associated to the fields RET.INT.AMT and RET.AC.OR.PL</p>
        </desc>
</t>
<t>
<field>INT.BASIS</field>
<desc>
            <p>Indicates the current calculation method for interest computation purposes, defaulted from SL.LOANS record.</p>
        </desc>
</t>
<t>
<field>STRT.PRD.INT</field>
<desc>
            <p>This field holds the date from which the associated total interest amount calculation begins
</p>
        </desc>
</t>
<t>
<field>INT.RATE.TYPE</field>
<desc>
            <p>Help Text for this field is unavailable.  Please refer to the T24 User Guides for further information.</p>
        </desc>
</t>
<t>
<field>OUTS.ACCR.INT</field>
<desc>
            <p>This field holds the outstanding accrual amount calculated on the balance amount
</p>
        </desc>
</t>
<t>
<field>END.PRD.INT</field>
<desc>
            <p>This field holds the end date for the associated total interest amount calculation
</p>
        </desc>
</t>
<t>
<field>PR.AMT.EFF.DATE</field>
<desc>
            <p>The effective date for the outstanding balance and movement amount is updated in this filed. This is a mulivalue field and associated with the fields PR.OUTS.AMT and PR.AMT.MOVED
</p>
        </desc>
</t>
<t>
<field>PIK.REFERENCE</field>
<desc>
            <p>Help Text for this field is unavailable.  Please refer to the T24 User Guides for further information.</p>
        </desc>
</t>
<t>
<field>FLT.INT.AMT</field>
<desc>
            <p>This field will hold the Floating(Prime) interest amount for the Loans contract during the interest type change.</p>
        </desc>
</t>
<t>
<field>PART.INIT.LO.AMT</field>
<desc>
            <p>This field is updated with the participant's share of the initial loan amount 
</p>
        </desc>
</t>
<t>
<field>PIK.INT.CAP.AMOUNT</field>
<desc>
            <p>This field holds the PIK interest amount that will be capitalised for the current interest frequency.</p>
        </desc>
</t>
<t>
<field>PIK.RATE</field>
<desc>
            <p>This field holds the PIK Rate defined for the Contract</p>
        </desc>
</t>
<t>
<field>PIK.CAP.INT.AMT</field>
<desc>
            <p>Help Text for this field is unavailable.  Please refer to the T24 User Guides for further information.</p>
        </desc>
</t>
<t>
<field>MVT.AMT</field>
<desc>
            <p>This field is updated with the movement amount of the corresponding movement defined in MVT.TYPE field
</p>
        </desc>
</t>
<t>
<field>INT.CAP.SPREAD</field>
<desc>
            <p>This field holds the capitalisation spread rate for customer spread</p>
        </desc>
</t>
<t>
<field>SPL.INT.CAP.SPR</field>
<desc>
            <p>Help Text for this field is unavailable.  Please refer to the T24 User Guides for further information.</p>
        </desc>
</t>
<t>
<field>LOAN.CURRENCY</field>
<desc>
            <p>Currency of the loan contract is updated in this field
</p>
        </desc>
</t>
<t>
<field>PR.OUTS.AMT</field>
<desc>
            <p>Holds the share of the participant in the current outstanding loan amount 
</p>
        </desc>
</t>
<t>
<field>INT.RATE</field>
<desc>
            <p>This field holds the rate at which the total interest amount is calculated. A multivalue field associated with the effective date field RATE.EFF.DT.</p>
        </desc>
</t>
<t>
<field>RET.AC.OR.PL</field>
<desc>
            <p>This field indicates whether the differential interest is posted to P&amp;L or returned to customer. When the differential interest is returned to customer, this field is updated as AC-interest liq account. If it is posted to P&amp;L, this field is updated with PL-accrual category</p>
        </desc>
</t>
<t>
<field>TOTAL.PIK.INT.AMT</field>
<desc>
            <p>This field holds the PIK interest calculated for the current interest schedule of loan contract.</p>
        </desc>
</t>
<t>
<field>PR.AMT.DECR</field>
<desc>
            <p>This field records the negative movement of the loan for participants</p>
        </desc>
</t>
<t>
<field>BS.INT.AMT</field>
<desc>
            <p>This field captures the interest amount movement between participants. This amount will be considered on schedule date. This forms part of the interest details set of associated multivalue fields</p>
        </desc>
</t>
<t>
<field>CAP.INT.AMT</field>
<desc>
            <p>This field holds the capitalised amount for each interest period .</p>
        </desc>
</t>
<t>
<field>CAP.RATE</field>
<desc>
            <p>This field holds the rate at which Capitalisation takes place.</p>
        </desc>
</t>
<t>
<field>CONTRACT.NO.</field>
<desc>
            <p>This is the key field to this file and holds the SL.LOAN contract ID appended with the participant ID for whom this balance record is created</p>
        </desc>
</t>
</menu>
</t24help>

