<?xml version="1.0" encoding="utf-8"?>
<t24help>
<header>
<product>SL</product>
<table>SL.LOAN.SCHEDULES.PAST</table>
</header>
<overview>
<ovdesc></ovdesc>
<ovimage></ovimage>
</overview>
<menu>
<t>
<field>SCH.AMOUNT</field>
<desc>
            <p>Please refer help text section of SL.LOAN.SCHEDULES</p>
            <p />
        </desc>
</t>
<t>
<field>PART.AMT</field>
<desc>
            <p>Please refer help text section of SL.LOAN.SCHEDULES</p>
            <p />
        </desc>
</t>
<t>
<field>MAT.DATE</field>
<desc>
            <p>Please refer help text section of SL.LOAN.SCHEDULES</p>
            <p />
        </desc>
</t>
<t>
<field>SCH.TYPE</field>
<desc>
            <p>Please refer help text section of SL.LOAN.SCHEDULES</p>
            <p />
        </desc>
</t>
<t>
<field>PART.FAC.AMT</field>
<desc>
            <p>Please refer help text section of SL.LOAN.SCHEDULES</p>
            <p />
        </desc>
</t>
<t>
<field>PART.ID</field>
<desc>
            <p>Please refer help text section of SL.LOAN.SCHEDULES</p>
            <p />
        </desc>
</t>
<t>
<field>CHG.AMOUNT</field>
<desc>
            <p>Please refer help text section of SL.LOAN.SCHEDULES</p>
            <p />
        </desc>
</t>
<t>
<field>CHG.CODE</field>
<desc>
            <p>Please refer help text section of SL.LOAN.SCHEDULES</p>
            <p />
        </desc>
</t>
<t>
<field>CHG.CURRENCY</field>
<desc>
            <p>Please refer help text section of SL.LOAN.SCHEDULES</p>
            <p />
        </desc>
</t>
<t>
<field>ID</field>
<desc>
            <p>Please refer help text section of SL.LOAN.SCHEDULES</p>
            <p />
        </desc>
</t>
</menu>
</t24help>

