<?xml version="1.0" encoding="utf-8"?>
<t24help>
<header>
<product>SL</product>
<table>SL.LOAN.ACCR.DETAILS.HIST</table>
</header>
<overview>
<ovdesc>

        </ovdesc>
<ovimage></ovimage>
</overview>
<menu>
<t>
<field>FROM.DATE</field>
<desc>
            <p>Please refer help text section of SL.LOAN.ACCR.DETAILS</p>
        </desc>
</t>
<t>
<field>INT.RATE</field>
<desc>
            <p>Please refer help text section of SL.LOAN.ACCR.DETAILS</p>
        </desc>
</t>
<t>
<field>PART.ID</field>
<desc>
            <p>Please refer help text section of SL.LOAN.ACCR.DETAILS</p>
        </desc>
</t>
<t>
<field>KEY</field>
<desc>
            <p>Please refer help text section of SL.LOAN.ACCR.DETAILS</p>
        </desc>
</t>
<t>
<field>TO.DATE</field>
<desc>
            <p>Please refer help text section of SL.LOAN.ACCR.DETAILS</p>
        </desc>
</t>
<t>
<field>ACCR.ACT.AMT</field>
<desc>
            <p>Please refer help text section of SL.LOAN.ACCR.DETAILS</p>
        </desc>
</t>
<t>
<field>ACCR.AMT</field>
<desc>
            <p>Please refer help text section of SL.LOAN.ACCR.DETAILS</p>
        </desc>
</t>
<t>
<field>ACCR.DAYS</field>
<desc>
            <p>Please refer help text section of SL.LOAN.ACCR.DETAILS</p>
        </desc>
</t>
<t>
<field>BASE.AMT</field>
<desc>
            <p>Please refer help text section of SL.LOAN.ACCR.DETAILS</p>
        </desc>
</t>
</menu>
</t24help>

