<?xml version="1.0" encoding="utf-8"?>
<t24help>
<header>
<product>SL</product>
<table>SL.LOAN.ACCR.DETAILS.SAVE</table>
</header>
<overview>
<ovdesc>

        </ovdesc>
<ovimage></ovimage>
</overview>
<menu>
<t>
<field>FROM.DATE</field>
<desc>
            <p>Please refer help text section of SL.LOAN.ACCR.DETAILS</p>
        </desc>
</t>
<t>
<field>KEY</field>
<desc>
            <p>Please refer help text section of SL.LOAN.ACCR.DETAILS</p>
        </desc>
</t>
<t>
<field>TO.DATE</field>
<desc>
            <p>Please refer help text section of SL.LOAN.ACCR.DETAILS</p>
        </desc>
</t>
<t>
<field>PART.ID</field>
<desc>
            <p>Please refer help text section of SL.LOAN.ACCR.DETAILS</p>
        </desc>
</t>
<t>
<field>INT.RATE</field>
<desc>
            <p>Please refer help text section of SL.LOAN.ACCR.DETAILS</p>
        </desc>
</t>
<t>
<field>ACCR.ACT.AMT</field>
<desc>
            <p>Please refer help text section of SL.LOAN.ACCR.DETAILS</p>
        </desc>
</t>
<t>
<field>ACCR.AMT</field>
<desc>
            <p>Please refer help text section of SL.LOAN.ACCR.DETAILS</p>
        </desc>
</t>
<t>
<field>ACCR.DAYS</field>
<desc>
            <p>Please refer help text section of SL.LOAN.ACCR.DETAILS</p>
        </desc>
</t>
<t>
<field>BASE.AMT</field>
<desc>
            <p>Please refer help text section of SL.LOAN.ACCR.DETAILS</p>
        </desc>
</t>
<t><field>PIK.REFERENCE</field><desc><p>Help Text for this field is unavailable.  Please refer to the T24 User Guides for further information.</p></desc></t><t><field>PIK.FROM.DT</field><desc><p>Help Text for this field is unavailable.  Please refer to the T24 User Guides for further information.</p></desc></t><t><field>PIK.TO.DT</field><desc><p>Help Text for this field is unavailable.  Please refer to the T24 User Guides for further information.</p></desc></t><t><field>PIK.ACCR.DAYS</field><desc><p>Help Text for this field is unavailable.  Please refer to the T24 User Guides for further information.</p></desc></t><t><field>PIK.BASE.AMT</field><desc><p>Help Text for this field is unavailable.  Please refer to the T24 User Guides for further information.</p></desc></t><t><field>PIK.INT.RATE</field><desc><p>Help Text for this field is unavailable.  Please refer to the T24 User Guides for further information.</p></desc></t><t><field>PIK.ACCR.AMT</field><desc><p>Help Text for this field is unavailable.  Please refer to the T24 User Guides for further information.</p></desc></t><t><field>PIK.ACCR.ACT.AMT</field><desc><p>Help Text for this field is unavailable.  Please refer to the T24 User Guides for further information.</p></desc></t></menu>
</t24help>
