<?xml version="1.0" encoding="utf-8"?>
<t24help>
<header>
<product>SL</product>
<table>SL.LOAN.BALANCES</table>
</header>
<overview>
<ovdesc></ovdesc>
<ovimage></ovimage>
</overview>
<menu>
<t>
<field>PIK.RATE.EFF.DT</field>
<desc>
            <p>Help Text for this field is unavailable.  Please refer to the T24 User Guides for further information.</p>
        </desc>
</t>
<t>
<field>STRT.PRD.INT</field>
<desc>
            <p>Holds the date from which the associated commited interest calculation begins
</p>
        </desc>
</t>
<t>
<field>TAX.AMOUNT</field>
<desc>
            <p>Holds the tax amount calculated on the commited interest amount
</p>
        </desc>
</t>
<t>
<field>INT.BASE.DT</field>
<desc>
            <p>In SL.REPAYMENT.SCHEDULES, if BASE.DATE is 'BASE', then the INTEREST base date is stored in this field based on the values in INT.DUE.FQY</p>
        </desc>
</t>
<t>
<field>DECR.AMT</field>
<desc>
            <p>This field records the negative movement of the drawdown</p>
        </desc>
</t>
<t>
<field>PIK.INT</field>
<desc>
            <p>This field holds the PIK interest calculated for the current interest schedule of loan contract.</p>
        </desc>
</t>
<t>
<field>SL.LOAN.INIT.AMT</field>
<desc>
            <p>Holds the initial loan amount from SL.LOAN record</p>
            <p />
        </desc>
</t>
<t>
<field>LAST.BS.DATE</field>
<desc>
            <p>This field is updated with the last BUY/SELL movement date for validation purposes
</p>
        </desc>
</t>
<t>
<field>CAP.RATE</field>
<desc>
            <p>This field holds the rate at which Capitalisation takes place.</p>
        </desc>
</t>
<t>
<field>MVT.TYPE</field>
<desc>
            <p>This field is updated with the movement type of the transactions. Currently, this field is updated with BS to indicate the BUY/SELL transaction
</p>
        </desc>
</t>
<t>
<field>INT.RATE</field>
<desc>
            <p>Holds the rate at which the committed interest is calculated. A multivalue field associated with the effective date field RATE.EFF.DT
</p>
        </desc>
</t>
<t>
<field>CONTRACT.NO.</field>
<desc>
            <p>This is the key field to this file and holds the SL.LOAN contract ID for which this balance record is created</p>
            <p />
        </desc>
</t>
<t>
<field>LAST.INT.REV.DT</field>
<desc>
            <p>This field holds the date on which the last interest revision took place</p>
        </desc>
</t>
<t>
<field>COMMITED.INT</field>
<desc>
            <p>Holds the commited interest amount calculated based on the balance. The rate is available in the field INT.RATE and period is taken
from the fields STRT.PRD.INT and END.PRD.INT
</p>
        </desc>
</t>
<t>
<field>PRIN.BASE.DT</field>
<desc>
            <p>In SL.REPAYMENT.SCHEDULES, if BASE.DATE is 'BASE', then the Principal base date is stored in this field based on the values in NXT.RPT.DATE.</p>
        </desc>
</t>
<t>
<field>RATE.BASE.DT</field>
<desc>
            <p>In SL.REPAYMENT.SCHEDULES, if BASE.DATE is 'BASE', then the Rate schedule  base date is stored in this field based on the values in R.SCH.FQU field</p>
        </desc>
</t>
<t>
<field>INT.ON.RPY.AMT</field>
<desc>
            <p>Holds the interest amount calculated  on the online partial repayment amount for the current period.</p>
        </desc>
</t>
<t>
<field>SPL.INT.SPREAD</field>
<desc>
            <p>This field holds the special spread rate along with customer spread .</p>
        </desc>
</t>
<t>
<field>FLT.INT.AMT</field>
<desc>
            <p>This field will hold the Floating Prime interest amount for the Loans contract during the interest type change.</p>
        </desc>
</t>
<t>
<field>PIK.END.DATE</field>
<desc>
            <p>This field holds the end Date till which interest calculation will take place for PIK interest  </p>
        </desc>
</t>
<t>
<field>INT.BASIS</field>
<desc>
            <p>Indicates the current calculation method for interest computation purposes, defaulted from SL.LOANS record.</p>
            <p>Defaulted from </p>
        </desc>
</t>
<t>
<field>MVT.AMT</field>
<desc>
            <p>This field is updated with the movement amount of the corresponding  movement defined in MVT.TYPE field
</p>
        </desc>
</t>
<t>
<field>PIK.ST.DATE</field>
<desc>
            <p>Help Text for this field is unavailable.  Please refer to the T24 User Guides for further information.</p>
        </desc>
</t>
<t>
<field>RET.INT.DATE</field>
<desc>
            <p>Effective date on which the differential interest is returned.This is a multivalue field associated to the fields RET.INT.AMT and 
RET.AC.OR.PL
</p>
        </desc>
</t>
<t>
<field>PIK.INT.CAP.AMT</field>
<desc>
            <p>Help Text for this field is unavailable.  Please refer to the T24 User Guides for further information.</p>
        </desc>
</t>
<t>
<field>OUTS.AMT.B.CCY</field>
<desc>
            <p>Reserved for future use</p>
        </desc>
</t>
<t>
<field>END.PRD.INT</field>
<desc>
            <p>Holds the end date for the associated commited interest calculation
</p>
        </desc>
</t>
<t>
<field>PIK.REFERENCE</field>
<desc>
            <p>Help Text for this field is unavailable.  Please refer to the T24 User Guides for further information.</p>
        </desc>
</t>
<t>
<field>SL.CURRENCY</field>
<desc>
            <p>Holds the currency of the loan contract .</p>
            <p />
        </desc>
</t>
<t>
<field>INT.RATE.TYPE</field>
<desc>
            <p>Help Text for this field is unavailable.  Please refer to the T24 User Guides for further information.</p>
        </desc>
</t>
<t>
<field>RET.AC.OR.PL</field>
<desc>
            <p>This field indicates whether the differential interest is posted to P&amp;L or returned to customer. When the differential interest is returned to customer, this field is updated as AC-interest liq account. If it is posted to P&amp;L, this field is updated with PL-accrual category</p>
        </desc>
</t>
<t>
<field>INT.CAP.SPREAD</field>
<desc>
            <p>This field holds the capitalisation spread rate for customer spread</p>
        </desc>
</t>
<t>
<field>PIK.RATE</field>
<desc>
            <p>This field holds the PIK Rate defined for the Contract</p>
        </desc>
</t>
<t>
<field>SPL.INT.CAP.SPREAD</field>
<desc>
            <p>This field holds the special cap spread rate for special spread.</p>
        </desc>
</t>
<t>
<field>RATE.EFF.DT</field>
<desc>
            <p>Effective date of the interest rate updated in the associated INT.RATE field
</p>
        </desc>
</t>
<t>
<field>OUTS.CURR.AMT</field>
<desc>
            <p>Holds the current outstanding amount effective on the date given in the AMT.EFF.DATE field
</p>
        </desc>
</t>
<t>
<field>PIK.INT.CAP.AMOUNT</field>
<desc>
            <p>This field holds the PIK interest amount that will be capitalised for the current interest frequency.</p>
        </desc>
</t>
<t>
<field>RET.INT.AMT</field>
<desc>
            <p>Holds the differential interest amount due to rate change and maturity date changes. This amount is expressed in the loan
currency. It is a multivalue field associated to RET.AC.OR.PL and RET.INT.DATE.
</p>
        </desc>
</t>
<t>
<field>PIK.START.DATE</field>
<desc>
            <p>This field holds the start date for PIK interest calculation.</p>
        </desc>
</t>
<t>
<field>PRD.INT.AMT</field>
<desc>
            <p>This field will hold the Periodic Automatic(Libor) interest amount for the loans contract during the interest rate type change .</p>
        </desc>
</t>
<t>
<field>SPL.INT.CAP.SPR</field>
<desc>
            <p>Help Text for this field is unavailable.  Please refer to the T24 User Guides for further information.</p>
        </desc>
</t>
<t>
<field>NEXT.INT.REV.DT</field>
<desc>
            <p>This field defines the date on which next interest revision is scheduled</p>
        </desc>
</t>
<t>
<field>INCR.AMT</field>
<desc>
            <p>This field records the positive movement of the drawdown</p>
        </desc>
</t>
<t>
<field>INT.SPREAD</field>
<desc>
            <p>Holds the customer spread used to arrive at the effective interest rate to calculate interest
</p>
        </desc>
</t>
<t>
<field>AMT.EFF.DATE</field>
<desc>
            <p>Effective date for the outstanding balance and movement amount is updated in this filed. This is a mulivalue field and associated with the fields OUTS.CURR.AMT and AMT.MOVED
.</p>
        </desc>
</t>
<t>
<field>AMT.MOVED</field>
<desc>
            <p>Holds the movement amount whenever there is a movement with effective date updated in AMT.EFF.DATE field
</p>
        </desc>
</t>
<t>
<field>BS.INT.AMT</field>
<desc>
            <p>This field captures the interest amount movement between participants. This amount will be considered on schedule date and will be updated only for participant funcionality. This forms part of the interest details set of associated multivalue fields
</p>
        </desc>
</t>
<t>
<field>CAP.INT.AMT</field>
<desc>
            <p>This field holds the capitalised amount for each interest period .</p>
        </desc>
</t>
</menu>
</t24help>

