<?xml version="1.0" encoding="utf-8"?>
<t24help>
<header>
<product>SL</product>
<table>SL.LOAN.RET.INT.DET</table>
</header>
<overview>
<ovdesc>

        </ovdesc>
<ovimage></ovimage>
</overview>
<menu>
<t>
<field>CONTRACT.NO.</field>
<desc>
            <p>This key field holds the details about facility, tranche and sequence number
</p>
        </desc>
</t>
<t>
<field>RET.INT.AMT</field>
<desc>
            <p>The interest amount which is returned on the corresponding date available in the field RET.INT.DATE
</p>
        </desc>
</t>
<t>
<field>RET.INT.DATE</field>
<desc>
            <p>The date on which the interest amount is returned
</p>
        </desc>
</t>
</menu>
</t24help>

