<?xml version="1.0" encoding="utf-8"?>
<t24help>
<header>
<product>SL</product>
<table>SL.LOAN.PART.BALANCES.SAVE</table>
</header>
<overview>
<ovdesc>

        </ovdesc>
<ovimage></ovimage>
</overview>
<menu>
<t>
<field>RET.INT.DATE</field>
<desc>
            <p>Please refer the help text section of SL.LOAN.PART.BALANCES.</p>
        </desc>
</t>
<t>
<field>INT.ON.RPY.AMT</field>
<desc>
            <p>Help Text for this field is unavailable.  Please refer to the T24 User Guides for further information.</p>
        </desc>
</t>
<t>
<field>MVT.TYPE</field>
<desc>
            <p>Please refer the help text section of SL.LOAN.PART.BALANCES.</p>
        </desc>
</t>
<t>
<field>SPL.INT.SPREAD</field>
<desc>
            <p>Help Text for this field is unavailable.  Please refer to the T24 User Guides for further information.</p>
        </desc>
</t>
<t>
<field>PR.AMT.INCR</field>
<desc>
            <p>Please refer the help text section of SL.LOAN.PART.BALANCES.</p>
        </desc>
</t>
<t>
<field>INT.SPREAD</field>
<desc>
            <p>Refer to helptext of SL.LOAN.PART.BALANCES </p>
        </desc>
</t>
<t>
<field>PIK.RATE</field>
<desc>
            <p>Help Text for this field is unavailable.  Please refer to the T24 User Guides for further information.</p>
        </desc>
</t>
<t>
<field>PIK.CAP.INT.AMT</field>
<desc>
            <p>Help Text for this field is unavailable.  Please refer to the T24 User Guides for further information.</p>
        </desc>
</t>
<t>
<field>STRT.PRD.INT</field>
<desc>
            <p>Refer to helptext of SL.LOAN.PART.BALANCES </p>
        </desc>
</t>
<t>
<field>OUTS.ACCR.INT</field>
<desc>
            <p>Refer to helptext of SL.LOAN.PART.BALANCES </p>
        </desc>
</t>
<t>
<field>PR.AMT.DECR</field>
<desc>
            <p>Please refer the help text section of SL.LOAN.PART.BALANCES.</p>
        </desc>
</t>
<t>
<field>RET.INT.AMT</field>
<desc>
            <p>Please refer the help text section of SL.LOAN.PART.BALANCES.</p>
        </desc>
</t>
<t>
<field>INT.RATE</field>
<desc>
            <p>Refer to helptext of SL.LOAN.PART.BALANCES </p>
        </desc>
</t>
<t>
<field>INT.BASIS</field>
<desc>
            <p>Help Text for this field is unavailable.  Please refer to the T24 User Guides for further information.</p>
        </desc>
</t>
<t>
<field>PIK.REFERENCE</field>
<desc>
            <p>Help Text for this field is unavailable.  Please refer to the T24 User Guides for further information.</p>
        </desc>
</t>
<t>
<field>TAX.AMOUNT</field>
<desc>
            <p>Refer to helptext of SL.LOAN.PART.BALANCES </p>
        </desc>
</t>
<t>
<field>RATE.EFF.DT</field>
<desc>
            <p>Refer to helptext of SL.LOAN.PART.BALANCES </p>
        </desc>
</t>
<t>
<field>PIK.INT</field>
<desc>
            <p>Help Text for this field is unavailable.  Please refer to the T24 User Guides for further information.</p>
        </desc>
</t>
<t>
<field>RET.AC.OR.PL</field>
<desc>
            <p>Please refer the help text section of SL.LOAN.PART.BALANCES.</p>
        </desc>
</t>
<t>
<field>TOT.INT.AMT</field>
<desc>
            <p>Refer to helptext of SL.LOAN.PART.BALANCES </p>
        </desc>
</t>
<t>
<field>PIK.ST.DATE</field>
<desc>
            <p>Help Text for this field is unavailable.  Please refer to the T24 User Guides for further information.</p>
        </desc>
</t>
<t>
<field>INT.CAP.SPREAD</field>
<desc>
            <p>Help Text for this field is unavailable.  Please refer to the T24 User Guides for further information.</p>
        </desc>
</t>
<t>
<field>PIK.RATE.EFF.DT</field>
<desc>
            <p>Help Text for this field is unavailable.  Please refer to the T24 User Guides for further information.</p>
        </desc>
</t>
<t>
<field>PR.AMT.EFF.DATE</field>
<desc>
            <p>Refer to helptext of SL.LOAN.PART.BALANCES </p>
        </desc>
</t>
<t>
<field>PR.AMT.MOVED</field>
<desc>
            <p>Refer to helptext of SL.LOAN.PART.BALANCES </p>
        </desc>
</t>
<t>
<field>PR.OUTS.AMT</field>
<desc>
            <p>Refer to helptext of SL.LOAN.PART.BALANCES </p>
        </desc>
</t>
<t>
<field>INT.RATE.TYPE</field>
<desc>
            <p>Help Text for this field is unavailable.  Please refer to the T24 User Guides for further information.</p>
        </desc>
</t>
<t>
<field>PRD.INT.AMT</field>
<desc>
            <p>Help Text for this field is unavailable.  Please refer to the T24 User Guides for further information.</p>
        </desc>
</t>
<t>
<field>END.PRD.INT</field>
<desc>
            <p>Refer to helptext of SL.LOAN.PART.BALANCES </p>
        </desc>
</t>
<t>
<field>FLT.INT.AMT</field>
<desc>
            <p>Help Text for this field is unavailable.  Please refer to the T24 User Guides for further information.</p>
        </desc>
</t>
<t>
<field>MVT.AMT</field>
<desc>
            <p>Please refer the help text section of SL.LOAN.PART.BALANCES.</p>
        </desc>
</t>
<t>
<field>LOAN.CURRENCY</field>
<desc>
            <p>Refer to helptext of SL.LOAN.PART.BALANCES </p>
        </desc>
</t>
<t>
<field>PIK.END.DATE</field>
<desc>
            <p>Help Text for this field is unavailable.  Please refer to the T24 User Guides for further information.</p>
        </desc>
</t>
<t>
<field>PART.INIT.LO.AMT</field>
<desc>
            <p>Refer to helptext of SL.LOAN.PART.BALANCES </p>
        </desc>
</t>
<t>
<field>SPL.INT.CAP.SPR</field>
<desc>
            <p>Help Text for this field is unavailable.  Please refer to the T24 User Guides for further information.</p>
        </desc>
</t>
<t>
<field>BS.INT.AMT</field>
<desc>
            <p>Please refer the help text section of SL.LOAN.PART.BALANCES.</p>
        </desc>
</t>
<t>
<field>CAP.INT.AMT</field>
<desc>
            <p>Help Text for this field is unavailable.  Please refer to the T24 User Guides for further information.</p>
        </desc>
</t>
<t>
<field>CAP.RATE</field>
<desc>
            <p>Help Text for this field is unavailable.  Please refer to the T24 User Guides for further information.</p>
        </desc>
</t>
<t>
<field>CONTRACT.NO.</field>
<desc>
            <p>Refer to helptext of SL.LOAN.PART.BALANCES </p>
        </desc>
</t>
</menu>
</t24help>

