<?xml version="1.0" encoding="utf-8"?>
<t24help>
<header>
<product>SL</product>
<table>SL.LOAN.ACCR.DETAILS</table>
</header>
<overview>
<ovdesc>

        </ovdesc>
<ovimage></ovimage>
</overview>
<menu>
<t>
<field>PIK.TO.DT</field>
<desc>
            <p>Help Text for this field is unavailable.  Please refer to the T24 User Guides for further information.</p>
        </desc>
</t>
<t>
<field>PIK.TO.DATE</field>
<desc>
            <p>Help Text for this field is unavailable.  Please refer to the T24 User Guides for further information.</p>
        </desc>
</t>
<t>
<field>PIK.INT.RATE</field>
<desc>
            <p>Help Text for this field is unavailable.  Please refer to the T24 User Guides for further information.</p>
        </desc>
</t>
<t>
<field>PIK.ACCR.ACT.AMT</field>
<desc>
            <p>Help Text for this field is unavailable.  Please refer to the T24 User Guides for further information.</p>
        </desc>
</t>
<t>
<field>INT.RATE</field>
<desc>
            <p>Holds the rate at which the accrual is calculated
</p>
        </desc>
</t>
<t>
<field>PIK.ACCR.DAYS</field>
<desc>
            <p>Help Text for this field is unavailable.  Please refer to the T24 User Guides for further information.</p>
        </desc>
</t>
<t>
<field>PIK.REFERENCE</field>
<desc>
            <p>Help Text for this field is unavailable.  Please refer to the T24 User Guides for further information.</p>
        </desc>
</t>
<t>
<field>FROM.DATE</field>
<desc>
            <p>Accrual start date is updated in this field
</p>
        </desc>
</t>
<t>
<field>PIK.ACCR.AMT</field>
<desc>
            <p>Help Text for this field is unavailable.  Please refer to the T24 User Guides for further information.</p>
        </desc>
</t>
<t>
<field>PIK.FROM.DATE</field>
<desc>
            <p>Help Text for this field is unavailable.  Please refer to the T24 User Guides for further information.</p>
        </desc>
</t>
<t>
<field>TO.DATE</field>
<desc>
            <p>Holds the accrual end date
</p>
        </desc>
</t>
<t>
<field>PART.ID</field>
<desc>
            <p>Holds the ID of the participant 
</p>
        </desc>
</t>
<t>
<field>PIK.FROM.DT</field>
<desc>
            <p>Help Text for this field is unavailable.  Please refer to the T24 User Guides for further information.</p>
        </desc>
</t>
<t>
<field>KEY</field>
<desc>
            <p>Key to this application. Holds a valid SL.LOANS record
</p>
        </desc>
</t>
<t>
<field>PIK.BASE.AMT</field>
<desc>
            <p>Help Text for this field is unavailable.  Please refer to the T24 User Guides for further information.</p>
        </desc>
</t>
<t>
<field>ACCR.ACT.AMT</field>
<desc>
            <p>Holds the actual accrual amount
</p>
        </desc>
</t>
<t>
<field>ACCR.AMT</field>
<desc>
            <p>Holds the rounded accrual amount
</p>
        </desc>
</t>
<t>
<field>ACCR.DAYS</field>
<desc>
            <p>Holds the number of accrual days. This is calculated
using the accrual start date amd accrual end date
</p>
        </desc>
</t>
<t>
<field>BASE.AMT</field>
<desc>
            <p>Holds the loan balance amount which is used as the base amount for accrual calculation
</p>
        </desc>
</t>
</menu>
</t24help>

