<?xml version="1.0" encoding="utf-8"?>
<t24help>
<header>
<product>SL</product>
<table>SL.LOAN.SCHEDULES</table>
</header>
<overview>
<ovdesc></ovdesc>
<ovimage></ovimage>
</overview>
<menu>
<t>
<field>PART.AMT</field>
<desc>
            <p>Holds the participant amount for the corresponding participant at the PART.ID field. This amount is expressed in deal currency.</p>
            <p />
        </desc>
</t>
<t>
<field>PART.ID</field>
<desc>
            <p>This field holds the ID of the participants</p>
            <p />
        </desc>
</t>
<t>
<field>SCH.AMOUNT</field>
<desc>
            <p>Holds the scheduled amount of the corresponding schedule type to be processed</p>
        </desc>
</t>
<t>
<field>PART.FAC.AMT</field>
<desc>
            <p>Holds the share amount of the participant expressed in facility currency</p>
            <p />
        </desc>
</t>
<t>
<field>SCH.TYPE</field>
<desc>
            <p>Holds the type of the schedule for which this record is created</p>
            <p />
        </desc>
</t>
<t>
<field>ID</field>
<desc>
            <p>This is the key to this file which is formed by id of the SL.LOANS appended with effective date of the schedule defined in this record</p>
            <p />
        </desc>
</t>
<t>
<field>CHG.AMOUNT</field>
<desc>
            <p>Holds the charge amount which has to be used when the charge schedule for this date is processed.</p>
            <p />
        </desc>
</t>
<t>
<field>CHG.CODE</field>
<desc>
            <p>Holds the charge code which has to be used when the charge schedule for this date is processed.</p>
            <p />
        </desc>
</t>
<t>
<field>CHG.CURRENCY</field>
<desc>
            <p>Holds the charge currency which has to be used when the charge schedule for this date is processed.</p>
            <p />
        </desc>
</t>
<t>
<field>FACI.REPAY.SCH</field>
<desc>
            <p>Help Text for this field is unavailable.  Please refer to the T24 User Guides for further information.</p>
        </desc>
</t>
</menu>
</t24help>

