<?xml version="1.0" encoding="utf-8"?>
<t24help>
<header>
<product>SL</product>
<table>SL.LOAN.MATURITY</table>
</header>
<overview>
<ovdesc>

        </ovdesc>
<ovimage></ovimage>
</overview>
<menu>
<t>
<field>CONTRACT.ID</field>
<desc>
            <p> Holds the SL.LOANS ID with ID as the maturity date </p>
        </desc>
</t>
<t>
<field>MATURITY.DATE</field>
<desc>
            <p>Key to this application. Holds a valid maturity date defined in SL.LOANS application</p>
        </desc>
</t>
</menu>
</t24help>

