<?xml version="1.0" encoding="utf-8"?>
<t24help>
<header>
<product>SL</product>
<table>SL.LOAN.RET.INT.DET.SAVE</table>
</header>
<overview>
<ovdesc>

        </ovdesc>
<ovimage></ovimage>
</overview>
<menu>
<t>
<field>CONTRACT.NO.</field>
<desc>
            <p>Refer to helptext of SL.LOAN.RET.INT.DET</p>
        </desc>
</t>
<t>
<field>RET.INT.AMT</field>
<desc>
            <p>Refer to helptext of SL.LOAN.RET.INT.DET</p>
        </desc>
</t>
<t>
<field>RET.INT.DATE</field>
<desc>
            <p>Refer to helptext of SL.LOAN.RET.INT.DET</p>
        </desc>
</t>
</menu>
</t24help>

