<?xml version="1.0" encoding="utf-8"?>
<t24help>
<header>
<product>SL</product>
<table>SL.LOAN.BALANCES.HIST</table>
</header>
<overview>
<ovdesc>

        </ovdesc>
<ovimage></ovimage>
</overview>
<menu>
<t>
<field>INT.SPREAD</field>
<desc>
            <p>Refer to helptext of SL.LOAN.BALANCES </p>
        </desc>
</t>
<t>
<field>RET.INT.DATE</field>
<desc>
            <p>Please refer the help text section of SL.LOAN.BALANCES</p>
        </desc>
</t>
<t>
<field>PRIN.BASE.DT</field>
<desc>
            <p>Help Text for this field is unavailable.  Please refer to the T24 User Guides for further information.</p>
        </desc>
</t>
<t>
<field>SL.LOAN.INIT.AMT</field>
<desc>
            <p>Refer to helptext of SL.LOAN.BALANCES </p>
        </desc>
</t>
<t>
<field>LAST.BS.DATE</field>
<desc>
            <p>Please refer the help text section of SL.LOAN.BALANCES</p>
        </desc>
</t>
<t>
<field>LAST.INT.REV.DT</field>
<desc>
            <p>Please refer the help text section of SL.LOAN.BALANCES</p>
        </desc>
</t>
<t>
<field>PIK.INT.CAP.AMT</field>
<desc>
            <p>Help Text for this field is unavailable.  Please refer to the T24 User Guides for further information.</p>
        </desc>
</t>
<t>
<field>CAP.RATE</field>
<desc>
            <p>Help Text for this field is unavailable.  Please refer to the T24 User Guides for further information.</p>
        </desc>
</t>
<t>
<field>END.PRD.INT</field>
<desc>
            <p>Refer to helptext of SL.LOAN.BALANCES </p>
        </desc>
</t>
<t>
<field>PIK.RATE</field>
<desc>
            <p>Help Text for this field is unavailable.  Please refer to the T24 User Guides for further information.</p>
        </desc>
</t>
<t>
<field>SL.CURRENCY</field>
<desc>
            <p>Refer to helptext of SL.LOAN.BALANCES </p>
        </desc>
</t>
<t>
<field>FLT.INT.AMT</field>
<desc>
            <p>Help Text for this field is unavailable.  Please refer to the T24 User Guides for further information.</p>
        </desc>
</t>
<t>
<field>TAX.AMOUNT</field>
<desc>
            <p>Refer to helptext of SL.LOAN.BALANCES </p>
        </desc>
</t>
<t>
<field>INT.BASIS</field>
<desc>
            <p>Help Text for this field is unavailable.  Please refer to the T24 User Guides for further information.</p>
        </desc>
</t>
<t>
<field>INT.RATE.TYPE</field>
<desc>
            <p>Help Text for this field is unavailable.  Please refer to the T24 User Guides for further information.</p>
        </desc>
</t>
<t>
<field>MVT.AMT</field>
<desc>
            <p>Please refer the help text section of SL.LOAN.BALANCES</p>
        </desc>
</t>
<t>
<field>STRT.PRD.INT</field>
<desc>
            <p>Refer to helptext of SL.LOAN.BALANCES </p>
        </desc>
</t>
<t>
<field>INT.BASE.DT</field>
<desc>
            <p>Help Text for this field is unavailable.  Please refer to the T24 User Guides for further information.</p>
        </desc>
</t>
<t>
<field>PIK.INT</field>
<desc>
            <p>Help Text for this field is unavailable.  Please refer to the T24 User Guides for further information.</p>
        </desc>
</t>
<t>
<field>OUTS.AMT.B.CCY</field>
<desc>
            <p>Refer to helptext of SL.LOAN.BALANCES </p>
        </desc>
</t>
<t>
<field>NEXT.INT.REV.DT</field>
<desc>
            <p>Please refer the help text section of SL.LOAN.BALANCES</p>
        </desc>
</t>
<t>
<field>SPL.INT.CAP.SPR</field>
<desc>
            <p>Help Text for this field is unavailable.  Please refer to the T24 User Guides for further information.</p>
        </desc>
</t>
<t>
<field>PIK.END.DATE</field>
<desc>
            <p>Help Text for this field is unavailable.  Please refer to the T24 User Guides for further information.</p>
        </desc>
</t>
<t>
<field>INT.ON.RPY.AMT</field>
<desc>
            <p>Help Text for this field is unavailable.  Please refer to the T24 User Guides for further information.</p>
        </desc>
</t>
<t>
<field>RATE.BASE.DT</field>
<desc>
            <p>Help Text for this field is unavailable.  Please refer to the T24 User Guides for further information.</p>
        </desc>
</t>
<t>
<field>COMMITED.INT</field>
<desc>
            <p>Refer to helptext of SL.LOAN.BALANCES </p>
        </desc>
</t>
<t>
<field>MVT.TYPE</field>
<desc>
            <p>Please refer the help text section of SL.LOAN.BALANCES</p>
        </desc>
</t>
<t>
<field>PIK.ST.DATE</field>
<desc>
            <p>Help Text for this field is unavailable.  Please refer to the T24 User Guides for further information.</p>
        </desc>
</t>
<t>
<field>RET.AC.OR.PL</field>
<desc>
            <p>Please refer the help text section of SL.LOAN.BALANCES</p>
        </desc>
</t>
<t>
<field>PIK.RATE.EFF.DT</field>
<desc>
            <p>Help Text for this field is unavailable.  Please refer to the T24 User Guides for further information.</p>
        </desc>
</t>
<t>
<field>DECR.AMT</field>
<desc>
            <p>Please refer the help text section of SL.LOAN.BALANCES</p>
        </desc>
</t>
<t>
<field>INT.RATE</field>
<desc>
            <p>Refer to helptext of SL.LOAN.BALANCES </p>
        </desc>
</t>
<t>
<field>INT.CAP.SPREAD</field>
<desc>
            <p>Help Text for this field is unavailable.  Please refer to the T24 User Guides for further information.</p>
        </desc>
</t>
<t>
<field>INCR.AMT</field>
<desc>
            <p>Please refer the help text section of SL.LOAN.BALANCES</p>
        </desc>
</t>
<t>
<field>OUTS.CURR.AMT</field>
<desc>
            <p>Refer to helptext of SL.LOAN.BALANCES </p>
        </desc>
</t>
<t>
<field>PRD.INT.AMT</field>
<desc>
            <p>Help Text for this field is unavailable.  Please refer to the T24 User Guides for further information.</p>
        </desc>
</t>
<t>
<field>RET.INT.AMT</field>
<desc>
            <p>Please refer the help text section of SL.LOAN.BALANCES</p>
        </desc>
</t>
<t>
<field>RATE.EFF.DT</field>
<desc>
            <p>Refer to helptext of SL.LOAN.BALANCES </p>
        </desc>
</t>
<t>
<field>PIK.REFERENCE</field>
<desc>
            <p>Help Text for this field is unavailable.  Please refer to the T24 User Guides for further information.</p>
        </desc>
</t>
<t>
<field>SPL.INT.SPREAD</field>
<desc>
            <p>Help Text for this field is unavailable.  Please refer to the T24 User Guides for further information.</p>
        </desc>
</t>
<t>
<field>CONTRACT.NO.</field>
<desc>
            <p>Refer to helptext of SL.LOAN.BALANCES </p>
        </desc>
</t>
<t>
<field>AMT.EFF.DATE</field>
<desc>
            <p>Refer to helptext of SL.LOAN.BALANCES </p>
        </desc>
</t>
<t>
<field>AMT.MOVED</field>
<desc>
            <p>Refer to helptext of SL.LOAN.BALANCES </p>
        </desc>
</t>
<t>
<field>BS.INT.AMT</field>
<desc>
            <p>Please refer the help text section of SL.LOAN.BALANCES</p>
        </desc>
</t>
<t>
<field>CAP.INT.AMT</field>
<desc>
            <p>Help Text for this field is unavailable.  Please refer to the T24 User Guides for further information.</p>
        </desc>
</t>
</menu>
</t24help>

