<?xml version="1.0" encoding="utf-8"?>
<t24help>
<header>
<product>SL</product>
<table>SL.MNEMONIC</table>
</header>
<overview>
<ovdesc>

        </ovdesc>
<ovimage></ovimage>
</overview>
<menu>
<t>
<field>CONTRACT.ID</field>
<desc>
            <p>Holds the FACILITY or SL.LOANS contrract with the Key as  Mnemonic </p>
        </desc>
</t>
<t>
<field>SL.MNEMONIC</field>
<desc>
            <p>Key to the applications. Hold the Mnemonic defined in SL.LOANS and FACILITY Application </p>
        </desc>
</t>
</menu>
</t24help>

