<?xml version="1.0" encoding="utf-8"?>
<t24help>
<header>
<product>SL</product>
<table>SL.OD.SETTLE</table>
</header>
<overview>
<ovdesc>

            <p>Insert text here</p>
            <p> Validation Rules</p>
            <p />
            <p> Rule 1</p>
            <p> Rule 2</p>
        </ovdesc>
<ovimage></ovimage>
</overview>
<menu>
<t>
<field>OVR.CARRIER</field>
<desc>
            <p>Please refer help text section of SL.LOANS</p>
            <p />
        </desc>
</t>
<t>
<field>MSG.CLASS</field>
<desc>
            <p>Please refer help text section of SL.LOANS</p>
            <p />
        </desc>
</t>
<t>
<field>PAY.PART.ID</field>
<desc>
            <p>ID of the participant who has a share in the overdue.</p>
            <p> System written from participant balances file.</p>
            <p>
                <p>Validation Rules:</p>
            </p>
            <p />
            <p> System written . No input allowed</p>
        </desc>
</t>
<t>
<field>STMT.NO</field>
<desc>
            <p>The ids of the accounting entries raised by the accounting system</p>
            <p> Validation rules</p>
            <p> Noinput field</p>
        </desc>
</t>
<t>
<field>PRIOR.DAYS</field>
<desc>
            <p>Please refer help text section of SL.LOANS</p>
            <p />
        </desc>
</t>
<t>
<field>DUE.CURRENCY</field>
<desc>
            <p>Holds the currency in which TOT.DUE amount is expressed</p>
            <p />
            <p>
                <p>Validation Rules:</p>
            </p>
            <p> Standard T24 currency type field</p>
            <p />
        </desc>
</t>
<t>
<field>MSG.DATE</field>
<desc>
            <p>Please refer help text section of SL.LOANS</p>
            <p />
        </desc>
</t>
<t>
<field>PAY.PART.AMT</field>
<desc>
            <p>Amount allotted to respective participant against the repayment made.</p>
            <p />
            <p>
                <p>Validation Rules:</p>
            </p>
            <p />
            <p> 1-14 numeric characters plus decimal point</p>
            <p> System defaulted information</p>
            <p />
        </desc>
</t>
<t>
<field>SEND.MSG</field>
<desc>
            <p>Please refer help text section of SL.LOANS</p>
            <p />
        </desc>
</t>
<t>
<field>PART.DUE</field>
<desc>
            <p>Share of the participant in the dues expressed in TOT.TYPE.DUE. </p>
            <p> Information is held at three levels in this file. </p>
            <p> Level 1 - TOT.DUES - shows the aggregate dues against the facility</p>
            <p> Level 2 - TOT.TYPE.DUE - shows the dues against each asset type</p>
            <p> Level 3 - PART.DUE - shows the share of each participant in the asset type wise due</p>
            <p>
                <p>Validation Rules:</p>
            </p>
            <p />
            <p> System written from participant balances file</p>
            <p> No input allowed</p>
            <p> If SL.ROUND.ADJ has been used, this field shows the revised allocation</p>
        </desc>
</t>
<t>
<field>SL.OD.SETTLE.ID</field>
<desc>
            <p />
            <p> The ID of this would be either  the FACILITY/SL.LOAN against which payment is effected or SL.OD.DUES ID to pay for a specific date</p>
            <p />
            <p> Input allowed only if FACILITY / SL.LOAN has liquidation mode as value Internal.</p>
            <p />
            <p> Must be present in SL.OD.DUES file</p>
        </desc>
</t>
<t>
<field>DUE.PAY.AMT</field>
<desc>
            <p>Amount apportioned to the respective asset type out of the repayment made. System defaults the share automatically. </p>
            <p />
            <p>
                <p>Validation Rules:</p>
            </p>
            <p />
            <p> System defaulted value. </p>
            <p> 1-14 numeric characters plus decimal point.</p>
            <p />
        </desc>
</t>
<t>
<field>TOT.PAY.AMT</field>
<desc>
            <p>Total amount paid by the user against the dues. </p>
            <p />
            <p>
                <p>Validation Rules:</p>
            </p>
            <p />
            <p> 1-14 numeric character plus decimal point</p>
            <p> Mandatory input</p>
        </desc>
</t>
<t>
<field>MSG.TYPE</field>
<desc>
            <p>Please refer help text section of SL.LOANS</p>
            <p />
        </desc>
</t>
<t>
<field>TOT.DUES</field>
<desc>
            <p>Aggregate over due amount against the said Facility / SL.LOAN. The amount comprises of dues against all asset types. The breakup of dues asset type wise are also provided in this table </p>
            <p> System populated from Facility / Loan balances files. </p>
            <p> While doing settlement the entire dues may have to be settled.</p>
            <p> Information is held at three levels in this file. </p>
            <p> Level 1 - TOT.DUES - shows the aggregate dues against the facility</p>
            <p> Level 2 - TOT.TYPE.DUE - shows the dues against each asset type</p>
            <p> Level 3 - PART.DUE - shows the share of each participant in the asset type wise due</p>
            <p>
                <p>Validation Rules:</p>
            </p>
            <p />
            <p> System written </p>
            <p> No input by user</p>
        </desc>
</t>
<t>
<field>PAY.ACCOUNT</field>
<desc>
            <p>Account number where payment is received against the overdue. This could be either a customer account or a Nostro.</p>
            <p> Account in this field should be denominated in the same currency as the dues. In case of facility dues it is the facility currency and for loans the deal currency of the loan.</p>
            <p> Accounting entries would be raised debiting this account with the total payment.</p>
            <p>
                <p>Validation Rules:</p>
            </p>
            <p />
            <p> Mandatory input</p>
            <p> Account must be denominated in the currency of the dues </p>
        </desc>
</t>
<t>
<field>DUE.TYPE</field>
<desc>
            <p>Asset type of the due against which dues exist.</p>
            <p> For convenience, values populated are </p>
            <p> INT - for interest dues against loans</p>
            <p> PRIN - for principal dues against the loans </p>
            <p> FEE - for commitment fee against Facility</p>
            <p> TAX - for tax on interest and fee</p>
            <p> System written. Multi-valued field to record dues against more than one asset type</p>
            <p>
                <p>Validation Rules:</p>
            </p>
            <p />
            <p> System written. No input allowed</p>
        </desc>
</t>
<t>
<field>TOT.TYPE.DUE</field>
<desc>
            <p>Over due against the respective asset type. Amounts written from participant balances file. </p>
            <p> In case SL.ROUND.ADJ has been used, the revised share is displayed here. </p>
            <p> Information is held at three levels in this file. </p>
            <p> Level 1 - TOT.DUES - shows the aggregate dues against the facility</p>
            <p> Level 2 - TOT.TYPE.DUE - shows the dues against each asset type</p>
            <p> Level 3 - PART.DUE - shows the share of each participant in the asset type wise due</p>
            <p> System written. </p>
            <p>
                <p>Validation Rules:</p>
            </p>
            <p />
            <p> 1-14 numeric characters plus decimal point</p>
            <p> System written. No input allowed</p>
        </desc>
</t>
<t>
<field>ACTIVITY.CODE</field>
<desc>
            <p>Please refer help text section of SL.LOANS</p>
            <p />
        </desc>
</t>
<t>
<field>ACTIVITY.DATE</field>
<desc>
            <p>Please refer help text section of SL.LOANS</p>
            <p />
        </desc>
</t>
<t>
<field>DELIVERY.CUST</field>
<desc>
            <p>Please refer help text section of SL.LOANS</p>
            <p />
        </desc>
</t>
<t>
<field>DELIVERY.REF</field>
<desc>
            <p>Please refer help text section of SL.LOANS</p>
            <p />
        </desc>
</t>
</menu>
</t24help>

