<?xml version="1.0" encoding="utf-8"?>
<t24help>
<header>
<product>SL</product>
<table>SL.OD.PART.HIST</table>
</header>
<overview>
<ovdesc>

        </ovdesc>
<ovimage></ovimage>
</overview>
<menu>
<t>
<field>TOT.PART.DUE</field>
<desc>
            <p>Refer to helptext of SL.OD.PART</p>
        </desc>
</t>
<t>
<field>SL.PART.ID</field>
<desc>
            <p>Refer to helptext of SL.OD.PART</p>
        </desc>
</t>
<t>
<field>DUE.AMT</field>
<desc>
            <p>Refer to helptext of SL.OD.PART</p>
        </desc>
</t>
<t>
<field>DUE.DATE</field>
<desc>
            <p>Refer to helptext of SL.OD.PART</p>
        </desc>
</t>
<t>
<field>OD.AST.DUE.AMT</field>
<desc>
            <p>Refer to helptext of SL.OD.PART</p>
        </desc>
</t>
<t>
<field>OD.AST.TYPE</field>
<desc>
            <p>Refer to helptext of SL.OD.PART</p>
        </desc>
</t>
</menu>
</t24help>

