<?xml version="1.0" encoding="utf-8"?>
<t24help>
<header>
<product>SL</product>
<table>SL.OD.DUES</table>
</header>
<overview>
<ovdesc>

            <p>If Liquidation mode is INTERNAL, entries for disbursement would be raised in a manner similar to that of AUTOMATIC. On the schedule date,</p>
            <p>(a)</p>
            <p />Accounting would happen only for T24 banks portion. For SLL - OWN.AMOUNT would get liquidated to the PRIN.LIQ.ACCT specified in SLL &amp; interest share into INT.LIQ.ACCT. <p> (b)</p><p />Entries raised are ; <p>Dr PRIN.LIQ.ACCT</p><p /> STMT.ENTRY (OWN.AMOUNT) <p>Dr INT.LIQ.ACCT</p><p />- STMT.ENTRY (T24 banks share only) <p>Cr LIVEDB</p><p /><p />- SPEC ENTRY <p>Cr Asset Type accrual  SPEC ENTRY (for interest etc.)</p><p>                 (c)</p><p />In case of Facility (Commitment fee schedules) debit would be raised to the FEE.LIQ.ACCT defined at the Facility level and respective accrual asset type would be credited <p>The overdues would get written to SL.OD.PART &amp; SL.OD.DUES files. Updates to OD related files would happen only for value INTERNAL. </p><p /><p>The ID of SL.OD.DUES would be keyed by the ID of the FACILITY/SLL reference, hyphenated by the due date. This would hold the following information; </p><p /><p>1.</p><p /><p />OD.AGG.DUE  Aggregate overdues against the said facility/loan for<p />the due date <p>2.1</p><p />OD.ASSET.TYPE  Asset type of the overdues <p>3.1</p><p />OD.TYPE.DUE  Aggregate overdues against the said asset type <p>4.1.1 OD.PARTICIPANT  Participant reference number</p><p>5.1.1 OD.PART.DUE  Dues to respective participant</p><p /><p /><p>SL.OD.PART would get written for T24 bank as well as other participants. When the borrower pays against overdues, the application SL.OD.SETTLE may be used. </p><p /><p> Accounting entries would be raised debiting the PAY.ACCOUNT for the TOT.PAY.AMT, crediting NOSTRO for participants share and appropriate Liquidation account mentioned in the Facility/SLL.</p></ovdesc>
<ovimage></ovimage>
</overview>
<menu>
<t>
<field>OD.TYPE.DUE</field>
<desc>
            <p>Aggregate dues against the specific asset type. System written from Facility / Loan balances file</p>
        </desc>
</t>
<t>
<field>OD.PART.ID</field>
<desc>
            <p>    ID of the participant to whom there is a share in the aggregate due.</p>
        </desc>
</t>
<t>
<field>SL.OD.DUE.ID</field>
<desc>
            <p />
            <p>The ID of this file would be keyed by the ID of the FACILITY/SL.Loans reference, hyphenated by the due date.</p>
            <p />
            <p>One record for every scheduled date would be written for the Facility and SL.LOANS separately. </p>
            <p />
            <p>This is an internal file and only SEE function is allowed</p>
        </desc>
</t>
<t>
<field>OD.AGG.DUE</field>
<desc>
            <p>Aggregate overdue amount against the said Facility / SL.Loans for the due date</p>
            <p>
                <p>Validation Rules:</p>
            </p>
            <p />
            <p>1-14 numeric characters plus decimal point</p>
        </desc>
</t>
<t>
<field>OD.ASSET.TYPE</field>
<desc>
            <p>Asset type of the due. For convenience, values populated would be as follows</p>
            <p>INT - for interest dues on SL.LOANS</p>
            <p>FEE - for commitment fee on Facility</p>
            <p>TAX - for tax on fee or interest</p>
            <p>Multivalued field to record dues for more than one asset type</p>
        </desc>
</t>
<t>
<field>OD.CURRENCY</field>
<desc>
            <p>Holds the overdue currency. Should be a valid reference in CURRENCY </p>
        </desc>
</t>
<t>
<field>OD.PART.DUE</field>
<desc>
            <p>Share of the respective participant's due in the OD.TYPE.DUE</p>
        </desc>
</t>
</menu>
</t24help>

