<?xml version="1.0" encoding="utf-8"?>
<t24help>
<header>
<product>SL</product>
<table>SL.OD.PART</table>
</header>
<overview>
<ovdesc>

        </ovdesc>
<ovimage></ovimage>
</overview>
<menu>
<t>
<field>SL.PART.ID</field>
<desc>
            <p>This is the key field which is formed by participant ID appended with the ID of the SL.LOAN</p>
        </desc>
</t>
<t>
<field>TOT.PART.DUE</field>
<desc>
            <p>Holds the total amount due to the participant. This amount is the some of the due amounts from various assets under all of the due dates.</p>
        </desc>
</t>
<t>
<field>OD.CURRENCY</field>
<desc>
            <p>The currency of the loan contract is updated in this field
</p>
        </desc>
</t>
<t>
<field>DUE.AMT</field>
<desc>
            <p>Amount field holds the total due as on the corresponding DUE.DATE field.
</p>
        </desc>
</t>
<t>
<field>DUE.DATE</field>
<desc>
            <p>This field captures the date on which the associted amounts become due to the participant. This is multivalue field associated to asset type and due amount fields
</p>
        </desc>
</t>
<t>
<field>OD.AST.DUE.AMT</field>
<desc>
            <p>The field holds the due amount of the asset type available in the associated field OD.AST.TYPE on the date defined in the associated field DUE.DATE
.</p>
        </desc>
</t>
<t>
<field>OD.AST.TYPE</field>
<desc>
            <p>This field holds asset type of the due amount such as INT, TAX, PRIN etc.,. This is a part of a subvalue field associated to OD.AST.DUE.AMT field.</p>
        </desc>
</t>
</menu>
</t24help>

