<?xml version="1.0" encoding="utf-8"?>
<t24help>
<header>
<product>SL</product>
<table>SL.OD.DUES.HIST</table>
</header>
<overview>
<ovdesc>

        </ovdesc>
<ovimage></ovimage>
</overview>
<menu>
<t>
<field>SL.OD.DUE.ID</field>
<desc>
            <p>Refer to helptext of SL.OD.DUES</p>
        </desc>
</t>
<t>
<field>OD.TYPE.DUE</field>
<desc>
            <p>Refer to helptext of SL.OD.DUES</p>
        </desc>
</t>
<t>
<field>OD.AGG.DUE</field>
<desc>
            <p>Refer to helptext of SL.OD.DUES</p>
        </desc>
</t>
<t>
<field>OD.ASSET.TYPE</field>
<desc>
            <p>Refer to helptext of SL.OD.DUES</p>
        </desc>
</t>
<t>
<field>OD.PART.DUE</field>
<desc>
            <p>Refer to helptext of SL.OD.DUES</p>
        </desc>
</t>
<t>
<field>OD.PART.ID</field>
<desc>
            <p>Refer to helptext of SL.OD.DUES</p>
        </desc>
</t>
</menu>
</t24help>

