<?xml version="1.0" encoding="utf-8"?>
<t24help>
<header>
<product>SL</product>
<table>SL.PRESYN.BALANCES.HIST</table>
</header>
<overview>
<ovdesc>

        </ovdesc>
<ovimage></ovimage>
</overview>
<menu>
<t>
<field>OWN.AMOUNT</field>
<desc>
            <p>Refer to helptext of SL.PRESYN.BALANCES</p>
        </desc>
</t>
<t>
<field>CONSOL.KEY</field>
<desc>
            <p>Refer to helptext of SL.PRESYN.BALANCES</p>
        </desc>
</t>
<t>
<field>CURRENCY</field>
<desc>
            <p>Refer to helptext of SL.PRESYN.BALANCES</p>
        </desc>
</t>
<t>
<field>FEE.AMOUNT</field>
<desc>
            <p>Refer to helptext of SL.PRESYN.BALANCES</p>
        </desc>
</t>
<t>
<field>KEY</field>
<desc>
            <p>Refer to helptext of SL.PRESYN.BALANCES</p>
        </desc>
</t>
</menu>
</t24help>

