<?xml version="1.0" encoding="utf-8"?>
<t24help>
<header>
<product>SL</product>
<table>SL.PRESYN.UW</table>
</header>
<overview>
<ovdesc>

        </ovdesc>
<ovimage></ovimage>
</overview>
<menu>
<t>
<field>AMOUNT</field>
<desc>
            <p>Holds the UW.AMOUNT if the globus participant is also the underwriter</p>
        </desc>
</t>
<t>
<field>CURRENCY</field>
<desc>
            <p>If Globus particpant is also the underwriter, then the currency of underwriting Amount is updated in this field</p>
        </desc>
</t>
<t>
<field>KEY</field>
<desc>
            <p>Key to the application.Holds the ID of FACILITY</p>
        </desc>
</t>
</menu>
</t24help>

