<?xml version="1.0" encoding="utf-8"?>
<t24help>
<header>
<product>SL</product>
<table>SL.PRESYN.UW.SAVE</table>
</header>
<overview>
<ovdesc>

        </ovdesc>
<ovimage></ovimage>
</overview>
<menu>
<t>
<field>AMOUNT</field>
<desc>
            <p>Refer to helptext of SL.PRESYN.UW.</p>
        </desc>
</t>
<t>
<field>CURRENCY</field>
<desc>
            <p>Refer to helptext of SL.PRESYN.UW.</p>
        </desc>
</t>
<t>
<field>KEY</field>
<desc>
            <p>Refer to helptext of SL.PRESYN.UW.This file gets updated during unauthorised stage and gets deleted during authorisation stage.</p>
        </desc>
</t>
</menu>
</t24help>

