<?xml version="1.0" encoding="utf-8"?>
<t24help>
<header>
<product>SL</product>
<table>SL.PRESYN.BALANCES</table>
</header>
<overview>
<ovdesc>

        </ovdesc>
<ovimage></ovimage>
</overview>
<menu>
<t>
<field>OWN.AMOUNT</field>
<desc>
            <p>Holds the UW.AMOUNT for own participant .</p>
        </desc>
</t>
<t>
<field>CONSOL.KEY</field>
<desc>
            <p>Not used</p>
        </desc>
</t>
<t>
<field>CURRENCY</field>
<desc>
            <p>Holds the pre syndication currency</p>
        </desc>
</t>
<t>
<field>FEE.AMOUNT</field>
<desc>
            <p>Holds the UW.COMM.AMT for own participant </p>
        </desc>
</t>
<t>
<field>KEY</field>
<desc>
            <p>Key to the application . Format of PRE.SYNDICATION.FILE ID and the sequence separated by dot</p>
        </desc>
</t>
</menu>
</t24help>

