<?xml version="1.0" encoding="utf-8"?>
<t24help>
<header>
<product>SL</product>
<table>SL.PART.DELIVERY.DTLS</table>
</header>
<overview>
<ovdesc>

            <p>This is a table  to record the information relating to a specific location for which the message is intended  within the receiving Financial Institution or a specific location from which the message has been sent within the sending Financial Institution.</p>
            <p>Information recorded here are used to address the Tags 28 and 29 in the Syndication Messages.</p>
            <p>ID is Customer Number.</p>
            <p>Own Customer information can be used by recording OWN.CUST.REF of SL.PARAMETER as the ID  and this can be used as the "From" Information.</p>
            <p>Likewise Participants' Information can be recorded to enable the system pick the  relevant "To the Attention of " information.</p>
        </ovdesc>
<ovimage></ovimage>
</overview>
<menu>
<t>
<field>PHONE.NUMBER</field>
<desc>
            <p>Standard T24 text field. It may be used to map the Phone number to Tag 28 or Tag 29.</p>
            <p>
                <p>Validation Rules:</p>
            </p>
            <p />
            <p>Optional  Input.</p>
        </desc>
</t>
<t>
<field>SL.PART.DELIVERY.DTLS.ID</field>
<desc>
            <p>The ID of this table is that of  a valid Customer. The information recorded under this may be used to map against the Tags 28 and 29 in Syndication message.</p>
            <p>
                <p>Validation Rules:</p>
            </p>
            <p />
            <p>Valid Customer Id.</p>
        </desc>
</t>
<t>
<field>TELEX.DETAILS</field>
<desc>
            <p>Standard T24 text field. It may be used to map the Telex number to Tag 28 or Tag 29.</p>
            <p>
                <p>Validation Rules:</p>
            </p>
            <p />
            <p>Optional  Input.</p>
        </desc>
</t>
<t>
<field>ACCOUNT.OFFICER</field>
<desc>
            <p>Standard T24 DAO field. It may be used to map the name of the contact  person in Tag 28 or Tag29.</p>
            <p>
                <p>Validation Rules:</p>
            </p>
            <p />
            <p>Optional Input.</p>
        </desc>
</t>
<t>
<field>DEPARTMENT.CODE</field>
<desc>
            <p>Standard T24 DAO field. It may be used to map the name of the Department in Tag 28 or Tag29.</p>
            <p>
                <p>Validation Rules:</p>
            </p>
            <p />
            <p>Optional Input.</p>
        </desc>
</t>
<t>
<field>FAX.DETAILS</field>
<desc>
            <p>Standard T24 text field. It may be used to map the Fax number to Tag 28 or Tag 29.</p>
            <p>
                <p>Validation Rules:</p>
            </p>
            <p />
            <p>Optional  Input.</p>
        </desc>
</t>
</menu>
</t24help>

