<?xml version="1.0" encoding="utf-8"?>
<t24help>
<header>
<product>SL</product>
<table>SL.PURPOSE</table>
</header>
<overview>
<ovdesc>

            <p />
            <p>The purpose for which disbursement is made. The @ID would be a 2-digit numeric and the bank may define upto 99 different purposes based on its requirement.</p>
            <p />
            <p>Typical examples are </p>
            <p />
            <p>Acquisition, capital expenditure, etc</p>
        </ovdesc>
<ovimage></ovimage>
</overview>
<menu>
<t>
<field>DESCRIPTION</field>
<desc>
            <p />
            <p>The description of the purpose for which disbursement is made. </p>
            <p>
                <p>Validation Rules:</p>
            </p>
            <p />
            <p>3-35 characters free text</p>
        </desc>
</t>
<t>
<field>LOCAL.REF</field>
<desc>
            <p>Contains any additional information that has been defined locally to meet a specific local requirement</p>
            <p>
                <p>Validation Rules:</p>
            </p>
            <p />
            <p>Upto 35 A alphanumeric characters</p>
            <p>To be defined locally</p>
        </desc>
</t>
<t>
<field>SL.PURPOSE.ID</field>
<desc>
            <p />
            <p>The @ID would be a 2-digit numeric and the bank may define upto 99 different purposes based on its requirement. </p>
            <p>
                <p>Validation Rules:</p>
            </p>
            <p />
            <p>2 digit numeric</p>
        </desc>
</t>
</menu>
</t24help>

