<?xml version="1.0" encoding="utf-8"?>
<t24help>
<header>
<product>SL</product>
<table>SL.ROLLOVER.BALANCES</table>
</header>
<overview>
<ovdesc>

        </ovdesc>
<ovimage></ovimage>
</overview>
<menu>
<t>
<field>PAY.PART.ID</field>
<desc>
            <p>This field holds the ID of the participant to be paid</p>
        </desc>
</t>
<t>
<field>PAY.PART.AMT</field>
<desc>
            <p>The share amount of the participant in the total pay amount is expressed in this field. This field is associated with the PAY.PART.ID field which holds the corresponding participant </p>
        </desc>
</t>
<t>
<field>REC.CURRENCY</field>
<desc>
            <p>The currency in which amount is received during the operation defined in the field OPERATION is expressed </p>
        </desc>
</t>
<t>
<field>PAY.CURRENCY</field>
<desc>
            <p>The currency in which amount paid out during the operation defined in the field OPERATION is expressed </p>
        </desc>
</t>
<t>
<field>REC.PART.AMT</field>
<desc>
            <p>The share amount of the participant in the total amount  to be received is expressed  in this field. This field is associated with the REC.PART.ID field which holds the corresponding participant
.</p>
        </desc>
</t>
<t>
<field>REC.AMOUNT</field>
<desc>
            <p>The amount to be received by the loan contract during this operation. 
</p>
        </desc>
</t>
<t>
<field>REC.PART.ID</field>
<desc>
            <p>This field holds the ID of the participant who receives the amount
.</p>
        </desc>
</t>
<t>
<field>IDNAME</field>
<desc>
            <p>This is the key field which holds the ID of the rollover record
.</p>
        </desc>
</t>
<t>
<field>OPERATION</field>
<desc>
            <p>Defines the operation performed on the loan contracts which resulted in creating this balance. The operations could be ROLLOVER, MERGER or SPLIT</p>
        </desc>
</t>
<t>
<field>PAY.AMOUNT</field>
<desc>
            <p>The amount scheduled to be paid out from the loan contract during the operation specified in the field OPERATION.</p>
        </desc>
</t>
</menu>
</t24help>

