<?xml version="1.0" encoding="utf-8"?>
<t24help>
<header>
<product>SL</product>
<table>SL.ROLLOVER.LOANS</table>
</header>
<overview>
<ovdesc>

        </ovdesc>
<ovimage></ovimage>
</overview>
<menu>
<t>
<field>OLD.SLL.AMT</field>
<desc>
            <p>Holds the balance amount of the SL.LOANS contract defined in the associated field OLD.SLL.ID
</p>
        </desc>
</t>
<t>
<field>OLD.SLL.CCY</field>
<desc>
            <p>This field holds the currency of the loan contract which the operation is performed upon. The corresponding contract id is available in the field OLD.SLL.ID
</p>
        </desc>
</t>
<t>
<field>OLD.SLL.ID</field>
<desc>
            <p>Hold the ID of the SL.LOANS contract which the rollover operation is performed upon. For example, after a ROLLOVER operation, this field holds the original SL.LOANS ID which is rolled over.</p>
        </desc>
</t>
<t>
<field>PROCESS.AT.SOD</field>
<desc>
            <p>This field determines the process stage. If this field is defined as YES, system would process the event during SOD of the event date. This field is updated from SL.LOANS record
</p>
        </desc>
</t>
<t>
<field>OPERATION</field>
<desc>
            <p>This field defines the operation performed on the loan contracts for
which this record is created. The operations could be ROLLOVER, MERGER or SPLIT
</p>
        </desc>
</t>
<t>
<field>ID</field>
<desc>
            <p>This is the key field which holds the ID of the rollover record
</p>
        </desc>
</t>
<t>
<field>NEW.SLL.AMT</field>
<desc>
            <p>Holds the balance amount of the SL.LOANS contract defined in the associated field NEW.SLL.ID</p>
        </desc>
</t>
<t>
<field>NEW.SLL.CCY</field>
<desc>
            <p>Holds the currency of the loan contract which is created after the operation is performed. The corresponding contract id is available in the field OLD.SLL.ID</p>
        </desc>
</t>
<t>
<field>NEW.SLL.ID</field>
<desc>
            <p>Hold the ID of the SL.LOANS contract which is created after the operation performed. For example, after a ROLLOVER operation, this field holds the new SL.LOANS ID which is created after rollover . 
</p>
        </desc>
</t>
</menu>
</t24help>

