<?xml version="1.0" encoding="utf-8"?>
<t24help>
<header>
<product>SL</product>
<table>SL.RATES.PART.CHANGE</table>
</header>
<overview>
<ovdesc>

        </ovdesc>
<ovimage></ovimage>
</overview>
<menu>
<t>
<field>RATES.PART.ID</field>
<desc>
            <p>Holds the facility, currency and participant id of the rate change. The facility id. Currency and participant id are appended together and stored in this field
</p>
        </desc>
</t>
<t>
<field>NEW.RATE</field>
<desc>
            <p>Holds the new interest rate after the rate change for the loan details in the corresponding RATES.PART.ID field</p>
        </desc>
</t>
<t>
<field>NEW.SPREAD</field>
<desc>
            <p>Holds the new interest spread after the rate change for the  loan details in the corresponding RATES.PART.ID field</p>
        </desc>
</t>
<t>
<field>PROCESS.DATE</field>
<desc>
            <p>This key field holds the rate change effective date
</p>
        </desc>
</t>
</menu>
</t24help>

