<?xml version="1.0" encoding="utf-8"?>
<t24help>
<header>
<product>SL</product>
<table>SL.ROLES</table>
</header>
<overview>
<ovdesc>

            <p />
            <p>The different roles in syndication are listed out in this table and are user-definable. The ID would be a two-digit number in NN format and upto 99 different roles may be defined.</p>
            <p />
            <p>SL roles are defined in this table and assigned to each party involved in the syndication process. Typical values (roles) that may be defined are Participant, Co-Participant, Manager, Lead Manager, Underwriter, and Guarantee Custodian etc.</p>
            <p />
            <p>The table would contain only two fields 'Description' and 'Short Description' (apart from the @ID) where the role is defined. Field length is 3-35 type AA characters for description and 3-15 type AA characters for short description. Short description is the description in an abbreviated format that is used for enrichment.</p>
        </ovdesc>
<ovimage></ovimage>
</overview>
<menu>
<t>
<field>SL.ROLES.ID</field>
<desc>
            <p />
            <p>The different roles in syndication are listed out in this table and are user-definable. The ID would be a two-digit number in NN format and upto 99 different roles may be defined.</p>
            <p>
                <p>Validation Rules:</p>
            </p>
            <p />
            <p>2 numeric character</p>
        </desc>
</t>
<t>
<field>DESCRIPTION</field>
<desc>
            <p />
            <p>3-35 type AA characters for description of the type of role</p>
            <p />
            <p>Typical values (roles) that may be defined are Participant, Co-Participant, Manager, Lead Manager, Underwriter, and Guarantee Custodian etc.</p>
            <p />
            <p>Predefined values defined in this table could be picked up in the presyndication template in filed ROLE.</p>
            <p />
            <p>
                <p>Validation Rules:</p>
            </p>
            <p />
            <p />
            <p />
            <p>3-35 type AA characters free text</p>
        </desc>
</t>
<t>
<field>LOCAL.REF</field>
<desc>
            <p>Contains any additional information that has been defined locally to meet a specific local requirement</p>
            <p>
                <p>Validation Rules:</p>
            </p>
            <p />
            <p>Upto 35 A alphanumeric characters</p>
            <p>To be defined locally</p>
        </desc>
</t>
<t>
<field>SHORT.DESC</field>
<desc>
            <p />
            <p>3-15 type AA characters for short description of the type of role</p>
            <p />
            <p>Typical values (roles) that may be defined are Participant, Co-Participant, Manager, Lead Manager, Underwriter, and Guarantee Custodian etc.</p>
            <p />
            <p>Predefined values defined in this table could be picked up in the presyndication template in filed ROLE.</p>
            <p />
            <p>
                <p>Validation Rules:</p>
            </p>
            <p />
            <p />
            <p />
            <p>3-15 type AA characters free text</p>
        </desc>
</t>
</menu>
</t24help>

