<?xml version="1.0" encoding="utf-8"?>
<t24help>
<header>
<product>SL</product>
<table>SL.ROLLOVER.BALANCES.HIST</table>
</header>
<overview>
<ovdesc>

        </ovdesc>
<ovimage></ovimage>
</overview>
<menu>
<t>
<field>REC.PART.ID</field>
<desc>
            <p>Refer to helptext of SL.ROLLOVER.BALANCES</p>
        </desc>
</t>
<t>
<field>REC.PART.AMT</field>
<desc>
            <p>Refer to helptext of SL.ROLLOVER.BALANCES</p>
        </desc>
</t>
<t>
<field>REC.AMOUNT</field>
<desc>
            <p>Refer to helptext of SL.ROLLOVER.BALANCES</p>
        </desc>
</t>
<t>
<field>PAY.PART.AMT</field>
<desc>
            <p>Refer to helptext of SL.ROLLOVER.BALANCES</p>
        </desc>
</t>
<t>
<field>PAY.CURRENCY</field>
<desc>
            <p>Refer to helptext of SL.ROLLOVER.BALANCES</p>
        </desc>
</t>
<t>
<field>REC.CURRENCY</field>
<desc>
            <p>Refer to helptext of SL.ROLLOVER.BALANCES</p>
        </desc>
</t>
<t>
<field>PAY.PART.ID</field>
<desc>
            <p>Refer to helptext of SL.ROLLOVER.BALANCES</p>
        </desc>
</t>
<t>
<field>IDNAME</field>
<desc>
            <p>Refer to helptext of SL.ROLLOVER.BALANCES</p>
        </desc>
</t>
<t>
<field>OPERATION</field>
<desc>
            <p>Refer to helptext of SL.ROLLOVER.BALANCES</p>
        </desc>
</t>
<t>
<field>PAY.AMOUNT</field>
<desc>
            <p>Refer to helptext of SL.ROLLOVER.BALANCES</p>
        </desc>
</t>
</menu>
</t24help>

