<?xml version="1.0" encoding="utf-8"?>
<t24help>
<header>
<product>SL</product>
<table>SL.STATUS</table>
</header>
<overview>
<ovdesc>

            <p />
            <p>Overall status of the syndication is indicated by values in this table. The @ID would be a 2-digit numeric and typical examples are .</p>
            <p />
            <p />
            <p />
            <table border="1" cellspacing="0" cellpadding="0" style="border-collapse:collapse;  mso-table-layout-alt:fixed;border:none;mso-border-alt:solid windowtext .5pt;  mso-padding-alt:0in 5.4pt 0in 5.4pt">
                <tr>
                    <td width="197" valign="top" style="width:2.05in;border:solid windowtext .5pt;   background:#8C8C8C;mso-shading:white;mso-pattern:gray-45 black;padding:0in 5.4pt 0in 5.4pt">
                        <p />
                        <p>FIELD</p>
                        <p />
                    </td>
                    <td width="197" valign="top" style="width:2.05in;border:solid windowtext .5pt;   border-left:none;mso-border-left-alt:solid windowtext .5pt;background:#8C8C8C;   mso-shading:white;mso-pattern:gray-45 black;padding:0in 5.4pt 0in 5.4pt">
                        <p />
                        <p>DATA</p>
                        <p />
                        <p />
                    </td>
                </tr>
                <tr>
                    <td width="197" valign="top" style="width:2.05in;border:solid windowtext .5pt;   border-top:none;mso-border-top-alt:solid windowtext .5pt;padding:0in 5.4pt 0in 5.4pt">
                        <p />
                        <p>01</p>
                        <p />
                    </td>
                    <td width="197" valign="top" style="width:2.05in;border-top:none;border-left:   none;border-bottom:solid windowtext .5pt;border-right:solid windowtext .5pt;   mso-border-top-alt:solid windowtext .5pt;mso-border-left-alt:solid windowtext .5pt;   padding:0in 5.4pt 0in 5.4pt">
                        <p />
                        <p>Syndication in       Progress</p>
                        <p />
                    </td>
                </tr>
                <tr>
                    <td width="197" valign="top" style="width:2.05in;border:solid windowtext .5pt;   border-top:none;mso-border-top-alt:solid windowtext .5pt;padding:0in 5.4pt 0in 5.4pt">
                        <p />
                        <p>02</p>
                        <p />
                    </td>
                    <td width="197" valign="top" style="width:2.05in;border-top:none;border-left:   none;border-bottom:solid windowtext .5pt;border-right:solid windowtext .5pt;   mso-border-top-alt:solid windowtext .5pt;mso-border-left-alt:solid windowtext .5pt;   padding:0in 5.4pt 0in 5.4pt">
                        <p />
                        <p>Underwritten</p>
                        <p />
                    </td>
                </tr>
                <tr>
                    <td width="197" valign="top" style="width:2.05in;border:solid windowtext .5pt;   border-top:none;mso-border-top-alt:solid windowtext .5pt;padding:0in 5.4pt 0in 5.4pt">
                        <p />
                        <p>03</p>
                        <p />
                    </td>
                    <td width="197" valign="top" style="width:2.05in;border-top:none;border-left:   none;border-bottom:solid windowtext .5pt;border-right:solid windowtext .5pt;   mso-border-top-alt:solid windowtext .5pt;mso-border-left-alt:solid windowtext .5pt;   padding:0in 5.4pt 0in 5.4pt">
                        <p />
                        <p>Subscribed</p>
                        <p />
                    </td>
                </tr>
                <tr>
                    <td width="197" valign="top" style="width:2.05in;border:solid windowtext .5pt;   border-top:none;mso-border-top-alt:solid windowtext .5pt;padding:0in 5.4pt 0in 5.4pt">
                        <p />
                        <p>04</p>
                        <p />
                    </td>
                    <td width="197" valign="top" style="width:2.05in;border-top:none;border-left:   none;border-bottom:solid windowtext .5pt;border-right:solid windowtext .5pt;   mso-border-top-alt:solid windowtext .5pt;mso-border-left-alt:solid windowtext .5pt;   padding:0in 5.4pt 0in 5.4pt">
                        <p />
                        <p>Drawdown period</p>
                        <p />
                    </td>
                </tr>
                <tr>
                    <td width="197" valign="top" style="width:2.05in;border:solid windowtext .5pt;   border-top:none;mso-border-top-alt:solid windowtext .5pt;padding:0in 5.4pt 0in 5.4pt">
                        <p />
                        <p>05</p>
                        <p />
                    </td>
                    <td width="197" valign="top" style="width:2.05in;border-top:none;border-left:   none;border-bottom:solid windowtext .5pt;border-right:solid windowtext .5pt;   mso-border-top-alt:solid windowtext .5pt;mso-border-left-alt:solid windowtext .5pt;   padding:0in 5.4pt 0in 5.4pt">
                        <p />
                        <p>Grace period</p>
                        <p />
                    </td>
                </tr>
                <tr>
                    <td width="197" valign="top" style="width:2.05in;border:solid windowtext .5pt;   border-top:none;mso-border-top-alt:solid windowtext .5pt;padding:0in 5.4pt 0in 5.4pt">
                        <p />
                        <p>06</p>
                        <p />
                    </td>
                    <td width="197" valign="top" style="width:2.05in;border-top:none;border-left:   none;border-bottom:solid windowtext .5pt;border-right:solid windowtext .5pt;   mso-border-top-alt:solid windowtext .5pt;mso-border-left-alt:solid windowtext .5pt;   padding:0in 5.4pt 0in 5.4pt">
                        <p />
                        <p>Repayment       period</p>
                        <p />
                    </td>
                </tr>
                <tr>
                    <td width="197" valign="top" style="width:2.05in;border:solid windowtext .5pt;   border-top:none;mso-border-top-alt:solid windowtext .5pt;padding:0in 5.4pt 0in 5.4pt">
                        <p />
                        <p>07</p>
                        <p />
                    </td>
                    <td width="197" valign="top" style="width:2.05in;border-top:none;border-left:   none;border-bottom:solid windowtext .5pt;border-right:solid windowtext .5pt;   mso-border-top-alt:solid windowtext .5pt;mso-border-left-alt:solid windowtext .5pt;   padding:0in 5.4pt 0in 5.4pt">
                        <p />
                        <p>Matured</p>
                        <p />
                    </td>
                </tr>
            </table>
        </ovdesc>
<ovimage></ovimage>
</overview>
<menu>
<t>
<field>DESCRIPTION</field>
<desc>
            <p>3-35 character free text to describe the status of the SL. Typical examples of types of status are </p>
            <p>Mandate received, Underwriting in progress, Subscribed, Drawdown period, Repayment period etc.</p>
            <p>
                <p>Validation Rules:</p>
            </p>
            <p />
            <p>3-35 characters free text</p>
        </desc>
</t>
<t>
<field>LOCAL.REF</field>
<desc>
            <p>Contains any additional information that has been defined locally to meet a specific local requirement</p>
            <p>
                <p>Validation Rules:</p>
            </p>
            <p />
            <p>Upto 35 A alphanumeric characters</p>
            <p>To be defined locally</p>
        </desc>
</t>
<t>
<field>SL.STATUS.ID</field>
<desc>
            <p />
            <p>Overall status of the syndication is indicated by values in this table. The @ID would be a 2-digit numeric.</p>
            <p>
                <p>Validation Rules:</p>
            </p>
            <p />
            <p>2 digit numeric</p>
        </desc>
</t>
</menu>
</t24help>

