<?xml version="1.0" encoding="utf-8"?>
<t24help>
<header>
<product>SL</product>
<table>SL.TR.LOANS</table>
</header>
<overview>
<ovdesc>

        </ovdesc>
<ovimage></ovimage>
</overview>
<menu>
<t>
<field>VALUE.DATE</field>
<desc>
            <p>Holds the value date of the corresponding loan contract defined in the field LOAN.ID
.</p>
        </desc>
</t>
<t>
<field>DEAL.CURRENCY</field>
<desc>
            <p>Holds the currency of the corresponding loan contract defined in the field LOAN.ID</p>
        </desc>
</t>
<t>
<field>ID</field>
<desc>
            <p>Key field which holds the tranche for which this record is created
</p>
        </desc>
</t>
<t>
<field>LOAN.ID</field>
<desc>
            <p>Holds the ID of the SL.LOANS record for which the
currency and value date are updated in the assosicated fields</p>
        </desc>
</t>
</menu>
</t24help>

