<?xml version="1.0" encoding="utf-8"?>
<t24help>
<header>
<product>SL</product>
<table>SL.TXN.CODES</table>
</header>
<overview>
<ovdesc>

            <p>Table to list out the transaction codes that are to be used in STMT.ENTRY records for different events. </p>
            <p />
        </ovdesc>
<ovimage></ovimage>
</overview>
<menu>
<t>
<field>PRIN.REPAYMENT</field>
<desc>
            <p>Specifies the transaction code to be used when posting the principal schedules accounting from SL.LOANS application.</p>
            <p />
            <p>
                <p>Validation Rules:</p>
            </p>
            <p />
            <p>Must be an existing TRANSACTION code.</p>
        </desc>
</t>
<t>
<field>TAX.DEBIT</field>
<desc>
            <p>Identifies the Transaction code to be assigned to debit entries generated as  a result of  Tax Calculations.</p>
            <p>
                <p>Validation Rules:</p>
            </p>
            <p />
            <p>Must be a valid TRANSACTION  code.</p>
        </desc>
</t>
<t>
<field>LOAN.ROLLOVER</field>
<desc>
            <p>Specifies the transaction code to be used when posting the rolled over loans accounting from SL.ROLLOVER application.</p>
            <p />
            <p>
                <p>Validation Rules:</p>
            </p>
            <p />
            <p>Must be an existing TRANSACTION code.</p>
        </desc>
</t>
<t>
<field>LOAN.DRAWDOWN</field>
<desc>
            <p>Transaction code to be used while raising entries for drawdown</p>
            <p>
                <p>Validation Rules:</p>
            </p>
            <p />
            <p>Must be a valid record on the TRANSACTION table.</p>
        </desc>
</t>
<t>
<field>TAX.CREDIT</field>
<desc>
            <p>Identifies the Transaction code to be assigned to credit entries generated as  a result of  Tax Calculations.</p>
            <p>
                <p>Validation Rules:</p>
            </p>
            <p />
            <p>Must be an existing TRANSACTION code.</p>
        </desc>
</t>
<t>
<field>INT.PAYMENT</field>
<desc>
            <p>Specifies the transaction code to be used when posting the interest schedule accounting from SL.LOANS application.</p>
            <p />
            <p>
                <p>Validation Rules:</p>
            </p>
            <p />
            <p>Must be an existing TRANSACTION code.</p>
        </desc>
</t>
<t>
<field>BUY.SELL.AMORT</field>
<desc>
            <p>Identifies  the transaction code which is used in BUY/SELL amortisation entries</p>
            <p>
                <p>Validation Rules:</p>
            </p>
            <p />
            <p>Must be a valid TRANSACTION  code.</p>
        </desc>
</t>
<t>
<field>CHARGE.PAYMENT</field>
<desc>
            <p>Specifies the transaction code to be used when posting the charge schedules accounting from FACILITY / SL.LOANS application.</p>
            <p />
            <p>
                <p>Validation Rules:</p>
            </p>
            <p />
            <p>Must be an existing TRANSACTION code.</p>
        </desc>
</t>
<t>
<field>CMT.FEE.PAYMENT</field>
<desc>
            <p />
            <p>Specifies the transaction code to be used when posting the commitment fee schedules accounting from FACILITY application</p>
            <p>
                <p>Validation Rules:</p>
            </p>
            <p />
            <p>Must be an existing TRANSACTION code.</p>
        </desc>
</t>
<t>
<field>ID</field>
<desc>
            <p>Table to list down the different transaction codes that are to be used while raising STMT.ENTRY records.</p>
            <p>The ID of this file is SYSTEM.</p>
            <p>The user may commit the table without any input in any of the fields, in which case system would use the default transaction codes.</p>
        </desc>
</t>
</menu>
</t24help>

