<?xml version="1.0" encoding="utf-8"?>
<t24help>
<header>
<product>PC</product>
<table>PC.PERIOD</table>
</header>
<overview>
<ovdesc>

        </ovdesc>
<ovimage></ovimage>
</overview>
<menu>
<t>
<field>PERIOD.STATUS</field>
<desc>
            <p>Reflects the status of the period end</p>
            <p>If the period is closed, any adjustments posted to this period will be lost or ignored.Once closed,you may not alter this status,or any other field on the PC.PERIOD application</p>
            <p>
                <p>Validation Rules:</p>
            </p>
            <p />
            <p>Must be <strong>OPEN </strong>or <strong>CLOSED</strong></p>
            <p>You may not close a period whilst a previous one remains         open</p>
            <p>A period cannot be closed when there are outstanding         postings pending on the period you are trying to close,or         a previous one</p>
        </desc>
</t>
<t>
<field>PERIOD.END</field>
<desc>
            <p>Date of a Post Closing period end.</p>
            <p>This field may not be less than the PERIOD.END date which is defined in the DATES application,when you are defining a new period end.</p>
            <p>Dates input here should usually be a future date.When a period defined here matches a PERIOD.END date in DATES,a Post Closing Database will be created for this period</p>
            <p>
                <p>Validation Rules:</p>
            </p>
            <p />
            <p>Must be a valid date</p>
            <p>Cannot be &lt; TODAY when creating a new period end</p>
        </desc>
</t>
<t>
<field>COMP.STATUS</field>
<desc>
            <p>Is used in association with the COMPANY field</p>
            <p>Reflects whether the company is available for PC adjustment postings to be made to this company</p>
            <p>Cannot close a company that has pending adjustments for this period,or a previous period</p>
            <p>
                <p>Validation Rules:</p>
            </p>
            <p />
            <p>Must be <strong>OPEN </strong>or <strong>CLOSED</strong></p>
            <p />
        </desc>
</t>
<t>
<field>COMPANY</field>
<desc>
            <p>Used to define a company that should accept Post Closing Adjustments</p>
            <p>May be multivalued,and is associated with the field COMP.STATUS</p>
            <p>
                <p>Validation Rules:</p>
            </p>
            <p />
            <p>Must be a valid company on the COMPANY table</p>
            <p>You may not enter duplicate companies for the same period</p>
        </desc>
</t>
<t>
<field>DBASE.PATHNAME</field>
<desc>
            <p>Enter a path where the Post Closing Database for this period will be created.</p>
            <p>This is a mandatory field</p>
            <p>
                <p>Validation Rules:</p>
            </p>
            <p />
            <p>The pathname specified must be a valid, existing path</p>
        </desc>
</t>
<t>
<field>LOCAL.REF</field>
<desc>
        <p>This is a multi valued field. Standard T24 alphanumeric field. </p>
        <p>
           <p>Validation Rules:</p>
        </p>
        <p> A maximum of 35 characters may be entered.</p>
    </desc>
</t>
</menu>
</t24help>

