<?xml version="1.0" encoding="utf-8"?>
<t24help>
<header>
<product>PC</product>
<table>PC.UPDATE.REQUEST</table>
</header>
<overview>
<ovdesc>

        </ovdesc>
<ovimage></ovimage>
</overview>
<menu>
<t>
<field>ALL.COMP</field>
<desc>
            <p />
            <p>Enter 'Y' if you wish to update all OPEN companies in the Post Closing Database. You may not use this field if you have already entered data in the COMPANY fields to be used.  This field is optional</p>
            <p>
                <p>Validation Rules:</p>
            </p>
            <p />
            <p />
            <p>'Y' or left blank.</p>
            <p />
        </desc>
</t>
<t>
<field>COMPANY</field>
<desc>
            <p>Specify the company you wish to update in the Post Closing Database</p>
            <p>This field may be multivalued,and is optional.You may not complete this field if you have specified 'Y' in the ALL.COMP field which follows</p>
            <p>
                <p>Validation Rules:</p>
            </p>
            <p />
            <p>Must be a valid company on the COMPANY table</p>
            <p>The company must have a status of <strong>OPEN</strong>         in the PC.PERIOD application</p>
        </desc>
</t>
<t>
<field>PERIOD.END</field>
<desc>
            <p>Date of period to be updated in the Post Closing Database</p>
            <p>Must be defined as an OPEN period in PC.PERIOD</p>
            <p>
                <p>Validation Rules:</p>
            </p>
            <p />
            <p>Must be a valid date</p>
        </desc>
</t>
</menu>
</t24help>

