<?xml version="1.0" encoding="utf-8"?>
<t24help>
<header>
<product>OV</product>
<table>OV.PARAMETER</table>
</header>
<overview>
<ovdesc>

            <p>This table is used to define the parameter level setup at company level for activating online valuation. </p>
        </ovdesc>
<ovimage></ovimage>
</overview>
<menu>
<t>
<field>MGN.CALL.EFF.DAYS</field>
<desc>
            <p>Number of days before which customer should respond for margin call</p>
            <p>
                <p>Validation Rules:</p>
            </p>
            <p>     Numbers of 3 characters may be entered</p>
        </desc>
</t>
<t>
<field>STOCK.COUNT.BASIS</field>
<desc>
            <p>This field allows options ALL,ELIGIBLE,RESTRICTED.</p>
            <p> a)‘ALL’- All the holdings (equities, bonds and managed funds) will be considered.</p>
            <p> b)‘ELIGIBLE’ – All eligible stocks (SECURITY.MASTER field MARGINABLE not equal to NO) will be considered.</p>
            <p> c)RESTRICTED – when the field RESTRICTED is set to YES in SECURITY.MASTER.</p>
        </desc>
</t>
<t>
<field>INITIAL.MARGIN</field>
<desc>
            <p>Margin rate used in calculation of buying power</p>
            <p> Only FACILITY or INITIAL.MARGIN can be set</p>
            <p>
                <p>Validation Rules:</p>
            </p>
            <p>     A maximum of 9 numeric characters may be entered.</p>
        </desc>
</t>
<t>
<field>MARGIN.LENDING</field>
<desc>
            <p>Enable buying power calculation based on facility OR Margin</p>
            <p>Can be input only if BUYING.POWER is set "YES" </p>
            <p>
                <p>Validation Rules:</p>
            </p>
            <p>    Will accept a value YES </p>
        </desc>
</t>
<t>
<field>SELL.OUT.MGN.DAYS</field>
<desc>
            <p> Number of days before which customer should respond for sell-out margin call</p>
            <p>
                <p>Validation Rules:</p>
            </p>
            <p>     Numbers of 3 characters may be entered</p>
        </desc>
</t>
<t>
<field>STOCK.HELD</field>
<desc>
            <p>This field indicates the number of stocks that a portfolio should hold for it to be considered a diversified portfolio.</p>
        </desc>
</t>
<t>
<field>EXC.EVENTS</field>
<desc>
            <p>Field to indicate the events which can be excluded during the online valuation process. </p>
            <p>
                <p>Validation Rules:</p>
            </p>
            <p>     Multivalue field </p>
            <p>     Possible values are SEC.PRICE,SEC.TXN,CCY.RATE,CASH.TXN,NON.SC.TXN,ORDER.EXEC,DX.PRICE,LTV.CHG and CUS.RATE.</p>
        </desc>
</t>
<t>
<field>HOLDING.PERCENT</field>
<desc>
            <p>This field holds the holding cap percentage for an individual stock.</p>
        </desc>
</t>
<t>
<field>BUYING.POWER</field>
<desc>
            <p> This field is used to enable buying power </p>
            <p>
                <p>Validation Rules:</p>
            </p>
            <p>    Will accept a value YES </p>
        </desc>
</t>
<t>
<field>OV.PARAM.KEY</field>
<desc>
            <p>Reference to this parameter file is the Company ID for which the valuation is setup is defined.</p>
            <p>
                <p>Validation Rules:</p>
            </p>
            <p>     A maximum of 12 characters may be entered.</p>
        </desc>
</t>
<t>
<field>MAINT.MARGIN</field>
<desc>
            <p>Margin percentage used to calculate MAINT.MARGIN.AMT field in SEC.ACC.MASTER</p>
            <p> Can be set only if INITIAL.MARGIN is set </p>
            <p>
                <p>Validation Rules:</p>
            </p>
            <p>     A maximum of 9 numeric characters may be entered.</p>
        </desc>
</t>
<t>
<field>TOP.UP.MGN.DAYS</field>
<desc>
            <p>Number of days before which customer should respond for top-up margin call</p>
            <p>
                <p>Validation Rules:</p>
            </p>
            <p>     Numbers of 3 characters may be entered.</p>
        </desc>
</t>
<t>
<field>PRC.TOL.CCY</field>
<desc>
            <p>Field to indicate the currency in which the tolerance amount is specified</p>
            <p>
                <p>Validation Rules:</p>
            </p>
            <p>     Single value field </p>
            <p>     Accepts valid currency.</p>
        </desc>
</t>
<t>
<field>FACILITY</field>
<desc>
            <p>Maximum facility that bank will provide to increase buying power</p>
            <p>
                <p>Validation Rules:</p>
            </p>
            <p>     A maximum of 9 numeric characters may be entered.</p>
        </desc>
</t>
<t>
<field>USER.ROUTINE</field>
<desc>
            <p>User routine that will be triggered to arrive at margin rate locally.</p>
        </desc>
</t>
<t>
<field>HOLDING.ACTION</field>
<desc>
            <p>Allowed values are PORTFOLIO,POSITION,EXCESS.</p>
            <p> a.PORTFOLIO –  when one position breaches the holding cap,Entire portfolio will be treated as a standard portfolio and will apply standard LVRs on all the holdings.</p>
            <p> b.POSITION – When the holding cap is breached, Entire holding in the stock as standard and will apply standard LVR on that particular holding.</p>
            <p> c.EXCESS -  Will treat the excess holding (in excess of the percentage specified) as standard and apply standard LVR on the excess and diversified LVR on the rest.</p>
        </desc>
</t>
<t>
<field>MAINT.MGN.DAYS</field>
<desc>
            <p>Number of days before which customer should respond for maintenenace margin call</p>
            <p>
                <p>Validation Rules:</p>
            </p>
            <p>     Numbers of 3 characters may be entered</p>
        </desc>
</t>
<t>
<field>PORTFOLIO</field>
<desc>
            <p>Field to indicate whether online valuation is activated for all the portfolio's or not</p>
            <p>
                <p>Validation Rules:</p>
            </p>
            <p> Single value field and the value ‘ALL’ denotes that the online valuation is activated for all the portfolios.</p>
        </desc>
</t>
<t>
<field>BUYING.PWR.RTN</field>
<desc>
            <p>User routine to modify the buying power amount of the porfolio.Routine should exist in PGM.FILE.</p>
        </desc>
</t>
<t>
<field>PRC.TOL.TYPE</field>
<desc>
            <p>Field to indicate the tolerance / base level for price movements to impact the valuation</p>
            <p>
                <p>Validation Rules:</p>
            </p>
            <p>     Single value field </p>
            <p>     Possible value can be either AMOUNT or PERCENTAGE</p>
        </desc>
</t>
<t>
<field>BUFFER</field>
<desc>
            <p>Percentage by which margin value of portfolio will be increased before checking for margin call</p>
            <p>
                <p>Validation Rules:</p>
            </p>
            <p>     Mandatory input.</p>
            <p>     A maximum of 9 numeric characters may be entered.</p>
        </desc>
</t>
<t>
<field>PRC.TOL</field>
<desc>
            <p>Field to indicate the tolerance amount for price changes, above which valuation need to be triggered. </p>
            <p>
                <p>Validation Rules:</p>
            </p>
            <p>     Accepts Numeric value </p>
        </desc>
</t>
<t>
<field>DIVERSIF.RTN</field>
<desc>
            <p>User routine to  modify the diversification margin amount of the porfolio. Routine should exist in PGM.FILE.</p>
        </desc>
</t>
<t>
<field>ONLINE.VAL</field>
<desc>
            <p>Field to indicate whether automatic online valuation need to be activated for the current company or not. </p>
            <p>
                <p>Validation Rules:</p>
            </p>
            <p>     Mandatory input.</p>
            <p>     Possible value can be either YES or NO.</p>
        </desc>
</t>
<t>
<field>ADDNL.MARGIN</field>
<desc>
            <p>Margin percentage used to calculate ADDNL.MARGIN.AMT field in SEC.ACC.MASTER</p>
            <p>Can be set only if INITIAL.MARGIN and MAINT.MARGIN is set </p>
            <p>
                <p>Validation Rules:</p>
            </p>
            <p>     A maximum of 9 numeric characters may be entered.</p>
        </desc>
</t>
<t>
<field>ADDNL.MGN.DAYS</field>
<desc>
            <p>Number of days before which customer should respond for additional margin call</p>
            <p>
                <p>Validation Rules:</p>
            </p>
            <p>     Numbers of 3 characters may be entered</p>
        </desc>
</t>
<t>
<field>ADJ.SHORT.POS</field>
<desc>
            <p> Mandatory if, MARGIN.LENDING is set as "YES". </p>
            <p> If NO, SEC.ACC.MASTER field SHORT.POS.MGN.AMT will hold the total margin value pertaining to short positions provided INITIAL.MARGIN is set   </p>
            <p>
                <p>Validation Rules:</p>
            </p>
            <p>     Possible value can be either YES or NO</p>
        </desc>
</t>
<t>
<field>BASIS</field>
<desc>
            <p>   Takes "MARKET" as value </p>
            <p>   Accepts 6 alphanumeric characters </p>
        </desc>
</t>
<t>
<field>ISSUER.DIVERFN</field>
<desc>
<p>To determine whether issuer diversification should be performed based on margin value check, Net equity check OR both. Allowed values are MARGIN,EQUITY,BOTH. Cannot be set if existing field DIVERSIFICATION is setup.</p>
</desc>
</t>
<t>
<field>ISSUER.PERCENTAGE</field>
<desc>
<p>Maximum allowed percentage for issuers (above which diversification will apply say, 25 percent)</p>
</desc>
</t>
<t>
<field>APPROVED.ISSUER</field>
<desc>
<p>List of Approved issuers. Input to be prefixed with I- for entering issuer from SC.ISSUER. Input to be prefixed with C- for entering T24 customer</p>
</desc>
</t>
<t>
<field>EXCEPT.SUB.ASSET</field>
<desc>
<p>List of sub asset types that are to be excluded for issuer diversification</p>
</desc>
</t>
<t>
<field>NO.OF.ISSUER</field>
<desc>
<p>This field is applicable only if field ISSUER.DIVERSIFICATION is set as MARGIN or BOTH. Margin value check will be performed as a part of core valuation if number of issuer for a portfolio exceeds the setup here. However, If number of issuer is lesser than the setup done here, Core valuation will call the local API defined in ISSUER.DIVERFN.RTN to perform diversification checks.</p>
</desc>
</t>
<t>
<field>ISSUER.DIVERFN.RTN</field>
<desc>
<p>Local routine for performing issuer diversification to be specified.This will be invoked  if number of issuer for a portfolio is less than the number specified in NO.OF.ISSUER field and ISSUER.DIVERSIFICATION is not set as net equity check. Should have the valid record in PGM.FILE application</p>
</desc>
</t>
<t>
<field>TOP.UP.MGN.RATE</field>
<desc>
<p>Margin rate for top up that will be compared with security margin ratio in SEC.ACC.MASTER to determine margin call</p>
</desc>
</t>
<t>
<field>SELL.OUT.MGN.RATE</field>
<desc>
<p>Margin rate for sell out that will be compared with security margin ratio in SEC.ACC.MASTER to determine margin call</p>
</desc>
</t>
<t>
<field>PRICING.DAYS</field>
<desc>
<p>To hold cut of day of calculating pricing date. Margin rate will applied as zero in calculation of final margin value if backward date calculated using pricing days is greater than the DATE.LAST.PRICE field of SECURITY.MASTER.</p>
</desc>
</t>
<t>
<field>GLOBAL.LIMIT</field>
<desc>
<p>To specify the global limit (i.e. In format 10000.xxx). Enquiry for limit utilization will pick the right limit reference by prefixing customer of portfolio based on the query run (group, individual portfolio, etc.). This will be considered if limit is not setup at subsequent levels</p>
</desc>
</t>
<t><field>EXCEPT.ASSET</field><desc><p>Help Text for this field is unavailable.  Please refer to the T24 User Guides for further information.</p></desc></t><t><field>PLEDGE.BY.PCT</field><desc><p>Help Text for this field is unavailable.  Please refer to the T24 User Guides for further information.</p></desc></t></menu>
</t24help>
