<?xml version="1.0" encoding="utf-8"?>
<t24help>
<header>
<product>SY</product>
<table>SY.CONTRACT.LINK</table>
</header>
<overview>
<ovdesc>

            <p>Links the deal the customer has placed in an underlying application to a transaction in the SY.TRANSACTION application.</p>
        </ovdesc>
<ovimage></ovimage>
</overview>
<menu>
<t>
<field>SY.UNIT.ID</field>
<desc>
            <p>The SY.UNIT ID that triggered the use of the underlying application.</p>
        </desc>
</t>
<t>
<field>UNDER.APPLICATION</field>
<desc>
            <p>The underlying application</p>
        </desc>
</t>
<t>
<field>TXN.LINK.ID</field>
<desc>
            <p>The ID of this link table. It is formed of 2 parts, the underlying application and the underlying application ID</p>
        </desc>
</t>
<t>
<field>OVERRIDE</field>
<desc>
            <p>Contains all the Override messages which the user agreed to during Input.</p>
            <p />
            <p>In the event that the user confirms the Override, the full text of the actual Override Message will be stored, for reference purposes only, in this multivalue field.</p>
        </desc>
</t>
<t>
<field>SY.PRD.ID</field>
<desc>
            <p>The SY.PRODUCT ID relating to thistransaction</p>
        </desc>
</t>
<t>
<field>SY.TXN.ID</field>
<desc>
            <p>The SY.TRANSACTION table ID</p>
        </desc>
</t>
<t>
<field>UNDER.ID</field>
<desc>
            <p>The ID of the record in the underlying application</p>
        </desc>
</t>
</menu>
</t24help>

