<?xml version="1.0" encoding="utf-8"?>
<t24help>
<header>
<product>SY</product>
<table>SY.EVENT.ERRORS</table>
</header>
<overview>
<ovdesc>

            <p>This is a live file holding the SY.EVENT error details.</p>
        </ovdesc>
<ovimage></ovimage>
</overview>
<menu>
<t>
<field>DATE</field>
<desc>
            <p>The actual (server) date on which this error occurred.  Note that this may not be the same as SYSTEM.DATE.</p>
        </desc>
</t>
<t>
<field>TIME</field>
<desc>
            <p>The time at which this error occurred.</p>
        </desc>
</t>
<t>
<field>INPUTTER</field>
<desc>
            <p>Not used as this is a live file.</p>
        </desc>
</t>
<t>
<field>DEPT.CODE</field>
<desc>
            <p>Not used as this is a live file.</p>
        </desc>
</t>
<t>
<field>ERROR</field>
<desc>
            <p>If the field MAINT.MSG.DETS is set to 'Y' in the OFS.SOURCE record as specified in SY.PARAMETER, this field will show the originating error message from the underlying application.</p>
        </desc>
</t>
<t>
<field>RECORD.STATUS</field>
<desc>
            <p>Not used as this is a live file.</p>
        </desc>
</t>
<t>
<field>DATE.TIME</field>
<desc>
            <p>Not used as this is a live file.</p>
        </desc>
</t>
<t>
<field>SYSTEM.DATE</field>
<desc>
            <p>The system (T24) date at the time the error was generated.  Note that this may not be the same as DATE.</p>
        </desc>
</t>
<t>
<field>LAST.RUN.DATE</field>
<desc>
            <p>The last time this event ran successfully.</p>
        </desc>
</t>
<t>
<field>COMO</field>
<desc>
            <p>The key to the output (COMO) file generated for this agent and job.</p>
        </desc>
</t>
<t>
<field>TABLE.NAME.ID</field>
<desc>
            <p>This is the key to this SY.EVENT.ERRORS record.</p>
        </desc>
</t>
<t>
<field>TRANSACTION</field>
<desc>
            <p>The transaction key for this event.</p>
        </desc>
</t>
<t>
<field>EVENT.DEFINITION</field>
<desc>
            <p>The event definition key for this event.</p>
        </desc>
</t>
<t>
<field>COB.PHASE</field>
<desc>
            <p>The COB phase in which this event failed.</p>
        </desc>
</t>
<t>
<field>CURR.NO</field>
<desc>
            <p>Not used as this is a live file.</p>
        </desc>
</t>
<t>
<field>CO.CODE</field>
<desc>
            <p>Not used as this is a live file.</p>
        </desc>
</t>
<t>
<field>EVENT.ID</field>
<desc>
            <p>The event that has failed.</p>
        </desc>
</t>
<t>
<field>OFS.REF</field>
<desc>
            <p>If the field MAINT.MSG.DETS is set to 'Y' in the OFS.SOURCE record as specified in SY.PARAMETER, this field will link to an OFS.REQUEST.DETAILS record showing the originating error message from the underlying application.</p>
        </desc>
</t>
<t>
<field>AGENT</field>
<desc>
            <p>The agent number which was processing this event.</p>
        </desc>
</t>
<t>
<field>AUDIT.DATE.TIME</field>
<desc>
            <p>Not used as this is a live file.</p>
        </desc>
</t>
<t>
<field>AUDITOR.CODE</field>
<desc>
            <p>Not used as this is a live file.</p>
        </desc>
</t>
<t>
<field>AUTHORISER</field>
<desc>
            <p>Not used as this is a live file.</p>
        </desc>
</t>
</menu>
</t24help>

