<?xml version="1.0" encoding="utf-8"?>
<t24help>
<header>
<product>SY</product>
<table>SY.EVENT.LOG</table>
</header>
<overview>
<ovdesc>

            <p>Holds the State of SY.EVENT when it happens</p>
        </ovdesc>
<ovimage></ovimage>
</overview>
<menu>
<t>
<field>TRACKING</field>
<desc>
            <p>Defines if this event is tracking or non-tracking.</p>
        </desc>
</t>
<t>
<field>INSTANCE</field>
<desc>
            <p>This is a NOINPUT field.</p>
        </desc>
</t>
<t>
<field>NOTES</field>
<desc>
            <p>Any notes that the user wishes to store.</p>
        </desc>
</t>
<t>
<field>TERMINATOR.CASE</field>
<desc>
            <p>Defines if this event is the last event in a products lifecylcle. Once this event is processed                    no further events can be processed for the deal.</p>
        </desc>
</t>
<t>
<field>MESSAGE.CLASS</field>
<desc>
            <p>This field holds the EB.MESSAGE.CLASS record keys for the delivery messages generated.</p>
            <p />
            <p>   System-generated field only.</p>
        </desc>
</t>
<t>
<field>EVENT.LOG.ID</field>
<desc>
            <p>Key to the SY.EVENT.LOG record.</p>
            <p />
            <p>Consists of event definition, transaction and instance, separated by the '.' character.</p>
        </desc>
</t>
<t>
<field>CREATE.DATE</field>
<desc>
            <p>This is the date that the event was created.</p>
        </desc>
</t>
<t>
<field>CRITICAL</field>
<desc>
            <p>Defines if this event is critical in the products lifecycle and will prevent the user from reversing the deal.</p>
            <p />
            <p> Not used in this application.</p>
        </desc>
</t>
<t>
<field>SHORT.NAME</field>
<desc>
            <p>A short description of the event.</p>
        </desc>
</t>
<t>
<field>LOG.ID</field>
<desc>
            <p>Reserved for future use.</p>
            <p>      This is a NOINPUT field.</p>
        </desc>
</t>
<t>
<field>LAST.RUN.DATE</field>
<desc>
            <p>The last run date for the event.</p>
        </desc>
</t>
<t>
<field>DATE</field>
<desc>
            <p>This is the date on which an event will be processed.</p>
        </desc>
</t>
<t>
<field>DESCRIPTION</field>
<desc>
            <p>This is a description of the purpose of this event.</p>
        </desc>
</t>
<t>
<field>INCLUDE.FIRST.DATE</field>
<desc>
            <p>This flag indicates that a rolling event was first processed on the CREATE.DATE.</p>
        </desc>
</t>
<t>
<field>PROCESS</field>
<desc>
            <p>Used to manually trigger event processing.</p>
        </desc>
</t>
<t>
<field>MESSAGE.TYPE</field>
<desc>
            <p>This field holds the DE.MESSAGE record keys for the delivery messages generated</p>
            <p />
            <p>   System-generated field only.</p>
        </desc>
</t>
<t>
<field>INTERNAL.USE</field>
<desc>
            <p>Not used in SY.EVENT.LOG.  This field is for internal use only.</p>
        </desc>
</t>
<t>
<field>NO.CHANGE</field>
<desc>
            <p>Defines if this event should block the ammendment of the deal.</p>
            <p />
            <p> Not used in this application.</p>
        </desc>
</t>
<t>
<field>MESSAGE.REF</field>
<desc>
            <p>This field holds the message reference returned from the delivery sub-system for the delivery messages generated.</p>
            <p />
            <p>   System-generated field only.</p>
        </desc>
</t>
<t>
<field>FREQUENCY</field>
<desc>
            <p>Defines the frequency of a rolling event.</p>
            <p />
        </desc>
</t>
<t>
<field>EVENT.DEFINITION</field>
<desc>
            <p>Holds the valid ID of SY.EVENT.DEFINITION record.</p>
            <p>      This is a NOINPUT field.</p>
        </desc>
</t>
<t>
<field>EVENT.TYPE</field>
<desc>
            <p>This classifies the type of event. </p>
            <p />
            <p>          Some event types relate directly to a T24 function being applied to the Structured Product:                 </p>
            <p>          Input </p>
            <p>          Authorise</p>
            <p>          Delete</p>
            <p>          Reverse</p>
            <p>          Scheduled - To be actioned on a predetermined date)</p>
            <p>          Rolling - To be repeated at predetermined intervals) </p>
            <p>          Add-Hoc - This will be triggered manually</p>
            <p />
            <p>       The event type chosen determines which additional fields are required:</p>
            <p />
            <p>          For Scheduled events, one of DATE or DATE.RULES must be entered with COB.PHASE                                     optional.</p>
            <p />
            <p>          For Rolling events, FREQUENCY and COB.PHASE are mandatory and DATE.RULES is optional.</p>
            <p />
            <p>          For the other events these fields must not be used.</p>
        </desc>
</t>
<t>
<field>OVERRIDE</field>
<desc>
            <p>This field is used to hold any overrides generated on committing this record.</p>
            <p />
            <p>   System-generated field only.</p>
        </desc>
</t>
<t>
<field>DATE.RULES</field>
<desc>
            <p>This defines the date rules for and event, defining the date in terms of the process date.</p>
            <p />
            <p>         T24 uses a range of keywords, codes and modifiers to represent the exchange rules when determining the dates. </p>
            <p>        .</p>
            <p>         Keyword  Meaning  Comments </p>
            <p>         MO          Monday </p>
            <p>         TU          Tuesday </p>
            <p>         WE          Wednesday </p>
            <p>         TH          Thursday </p>
            <p>         FR          Friday </p>
            <p>         SA          Saturday </p>
            <p>         SU          Sunday </p>
            <p>         M          Month  Only valid with multiplier/operator in same field </p>
            <p>         W          Week  Only valid with multiplier/operator in same field </p>
            <p>         CD          Calendar days  Only valid with multiplier/operator in same field </p>
            <p>         BD          Business days  Only valid with multiplier/operator in same field </p>
            <p>         LBD          Last business day of the month  Not valid with multiplier/operator in same field </p>
            <p>         LCD          Last calendar day of the month  Not valid with multiplier/operator in same field </p>
            <p>         FBD          First business day of the month  Not valid with multiplier/operator in same field </p>
            <p>         FCD          First calendar day of the month  Not valid with multiplier/operator in same field </p>
            <p>         MF*          Move forward.  If the date obtained is not a business day, the move forward until a business date is found. </p>
            <p>         MB*          Move backward  If the date obtained is not a business day, then move backwards until a business date is found. </p>
            <p>         CAL*          Calendar Date  Return the date obtained, </p>
            <p>        .</p>
            <p>      Operators and multipliers can then be applied to any of the above "keywords", subject to the                    rules shown in the table.</p>
            <p>      For example, +3BD indicates add 3 business days.</p>
            <p>      Some keywords are only valid in the presence of operators or multipliers. It makes no sense                       to put the keyword 'BD' into a field since it is only useful when describing a date offset,                  i.e. +3BD or -2BD.</p>
            <p>      Conversely, keywords such as FBD and LCD describe fixed points in a month and are                               meaningless when combined with operators or multipliers.</p>
            <p>      It is important to note that the scenario the first business day in the month 2 months forward                    is represented by +2M,FBD and not +2FBD.</p>
        </desc>
</t>
<t>
<field>TERMINATED</field>
<desc>
            <p>Indicates that the event has been terminated.</p>
        </desc>
</t>
<t>
<field>ACTIVITY.CODE</field>
<desc>
            <p>This field contains the EB.ACTIVITY record id(s) for the delivery message(s) generated</p>
            <p />
            <p>   System-generated field only.</p>
        </desc>
</t>
<t>
<field>ALLOW.RERUN</field>
<desc>
            <p>Is the user able to re-run an event after it has been run (successfully) at least once.</p>
        </desc>
</t>
<t>
<field>CLEAR.UP</field>
<desc>
            <p>For System use only - Not Inputtable by users.</p>
            <p> Defines if a background cleanup is required.</p>
        </desc>
</t>
<t>
<field>COB.PHASE</field>
<desc>
            <p>For Scheduled and/or rolling events the Close of buiness processing will be invoked. This defined when during the COB the event will be processed.</p>
            <p />
            <p>If set to 'Close of Business', event will be processed before system date change.</p>
            <p>If set to 'Start of Day', event will be processed after system date change.</p>
            <p>If set to 'Online', event will be processed after system date change during ONLINE phase.</p>
        </desc>
</t>
<t>
<field>TRANSACTION</field>
<desc>
            <p>Holds the valid ID of SY.TRANSACTION.</p>
            <p>      This is a NOINPUT field.</p>
        </desc>
</t>
</menu>
</t24help>

