<?xml version="1.0" encoding="utf-8"?>
<t24help>
<header>
<product>SY</product>
<table>SY.EVENT</table>
</header>
<overview>
<ovdesc>

            <p>This application allows the user to define an event in the lifecycle of a structured product.</p>
            <p>         Instance of SY.EVENT.DEFINITION</p>
        </ovdesc>
<ovimage></ovimage>
</overview>
<menu>
<t>
<field>DESCRIPTION</field>
<desc>
            <p>This is a description of the purpose of this event.</p>
        </desc>
</t>
<t>
<field>OVERRIDE</field>
<desc>
            <p>System-generated overrides are displayed in this field.  System-generated field only.</p>
        </desc>
</t>
<t>
<field>EVENT.ID</field>
<desc>
            <p>Holds the ID of the event.</p>
        </desc>
</t>
<t>
<field>INCLUDE.FIRST.DATE</field>
<desc>
            <p>If set, for rolling events, the first instance of the event being triggered is on the day that it is created (CREATE.DATE) or the start date (calculated from DATE and DATE.RULES) if specified; otherwise, the first instance of the event being triggered is the next date after that, according to the rolling interval chosen (FREQUENCY).</p>
        </desc>
</t>
<t>
<field>INTERNAL.USE</field>
<desc>
            <p>This is a NOINPUT field.  This field is only for internal system use.</p>
        </desc>
</t>
<t>
<field>SHORT.NAME</field>
<desc>
            <p>A short description of the event.</p>
        </desc>
</t>
<t>
<field>TERMINATOR.CASE</field>
<desc>
            <p>Defines if this event is the last event in a products lifecylcle. Once this event is processed no further events can be processed for the deal.</p>
        </desc>
</t>
<t>
<field>INSTANCE</field>
<desc>
            <p>This is a NOINPUT field.  This field is used in SY.EVENT.LOG only.</p>
        </desc>
</t>
<t>
<field>CRITICAL</field>
<desc>
            <p>Defines if this event is critical in the products lifecycle and will prevent the user from reversing the deal.</p>
        </desc>
</t>
<t>
<field>NOTES</field>
<desc>
            <p>Any notes that the user wishes to store.</p>
        </desc>
</t>
<t>
<field>FREQUENCY</field>
<desc>
            <p>Defines the frequency of a rolling event.</p>
        </desc>
</t>
<t>
<field>DATE.RULES</field>
<desc>
            <p>This defines the date rules for and event, defining the date in terms of the process date.</p>
            <p>   T24 uses a range of keywords, codes and modifiers to represent the exchange rules when determining the dates. </p>
            <p />
            <p>            Keyword     Meaning  Comments </p>
            <p>            MO          Monday </p>
            <p>            TU          Tuesday </p>
            <p>            WE          Wednesday </p>
            <p>            TH          Thursday </p>
            <p>            FR          Friday </p>
            <p>            SA          Saturday </p>
            <p>            SU          Sunday </p>
            <p>            M          Month  Only valid with multiplier/operator in same field </p>
            <p>            W          Week  Only valid with multiplier/operator in same field </p>
            <p>            CD          Calendar days  Only valid with multiplier/operator in same field </p>
            <p>            BD          Business days  Only valid with multiplier/operator in same field </p>
            <p>            LBD          Last business day of the month  Not valid with multiplier/operator in same field </p>
            <p>            LCD          Last calendar day of the month  Not valid with multiplier/operator in same field </p>
            <p>            FBD          First business day of the month  Not valid with multiplier/operator in same field </p>
            <p>            FCD          First calendar day of the month  Not valid with multiplier/operator in same field </p>
            <p>            MF*          Move forward.  If the date obtained is not a business day, the move forward until a business date is found. </p>
            <p>            MB*          Move backward  If the date obtained is not a business day, then move backwards until a business date is found. </p>
            <p>            CAL*          Calendar Date  Return the date obtained, </p>
            <p>           .</p>
            <p>         Operators and multipliers can then be applied to any of the above "keywords", subject to the                    rules shown in the table.</p>
            <p>         For example, +3BD indicates add 3 business days.</p>
            <p>         Some keywords are only valid in the presence of operators or multipliers. It makes no sense                       to put the keyword 'BD' into a field since it is only useful when describing a date offset,                  i.e. +3BD or -2BD.</p>
            <p>         Conversely, keywords such as FBD and LCD describe fixed points in a month and are                               meaningless when combined with operators or multipliers.</p>
            <p>         It is important to note that the scenario the first business day in the month 2 months forward                    is represented by +2M,FBD and not +2FBD.</p>
        </desc>
</t>
<t>
<field>TRANSACTION</field>
<desc>
            <p>Holds the valid ID of SY.TRANSACTION.</p>
            <p>         This is a NOINPUT field.</p>
        </desc>
</t>
<t>
<field>LOG.ID</field>
<desc>
            <p>This is a NOINPUT field.  Used in SY.EVENT.LOG only.</p>
        </desc>
</t>
<t>
<field>NO.CHANGE</field>
<desc>
            <p>Defines if this event should block the amendment of the deal.</p>
        </desc>
</t>
<t>
<field>PROCESS</field>
<desc>
            <p>This field is used to manually trigger the processing of an event.</p>
        </desc>
</t>
<t>
<field>CREATE.DATE</field>
<desc>
            <p>The date on which this event was created.</p>
            <p />
            <p>System-generated field only.</p>
        </desc>
</t>
<t>
<field>TRACKING</field>
<desc>
            <p>Defines if this event is tracking or non-tracking.</p>
        </desc>
</t>
<t>
<field>EVENT.DEFINITION</field>
<desc>
            <p>Holds the valid ID of SY.EVENT.DEFINITION record.</p>
            <p>         This is a NOINPUT field.</p>
        </desc>
</t>
<t>
<field>LAST.RUN.DATE</field>
<desc>
            <p>The last run date for the event.</p>
            <p />
        </desc>
</t>
<t>
<field>MESSAGE.REF</field>
<desc>
            <p>This is a NOINPUT field.  Used in SY.EVENT.LOG only.</p>
        </desc>
</t>
<t>
<field>EVENT.TYPE</field>
<desc>
            <p>This classifies the type of event. </p>
            <p />
            <p>             Some event types relate directly to a T24 function being applied to the Structured Product:                 </p>
            <p>             Input </p>
            <p>             Authorise</p>
            <p>             Delete</p>
            <p>             Reverse</p>
            <p>             Scheduled - To be actioned on a predetermined date)</p>
            <p>             Rolling - To be repeated at predetermined intervals) </p>
            <p>             Add-Hoc - This will be triggered manually</p>
            <p />
            <p>          The event type chosen determines which additional fields are required:</p>
            <p />
            <p>             For Scheduled events, one of DATE or DATE.RULES must be entered with COB.PHASE                                     optional.</p>
            <p />
            <p>             For Rolling events, FREQUENCY and COB.PHASE are mandatory and DATE.RULES is optional.</p>
            <p />
            <p>             For the other events these fields must not be used.</p>
        </desc>
</t>
<t>
<field>ACTIVITY.CODE</field>
<desc>
            <p>System-generated field only.  Used in SY.EVENT.LOG only.</p>
        </desc>
</t>
<t>
<field>ALLOW.RERUN</field>
<desc>
            <p>Is the user able to re-run an event after it has been run (successfully) at least once.</p>
        </desc>
</t>
<t>
<field>CLEAR.UP</field>
<desc>
            <p>For System use only - Not Inputtable by users.</p>
            <p />
            <p>   Defines if a background cleanup is required.</p>
        </desc>
</t>
<t>
<field>COB.PHASE</field>
<desc>
            <p>For Scheduled and/or rolling events the Close of buiness processing will be invoked. This defined when during the COB the event will be processed.</p>
            <p />
            <p>  If set to 'Close of Business', event will be processed before system date change.</p>
            <p>  If set to 'Start of Day', event will be processed after system date change.</p>
            <p>  If set to 'Online', event will be processed after system date change during ONLINE phase.</p>
        </desc>
</t>
<t>
<field>DATE</field>
<desc>
            <p>This is the date on which an event will be processed.</p>
        </desc>
</t>
<t>
<field>TERMINATED</field>
<desc>
            <p>This is a system-generated field only - shows whether this event has been terminated.</p>
        </desc>
</t>
</menu>
</t24help>

