<?xml version="1.0" encoding="utf-8"?>
<t24help>
<header>
<product>SY</product>
<table>SY.PRODUCT</table>
</header>
<overview>
<ovdesc>

            <p>Holds the instance of the SY.PRODUCT.DEFINTION.  This is the Structured Product which is being traded.</p>
            <p />
            <p>     If the TRACKING field is set to 'No', this record will be defaulted from SY.PRODUCT.DEFINITION as at the time of committing this record.  This record will then contain the data relating to processing of this product.</p>
            <p />
            <p>     If the TRACKING field is set to 'No', the data relating to processing of this product is taken from SY.PRODUCT.DEFINITION.</p>
        </ovdesc>
<ovimage></ovimage>
</overview>
<menu>
<t>
<field>UNIT.DEF</field>
<desc>
            <p>This is a valid SY.UNIT.DEFINITION record which forms a part of the SY.UNIT ID.  This  unit will have the corresponding operation applied when the associated EVENT occurs.</p>
            <p />
            <p>     Can contain a valid SY.UNIT.DEFINITION record.</p>
        </desc>
</t>
<t>
<field>SHORT.NAME</field>
<desc>
            <p>Short name for the product - defaulted from SY.PRODUCT.DEFINITION.</p>
            <p />
            <p>     Free text field up to 35 characters.</p>
        </desc>
</t>
<t>
<field>VALUATION.ROUTINE</field>
<desc>
            <p>If populated this will be the valuation routine that will be used to valuate this structured product.</p>
            <p />
            <p>     Valuation routine must have an associated PGM.FILE record.</p>
        </desc>
</t>
<t>
<field>INTERNAL.USE</field>
<desc>
            <p>This is a system generated field only and is non-inputtable.</p>
            <p />
            <p>     This field is used internally by T24 to monitor the status of the tracking fields on the application.</p>
        </desc>
</t>
<t>
<field>LAST.DATE</field>
<desc>
            <p>The last date on which a deal for this product may be accepted into the system.</p>
            <p />
        </desc>
</t>
<t>
<field>EB.ACTIVITY</field>
<desc>
            <p>This field can be used to specify any delivery message(s) to be invoked for this event.</p>
            <p />
            <p>   This must be a valid record in EB.ACTIVITY.</p>
        </desc>
</t>
<t>
<field>TRACKING</field>
<desc>
            <p>When Tracking is enabled the instantiated Product will track any changes made to the Product Definition during the product lifecycle. Otherwise the instantiated Product will copy the state of the Product definition when created.</p>
            <p />
            <p>     Therefore, if TRACKING is set, the tracked fields will be cleared </p>
            <p />
            <p>     Can be set to either YES or NO.</p>
        </desc>
</t>
<t>
<field>PUBLISHED</field>
<desc>
            <p>This field is set to YES if the Product is published in the AA catalog or to NO if it has been removed from the AA catalog.</p>
            <p />
            <p>     System generated field - defaulted from SY.PRODUCT.DEFINITION.</p>
        </desc>
</t>
<t>
<field>PRODUCT.CATEGORY</field>
<desc>
            <p>This field holds a generic category id which degfines the category of the product. This information is defaulted from the SY.PARAMETER record.</p>
            <p />
        </desc>
</t>
<t>
<field>SWEEP.ACCT</field>
<desc>
            <p>When YES this indicates that the Account Sweeping Process should automatically sweep transactions from the customers segregated account to the customers source account.</p>
            <p>     When the appropriate SY.PARAMETER record has its  SWEEP.ACCT.MASTER field set to 'Off' then this field will be ignored and no sweeping will occur.</p>
            <p />
            <p>     Can be YES or NO (or blank if TRACKING is set to YES)</p>
            <p />
        </desc>
</t>
<t>
<field>PRODUCT.CCY</field>
<desc>
            <p>A currency which defines the product. Such as "USD".</p>
            <p />
        </desc>
</t>
<t>
<field>OPERATION</field>
<desc>
            <p>This is the operation that will be applied to the corresponding  SY.UNIT (as defined by the corresponding  UNIT.DEF  and INSTANCE) when the associated EVENT occurs.</p>
            <p />
            <p>     Must contain one of the values 'New', 'Input', 'Reverse', 'Authorise', 'Delete', 'Verify' or 'Run'.</p>
        </desc>
</t>
<t>
<field>SWEEP.TXNS</field>
<desc>
            <p>A list of Transaction codes that are to be automatically swept by the Account Sweeping process or the single value 'All' which indicates that all accounting entries are to be swept.</p>
            <p />
            <p>     Can contain either TRANSACTION keys or a single value 'ALL' (or blank if TRACKING is set to YES or SWEEP.ACCT is set to NO).</p>
        </desc>
</t>
<t>
<field>VALUE.UNIT</field>
<desc>
            <p>It is a noinput field at this level it is defaulted from SY.PRODUCT.DEFINITION</p>
        </desc>
</t>
<t>
<field>OVERRIDE</field>
<desc>
            <p>This field contains the overrides generated by the system against this record.</p>
            <p />
            <p>     System Generated field only - non-inputtable.</p>
        </desc>
</t>
<t>
<field>TERMINATED</field>
<desc>
            <p>Indicates whether the product has reached the end of it's lifecycle yet - set to 'Yes' when this has happened.</p>
            <p />
            <p>     System Generated field only - non-inputtable.</p>
        </desc>
</t>
<t>
<field>PROD.INTERFACE</field>
<desc>
            <p>The key to the product interface record which exposes an underlying application to the framework and will result in the processing of this product.</p>
            <p />
        </desc>
</t>
<t>
<field>EB.EVENT.TYPE</field>
<desc>
            <p>Help Text for this field is unavailable.  Please refer to the T24 User Guides for further information.</p>
        </desc>
</t>
<t>
<field>EVENT</field>
<desc>
            <p>This is a list of Events that can occur in the product lifecycle.</p>
            <p />
            <p>     All Activities (An Activity = Operation + Unit + optionally Instance ) under a single event will occur in a single transaction bound.</p>
            <p />
            <p>     Can contain valid SY.EVENT.DEFINITION keys.</p>
        </desc>
</t>
<t>
<field>PRODUCT.ID</field>
<desc>
            <p>Key for this SY.PRODUCT record.</p>
            <p />
            <p>     Key is composed of two parts, the SY.PRODUCT.DEFINITION key followed by the SY.TRANSACTION key.</p>
        </desc>
</t>
<t>
<field>DESCRIPTION</field>
<desc>
            <p>Description of the product - defaulted from SY.PRODUCT.DEFINITION</p>
            <p />
            <p>     Free text up to 50 characters.</p>
        </desc>
</t>
<t>
<field>PRODUCT.DEFINITION</field>
<desc>
            <p>Product Definition key (for SY.PRODUCT.DEFINITION), defaulted from the record key.</p>
            <p />
            <p>     System Generated field only - non-inputtable.</p>
        </desc>
</t>
<t>
<field>INSTANCE</field>
<desc>
            <p>This must be empty when the corresponding action is new because a new unit will take the nex incremental instance.</p>
            <p>     Otherwise this must be either a quoted literal instance ID e.g. "0001" or a virtual field which equates to the number of an instance.</p>
            <p />
        </desc>
</t>
<t>
<field>SY.EXCLUDE.VALUATION</field>
<desc>
            <p>This field sets the default value for inclusion/exclusion of SY underlying deals in the valuation and customer position reporting.</p>
            <p />
            <p />
            <p />
            <p> If set to "YES" this will only report the SY deal otherwise all transactions created by the SY product along with the SY deal will be displayed.</p>
            <p />
            <p />
        </desc>
</t>
<t>
<field>TRANSACTION</field>
<desc>
            <p>Transaction key (for SY.TRANSACTION), defaulted from the record key.</p>
            <p />
            <p>     System Generated field only - non-inputtable.</p>
        </desc>
</t>
<t>
<field>SUB.ASSET.TYPE</field>
<desc>
            <p>This is the Sub-Asset Type for this product.</p>
            <p />
            <p>   This will be defaulted from SY.PARAMETER</p>
            <p />
            <p>   Must be a valid SUB.ASSET.TYPE.</p>
            <p />
            <p />
        </desc>
</t>
<t>
<field>FIRST.DATE</field>
<desc>
            <p>The first date on which a deal for this product may be accepted into the system.</p>
            <p />
        </desc>
</t>
<t>
<field>ACTIVE</field>
<desc>
            <p>This specifies whether this event is active or not. </p>
            <p>     An attempt to process an Event that is not active will raise an error.</p>
            <p />
            <p>     Must be either YES or NO.</p>
        </desc>
</t>
<t>
<field>COMPLETE</field>
<desc>
            <p>When YES this indicates that the Product is complete and can be dealt on.</p>
            <p>     Deals cannot be created for a Product which is not complete.</p>
            <p />
        </desc>
</t>
<t>
<field>DEPENDENCY</field>
<desc>
            <p>This is a list of Dependent Events that must have occurred previously in this product's lifecycle in order for this event to occur.</p>
            <p />
            <p>     Attempting to process an Event that has not had all its dependencies satisfied will raise an error.</p>
            <p />
            <p>     Can contain valid SY.EVENT.DEFINITION.RECORDS.</p>
        </desc>
</t>
<t>
<field>DEPOSIT</field>
<desc>
            <p>Defines whether a deposit will be taken from the client at inception of this deal.</p>
        </desc>
</t>
<t>
<field>TERMINATED.DATE</field>
<desc>
            <p>This field will hold the date on which the contract was terminated. </p>                 
            <p />       
        </desc>
</t>
<t><field>COB.PHASE</field><desc><p>Help Text for this field is unavailable.  Please refer to the T24 User Guides for further information.</p></desc></t><t><field>SUPPRESS.UNDERLYING</field><desc><p>Help Text for this field is unavailable.  Please refer to the T24 User Guides for further information.</p></desc></t><t><field>FIXING.ROUTINE</field><desc><p>Help Text for this field is unavailable.  Please refer to the T24 User Guides for further information.</p></desc></t><t><field>MIN.PERIOD.KOUT</field><desc><p>Help Text for this field is unavailable.  Please refer to the T24 User Guides for further information.</p></desc></t><t><field>MTM.REQUIRED</field><desc><p>Help Text for this field is unavailable.  Please refer to the T24 User Guides for further information.</p></desc></t><t><field>MTM.DIFFERENCE</field><desc><p>Help Text for this field is unavailable.  Please refer to the T24 User Guides for further information.</p></desc></t><t><field>MTM.PL.CATEG</field><desc><p>Help Text for this field is unavailable.  Please refer to the T24 User Guides for further information.</p></desc></t><t><field>MTM.CATEG</field><desc><p>Help Text for this field is unavailable.  Please refer to the T24 User Guides for further information.</p></desc></t><t><field>MTM.CR.TXN.CODE</field><desc><p>Help Text for this field is unavailable.  Please refer to the T24 User Guides for further information.</p></desc></t><t><field>MTM.DR.TXN.CODE</field><desc><p>Help Text for this field is unavailable.  Please refer to the T24 User Guides for further information.</p></desc></t><t><field>DEPOSIT.CATEG</field><desc><p>Help Text for this field is unavailable.  Please refer to the T24 User Guides for further information.</p></desc></t><t><field>DEPOSIT.DAY.BASIS</field><desc><p>Help Text for this field is unavailable.  Please refer to the T24 User Guides for further information.</p></desc></t><t><field>LOAN.CATEG</field><desc><p>Help Text for this field is unavailable.  Please refer to the T24 User Guides for further information.</p></desc></t><t><field>LOAN.DAY.BASIS</field><desc><p>Help Text for this field is unavailable.  Please refer to the T24 User Guides for further information.</p></desc></t><t><field>FEE.PL.CATEG</field><desc><p>Help Text for this field is unavailable.  Please refer to the T24 User Guides for further information.</p></desc></t><t><field>FEE.CR.TXN.CODE</field><desc><p>Help Text for this field is unavailable.  Please refer to the T24 User Guides for further information.</p></desc></t><t><field>FEE.DR.TXN.CODE</field><desc><p>Help Text for this field is unavailable.  Please refer to the T24 User Guides for further information.</p></desc></t><t><field>PREM.REAL.MAT</field><desc><p>Help Text for this field is unavailable.  Please refer to the T24 User Guides for further information.</p></desc></t><t><field>PREM.PL</field><desc><p>Help Text for this field is unavailable.  Please refer to the T24 User Guides for further information.</p></desc></t><t><field>PREM.CR.TXN.CODE</field><desc><p>Help Text for this field is unavailable.  Please refer to the T24 User Guides for further information.</p></desc></t><t><field>PREM.DR.TXN.CODE</field><desc><p>Help Text for this field is unavailable.  Please refer to the T24 User Guides for further information.</p></desc></t><t><field>UNREAL.PREM.PL</field><desc><p>Help Text for this field is unavailable.  Please refer to the T24 User Guides for further information.</p></desc></t><t><field>ULPREM.CR.TXN.CODE</field><desc><p>Help Text for this field is unavailable.  Please refer to the T24 User Guides for further information.</p></desc></t><t><field>ULPREM.DR.TXN.CODE</field><desc><p>Help Text for this field is unavailable.  Please refer to the T24 User Guides for further information.</p></desc></t><t><field>UNWIND.CHG.PL</field><desc><p>Help Text for this field is unavailable.  Please refer to the T24 User Guides for further information.</p></desc></t><t><field>UNWIND.CR.TXN.CODE</field><desc><p>Help Text for this field is unavailable.  Please refer to the T24 User Guides for further information.</p></desc></t><t><field>UNWIND.DR.TXN.CODE</field><desc><p>Help Text for this field is unavailable.  Please refer to the T24 User Guides for further information.</p></desc></t><t><field>CA.IMPACT</field><desc><p>Help Text for this field is unavailable.  Please refer to the T24 User Guides for further information.</p></desc></t><t><field>APPLICABLE.ELEMENT</field><desc><p>Help Text for this field is unavailable.  Please refer to the T24 User Guides for further information.</p></desc></t><t><field>ELEMENT.TYPE</field><desc><p>Help Text for this field is unavailable.  Please refer to the T24 User Guides for further information.</p></desc></t><t><field>NOTIONAL.ENTRIES</field><desc><p>Help Text for this field is unavailable.  Please refer to the T24 User Guides for further information.</p></desc></t><t><field>NOTIONAL.DIFF</field><desc><p>Help Text for this field is unavailable.  Please refer to the T24 User Guides for further information.</p></desc></t><t><field>INCL.SUSP.DAYS</field><desc><p>Help Text for this field is unavailable.  Please refer to the T24 User Guides for further information.</p></desc></t><t><field>ACCRUAL.BASIS</field><desc><p>Help Text for this field is unavailable.  Please refer to the T24 User Guides for further information.</p></desc></t><t><field>CASH.SETT.PL.CATEG</field><desc><p>Help Text for this field is unavailable.  Please refer to the T24 User Guides for further information.</p></desc></t><t><field>CASH.CR.TXN.CODE</field><desc><p>Help Text for this field is unavailable.  Please refer to the T24 User Guides for further information.</p></desc></t><t><field>CASH.DR.TXN.CODE</field><desc><p>Help Text for this field is unavailable.  Please refer to the T24 User Guides for further information.</p></desc></t><t><field>NOVATION.PL.CATEG</field><desc><p>Help Text for this field is unavailable.  Please refer to the T24 User Guides for further information.</p></desc></t><t><field>NOV.CR.TXN.CODE</field><desc><p>Help Text for this field is unavailable.  Please refer to the T24 User Guides for further information.</p></desc></t><t><field>NOV.DR.TXN.CODE</field><desc><p>Help Text for this field is unavailable.  Please refer to the T24 User Guides for further information.</p></desc></t><t><field>INCL.VANILLA.OPTION</field><desc><p>Help Text for this field is unavailable.  Please refer to the T24 User Guides for further information.</p></desc></t></menu>
</t24help>
