<?xml version="1.0" encoding="utf-8"?>
<t24help>
<header>
<product>SY</product>
<table>SY.PRODUCT.INTERFACE</table>
</header>
<overview>
<ovdesc>

            <p>This application holds the linkage between the user created application defined in EB.TABLE.DEFINITION (or CODE) and a processable product in SY.PRODUCT.DEFINITION.</p>
            <p />
            <p>   Additionally this table allows the definiton of fields that are mandatory for a product to be traded and mapping of those fields into SY.TRANSACTION for SY core processing.</p>
        </ovdesc>
<ovimage></ovimage>
</overview>
<menu>
<t>
<field>DEALER.DESK.MAND</field>
<desc>
            <p>Defines if the field defined in the DEALER.DESK.FIELD is mandatory on the user created application.</p>
        </desc>
</t>
<t>
<field>VERSION.SEE</field>
<desc>
            <p>Defines the version which will be used to view deals in the application specified in USER.APPLICATION</p>
        </desc>
</t>
<t>
<field>DEPOSIT.MAND</field>
<desc>
            <p>Defines if the field defined in the DEPOSIT.AMT.FIELD, DEPOSIT.CCY.FIELD and ACCOUNT.FIELD are mandatory on the user created application.</p>
        </desc>
</t>
<t>
<field>COUNTER.PTFO.FIELD</field>
<desc>
            <p>Defines the name of the field from the user created application that holds the Portfolio of the counterparty.</p>
        </desc>
</t>
<t>
<field>PRODUCT.DEFINITION</field>
<desc>
            <p>Defines the product (SY.PRODUCT.DEFINITION) that the table defined in the key is linked to.</p>
        </desc>
</t>
<t>
<field>COUNTERPARTY.FIELD</field>
<desc>
            <p>Defines the name of the field from the user created application that holds the counterparty on the deal.</p>
        </desc>
</t>
<t>
<field>DEPOSIT.AMT.FIELD</field>
<desc>
            <p>Defines the name of the field from the user created application that holds the amount of deposit to take from the customer.</p>
        </desc>
</t>
<t>
<field>USER.APPLICATION</field>
<desc>
            <p>A valid T24 application/EB.TABLE.DEFINITION created locally for use with SY processing.</p>
        </desc>
</t>
<t>
<field>TRADE.DATE.FIELD</field>
<desc>
            <p>Defines the name of the field from the user created application that holds the trade date to be used to create underlying deals.</p>
        </desc>
</t>
<t>
<field>CURRENCY.MARKET.MAND</field>
<desc>
            <p>Defines if the field defined in the CURRENCY.MARKET.FIELD is mandatory on the user created application.</p>
        </desc>
</t>
<t>
<field>PORTFOLIO.MAND</field>
<desc>
            <p>Defines if the field defined in the PORTFOLIO.FIELD is mandatory on the user created application.</p>
        </desc>
</t>
<t>
<field>CUSTOMER.MAND</field>
<desc>
            <p>Defines if the field defined in the CUSTOMER.FIELD is mandatory on the user created application.</p>
        </desc>
</t>
<t>
<field>VALUE.DATE.FIELD</field>
<desc>
            <p>Defines the name of the field from the user created application that holds the value date to be used to create underlying deals.</p>
        </desc>
</t>
<t>
<field>VALUE.DATE.MAND</field>
<desc>
            <p>Defines if the field defined in the VALUE.DATE.FIELD is mandatory on the user created application.</p>
        </desc>
</t>
<t>
<field>CURRENCY.MARKET.FIELD</field>
<desc>
            <p>Defines the name of the field from the user created application that holds the currency market for the the deal</p>
        </desc>
</t>
<t>
<field>DEPOSIT.CCY.FIELD</field>
<desc>
            <p>Defines the name of the field from the user created application that holds the currency of the depoist being taken from the customer.</p>
        </desc>
</t>
<t>
<field>VERSION.EDIT</field>
<desc>
            <p>Defines the version which will be used to edit deals in the application specified in USER.APPLICATION</p>
        </desc>
</t>
<t>
<field>VERSION.AUTH</field>
<desc>
            <p>Defines the version which will be used to authorise deals in the application specified in USER.APPLICATION</p>
        </desc>
</t>
<t>
<field>MAT.DATE.MAND</field>
<desc>
            <p>Defines if the field defined in the MAT.DATE.FIELD field are mandatory on the user created application.</p>
        </desc>
</t>
<t>
<field>DEALER.DESK.FIELD</field>
<desc>
            <p>Defines the name of the field from the user created application that holds the dealer desk to user for the deal.</p>
        </desc>
</t>
<t>
<field>PORTFOLIO.FIELD</field>
<desc>
            <p>Defines the name of the field from the user created application that holds the customers portfolio.</p>
        </desc>
</t>
<t>
<field>MAT.DATE.FIELD</field>
<desc>
            <p>Defines the name of the field from the user created application that holds the maturity date of the Structured deal.</p>
        </desc>
</t>
<t>
<field>PRODUCT.APP.ID</field>
<desc>
            <p>A valid T24 application/EB.TABLE.DEFINITION created locally for use with SY processing.</p>
        </desc>
</t>
<t>
<field>VERSION.REVERSE</field>
<desc>
            <p>Defines the version which will be used to reverse deals in the application specified in USER.APPLICATION</p>
        </desc>
</t>
<t>
<field>COUNTERPARTY.MAND</field>
<desc>
            <p>Defines if the field defined in the COUNTERPARY.FIELD is mandatory on the user created application.</p>
        </desc>
</t>
<t>
<field>TRADE.DATE.MAND</field>
<desc>
            <p>Defines if the field defined in the TRADE.DATE.FIELD is mandatory on the user created application.</p>
        </desc>
</t>
<t>
<field>VERSION.DELETE</field>
<desc>
            <p>Defines the version which will be used to delete deals in the application specified in USER.APPLICATION</p>
        </desc>
</t>
<t>
<field>VERSION.NEW</field>
<desc>
            <p>Defines the version which will be used to enter new deals in the application specified in USER.APPLICATION</p>
        </desc>
</t>
<t>
<field>CUSTOMER.FIELD</field>
<desc>
            <p>Defines the name of the field from the user created application that holds the customer party to the the deal.</p>
        </desc>
</t>
<t>
<field>COUNTER.PTFO.MAND</field>
<desc>
            <p>Defines if the field defined in the COUNTER.PTFO.FIELD is mandatory on the user created application.</p>
        </desc>
</t>
<t>
<field>OVERRIDE</field>
<desc>
            <p>Standard Override Field</p>
        </desc>
</t>
<t>
<field>ACCOUNT.FIELD</field>
<desc>
            <p>Defines the name of the field from the user created application that holds the Account from which a deposit may be taken.</p>
        </desc>
</t>
<t>
<field>ACCOUNT.MAND</field>
<desc>
            <p>Defines if the field defined in the ACCOUNT.FIELD is mandatory on the user created application.</p>
        </desc>
</t>
<t>
<field>ACCOUNT.OFFICER.FIELD</field>
<desc>
            <p>Defines the name of the field from the user created application that holds the Account Officer for the deal.</p>
        </desc>
</t>
<t>
<field>ACCOUNT.OFFICER.MAND</field>
<desc>
            <p>Defines if the field defined in the ACCOUNT.OFFICER.FIELD is mandatory on the user created application.</p>
        </desc>
</t>
</menu>
</t24help>

