<?xml version="1.0" encoding="utf-8"?>
<t24help>
<header>
<product>SY</product>
<table>SY.PRODUCT.DESCRIPTION</table>
</header>
<overview>
<ovdesc>

            <p>This table defines the basic parameters of a product.</p>
            <p />
            <p> Short Name and Description. Once this has been setup it is possible input units and the more detailed product definition (SY.PRODUCT.DEFINITION)</p>
        </ovdesc>
<ovimage></ovimage>
</overview>
<menu>
<t>
<field>PRODUCT.DEFINITION</field>
<desc>
            <p>The product defintion (for existing products) of this product.</p>
        </desc>
</t>
<t>
<field>PRODUCT.DESCRIPTION</field>
<desc>
            <p>The Name/ID of the product.</p>
        </desc>
</t>
<t>
<field>SHORT.NAME</field>
<desc>
            <p>A short description of the product, used as enrichment throughout the module.</p>
        </desc>
</t>
<t>
<field>DESCRIPTION</field>
<desc>
            <p>A textual description of the product.</p>
        </desc>
</t>
<t>
<field>OVERRIDE</field>
<desc>
            <p>Contains all the Override messages which the user agreed to during Input.</p>
            <p />
            <p>In the event that the user confirms the Override, the full text of the actual Override Message will be stored, for reference purposes only, in this multivalue field.</p>
        </desc>
</t>
<t>
<field>PROD.DES.ID</field>
<desc>
            <p>The Name/ID of the product.</p>
        </desc>
</t>
</menu>
</t24help>

