<?xml version="1.0" encoding="utf-8"?>
<t24help>
<header>
<product>SY</product>
<table>SY.PARAMETER</table>
</header>
<overview>
<ovdesc>

            <p>Structured Products Parameter Definition</p>
            <p />
            <p>             The ID of the parameter file. Either SYSTEM or COMPANY id.</p>
            <p />
            <p>             The SYSTEM record must be setup prior to the company level records being setup.</p>
            <p />
            <p />
        </ovdesc>
<ovimage></ovimage>
</overview>
<menu>
<t>
<field>SY.ID.FIELD</field>
<desc>
            <p>A local reference to hold an SY.TRANSACTION ID on each TABLE</p>
            <p />
            <p>            Should be a valid record in LOCAL.TABLE whose field definition matches that of the SY.TRANSACTION.ID</p>
            <p />
            <p>         The 'Maximum Char' field should be set to '15'</p>
            <p>         The 'Char Type' field should be set to 'A'</p>
            <p />
            <p>              Should not be the same record as that defined in SY.UNIT.FIELD</p>
        </desc>
</t>
<t>
<field>PRODUCT.CATEGORY</field>
<desc>
            <p>This field holds a generic category id which degfines the category of the product. This information is defaulted to the SY.PRODUCT.DEFINITION.</p>
        </desc>
</t>
<t>
<field>TABLE</field>
<desc>
            <p>Should be a valid record in LOCAL.REF.TABLE which defines which application has the local reference fields defined for:</p>
            <p />
            <p>        SY.ID.FIELD, SY.UNIT.FIELD and SY.EXCL.VAL.FIELD</p>
        </desc>
</t>
<t>
<field>SUB.ASSET.TYPE</field>
<desc>
            <p>Should be a valid SUB.ASSET.TYPE code.</p>
            <p />
            <p>              Sets defaulting of SUB.ASSET.TYPE into SY.PRODUCT.DEFINITION records.</p>
            <p />
            <p>              At product level, this is the Sub Asset Type that the deals for that product will belong to.</p>
        </desc>
</t>
<t>
<field>SY.UNIT.FIELD</field>
<desc>
            <p>A local reference to hold an SY.UNIT ID on each TABLE</p>
            <p />
            <p>            Should be a valid record in LOCAL.TABLE whose field definition matches that of the SY.UNIT ID</p>
            <p />
            <p>         The 'Maximum Char' field should be set to '52'</p>
            <p>         The 'Char Type' field should be set to 'A'</p>
            <p />
            <p>              Should not be the same record as that defined in SY.ID.FIELD</p>
        </desc>
</t>
<t>
<field>SY.EXCL.VAL.FIELD</field>
<desc>
            <p>A local reference to hold a YES or NO field on each TABLE to indicate whether the application should be excluded from valuation.</p>
            <p />
            <p>            Should be a valid record in LOCAL.TABLE whose field definition is</p>
            <p />
            <p>          Maximum size : 3</p>
            <p>          Field Type   : A</p>
            <p />
            <p>    And should have entries YES and NO in the VETTING.TABLE field</p>
        </desc>
</t>
<t>
<field>OVERRIDE</field>
<desc>
            <p>Contains all the Override messages which the user agreed to during Input.</p>
            <p />
            <p>In the event that the user confirms the Override, the full text of the actual Override Message will be stored, for reference purposes only, in this multivalue field.</p>
        </desc>
</t>
<t>
<field>OFS.SOURCE</field>
<desc>
            <p>The OFS.SOURCE record to be used for processing all OFS messages within the Structured Products module.</p>
            <p />
            <p>              Must be a valid record in OFS.SOURCE</p>
        </desc>
</t>
<t>
<field>DEPOSIT</field>
<desc>
            <p>The default value to be used for the DEPOSIT field in new SY.PRODUCT.DEFINITION records.</p>
            <p />
            <p>              Accepts values 'Yes' or 'No'</p>
        </desc>
</t>
<t>
<field>SY.EXCLUDE.VALUATION</field>
<desc>
            <p>This field sets the default value for inclusion/exclusion of SY underlying deals in the valuation and customer position reporting.</p>
            <p />
            <p>     If set to "YES" this will only report the SY deal otherwise all transactions created by the SY product along with the SY deal will be displayed.</p>
        </desc>
</t>
<t>
<field>DEF.SWEEP.TXN</field>
<desc>
            <p>Sets defaulting of SWEEP.TXNs into SY.PRODUCT.DEFINITION records.</p>
            <p />
            <p>              At product level, this defines the transaction codes to sweep if SWEEP.ACCOUNT has been set.</p>
            <p />
            <p>              Should be a valid TRANSACTION code.</p>
        </desc>
</t>
<t>
<field>PARAMETER.ID</field>
<desc>
            <p>The ID of the parameter file. Either SYSTEM or COMPANY id.</p>
            <p />
            <p>              The SYSTEM record must be setup prior to the company level records being setup.</p>
        </desc>
</t>
<t>
<field>SWEEP.ON.OFF</field>
<desc>
            <p>Acts as a 'Master switch' for sweeping from segregated account during COB.</p>
            <p />
            <p>              Accepts values 'On' or 'Off'</p>
        </desc>
</t>
<t>
<field>WASH.CATEGORY</field>
<desc>
            <p>This is a NOINPUT field for internal use only.</p>
            <p />
            <p>     This field is populated at runtime based on the CATEGORY setup in ACCOUNT.CLASS "SYFUND" record. This will always be blank.</p>
        </desc>
</t>
<t>
<field>DEF.SWEEP.ACCT</field>
<desc>
            <p>Controls sweeping from segregated account during COB.</p>
            <p />
            <p>              Accepts values 'Yes' or 'No'</p>
            <p />
            <p>              Sets defaulting of SWEEP.ACCT into SY.PRODUCT.DEFINITION records.</p>
            <p />
            <p>              At product level, this flag defines whether or not the sweeping should take place for that product.</p>
        </desc>
</t>
<t>
<field>POSITION.TYPE</field>
<desc>
            <p>The position type that is to be used for SY deals.</p>
            <p />
            <p>              Defaults to "TR"</p>
            <p>              This field is a NOINPUT field</p>
        </desc>
</t>
<t>
<field>AA.PRODUCT.GROUP</field>
<desc>
            <p>The group that will be used when publishing products in the AA Product Catalogue.</p>
            <p />
            <p>              Must be a valid record in AA.PRODUCT.GROUP</p>
        </desc>
</t>
<t>
<field>CR.TXN</field>
<desc>
            <p>The transaction code against which the system will process internal credit wash-through accounting entries for structured products.</p>
            <p />
            <p>              Must be a TRANSACTION code</p>
        </desc>
</t>
<t>
<field>CURRENCY.MARKET</field>
<desc>
            <p>The currency market that is to be used for SY deals.</p>
            <p />
            <p>              Must be a valid record in CURRENCY.MARKET</p>
        </desc>
</t>
<t>
<field>DB.TXN</field>
<desc>
            <p>The transaction code against which the system will process internal debit wash-through accounting entries for structured products.</p>
            <p />
            <p>              Must be a TRANSACTION code</p>
        </desc>
</t>
</menu>
</t24help>

