<?xml version="1.0" encoding="utf-8"?>
<t24help>
<header>
<product>SY</product>
<table>SY.TXN.LINK</table>
</header>
<overview>
<ovdesc>

            <p>Links the deal the customer has placed in the satellite application to a transaction in the SY.TRANSACTION application.</p>
        </ovdesc>
<ovimage></ovimage>
</overview>
<menu>
<t>
<field>USER.APPLICATION</field>
<desc>
            <p>The application into which the user has placed a transaction.</p>
        </desc>
</t>
<t>
<field>USER.APP.ID</field>
<desc>
            <p>The ID of the transaction has placed in the satellite application.</p>
        </desc>
</t>
<t>
<field>OVERRIDE</field>
<desc>
            <p>Not applicable in this application.</p>
        </desc>
</t>
<t>
<field>SY.TXN.ID</field>
<desc>
            <p>The SY.TRANSACTION ID of the transaction the user has placed.</p>
        </desc>
</t>
<t>
<field>TXN.LINK.ID</field>
<desc>
            <p>The key to the table. The application and satellite transaction ID.</p>
        </desc>
</t>
</menu>
</t24help>

