<?xml version="1.0" encoding="utf-8"?>
<t24help>
<header>
<product>SY</product>
<table>SY.TRANSACTION</table>
</header>
<overview>
<ovdesc>

            <p>The table SY.TRANSACTION is a live file used to store details relating to a specific deal in the structured products module.</p>
        </ovdesc>
<ovimage></ovimage>
</overview>
<menu>
<t>
<field>PRODUCT.DEFINITION</field>
<desc>
            <p>The product definiton ID which is applicable to this transaction.</p>
        </desc>
</t>
<t>
<field>STORE.VALUE</field>
<desc>
            <p>This will store the corresponding value of the  VIRTUAL.FIELD as calculated during unit processing.</p>
        </desc>
</t>
<t>
<field>TRADE.DATE</field>
<desc>
            <p>The trade date of this deal.</p>
        </desc>
</t>
<t>
<field>POSITION.TYPE</field>
<desc>
            <p>The position type used for this deal.  Defaulted from SY.PARAMETER.</p>
        </desc>
</t>
<t>
<field>TRANSACTION</field>
<desc>
            <p>The key to this deal.</p>
        </desc>
</t>
<t>
<field>COUNTERPARTY.PTFO</field>
<desc>
            <p>Hold the counterparty of the deals portfolio where this is not the banks own book.</p>
        </desc>
</t>
<t>
<field>PORTFOLIO</field>
<desc>
            <p>This is the customers portfolio to which this deal applies.</p>
        </desc>
</t>
<t>
<field>OVERRIDE</field>
<desc>
            <p>Contains all the Override messages which the user agreed to during Input.</p>
            <p />
            <p>In the event that the user confirms the Override, the full text of the actual Override Message will be stored, for reference purposes only, in this multivalue field.</p>
        </desc>
</t>
<t>
<field>UNIT.DEFINITION</field>
<desc>
            <p>This field and the associated LAST.UNIT.INST number hold a record of the last instance number used for each unit definition relating to this transaction.</p>
        </desc>
</t>
<t>
<field>MATURITY.DATE</field>
<desc>
            <p>This is the maturity date of the deal.</p>
        </desc>
</t>
<t>
<field>REVERSAL.BLOCKED</field>
<desc>
            <p>Defines is refersal of the deal record (USER.APP.ID) held in the USER.APPLICATION table can be reversed.</p>
        </desc>
</t>
<t>
<field>LAST.UNIT.INST</field>
<desc>
            <p>This field and the associated UNIT.DEFINITION ID hold a record of the last instance number used for each unit definition relating to this transaction.</p>
        </desc>
</t>
<t>
<field>TRANSACTION.ID</field>
<desc>
            <p>The ID of the Structured Products Transaction.</p>
        </desc>
</t>
<t>
<field>PRODUCT.CATEGORY</field>
<desc>
            <p>This field holds a generic category id which degfines the category of the product. This information is defaulted from the SY.PRODUCT record.</p>
            <p />
        </desc>
</t>
<t>
<field>DEPOSIT.AMT</field>
<desc>
            <p>This is the initial investment amount for this deal.</p>
            <p>         i.e. A $1Million CRAN.</p>
            <p />
        </desc>
</t>
<t>
<field>VALUE.DATE</field>
<desc>
            <p>The value date of this deal.</p>
        </desc>
</t>
<t>
<field>UNIT.LOG</field>
<desc>
            <p>A list of valid SY.UNIT.LOG record IDs created while processing the corresponding event log.</p>
        </desc>
</t>

<t>
<field>STORE.NAME</field>
<desc>
            <p>This will store the name of evey VIRTUAL.FIELD defined on an SY.UNIT  for this transaction that has STORE set to YES.</p>
</desc>
</t>

<t>
<field>CUSTOMER</field>
<desc>
            <p>This is the customer who the deal was created for.</p>
        </desc>
</t>
<t>
<field>EVENT.LOG</field>
<desc>
            <p>Either a valid SY.EVENT.LOG record ID or a system generated ID which defines an event that has occurred in the lifecycle of this Transaction.</p>
        </desc>
</t>
<t>
<field>TERMINATED</field>
<desc>
            <p>If this is Yes then the deal has been through a Terminal Event which means this deal has reached the end of its lifecycle.</p>
        </desc>
</t>
<t>
<field>STATEMENT.NOS</field>
<desc>
            <p>The related statements that have been raised for this transaction.</p>
        </desc>
</t>
<t>
<field>PRODUCT</field>
<desc>
            <p>The SY.PRODUCT record linked to this deal.</p>
        </desc>
</t>
<t>
<field>USER.APPLICATION</field>
<desc>
            <p>The application which was used to capture this deal. i.e. SY.CRAN  </p>
        </desc>
</t>
<t>
<field>DEPOSIT.CCY</field>
<desc>
            <p>The currency of the initial investment.</p>
        </desc>
</t>
<t>
<field>CURRENCY.MARKET</field>
<desc>
            <p>The system recognizes the need for a number of different markets within one currency. For this reason this field identifies which Exchange Rate Currency Market is accessed for this transaction.</p>
            <p />
            <p>The system caters for the need to have more than one market within a given currency. The use of this field will only be applicable for those countries where the exchange market defines different rates for the same foreign Currency according to rules determined by the local authorities or local central bank.</p>
            <p />
            <p>A typical example would be Belgium where foreign currencies are quoted on the Regular Market and also on the Free Market. Different sets of exchange rates will exist for these two markets.</p>
            <p />
        </desc>
</t>
<t>
<field>DEALER.DESK</field>
<desc>
            <p>Identifies the dealer desk position which needs to be updated by the deal being created. The dealer desk code is held on the position record so that the exchange position can be displayed at dealer desk level.</p>
            <p />
            <p>Each deal on the system will be allocated a two-digit dealer desk code. This code will be used to maintain position at the dealer desk level.</p>
            <p />
        </desc>
</t>
<t>
<field>STORE.BY</field>
<desc>
            <p>This is the SY.UNIT.LOG record ID that calculated and stored the associated STORE.NAME and STORE.VALUE above. </p>
        </desc>
</t>
<t>
<field>USER.APP.ID</field>
<desc>
            <p>The ID of the record used to capture this deal.</p>
        </desc>
</t>
<t>
<field>ACCOUNT</field>
<desc>
            <p>The customers account from which the funding from the deal is taken.</p>
        </desc>
</t>
<t>
<field>ACCOUNT.OFFICER</field>
<desc>
            <p>Identifies the account officer responsible for the relationship with the CPARTY. This information will be used by the Management Information System (MIS) for the determination of the Customer Profitability Analysis.</p>
            <p />
            <p>This field has been provided to enable the user to override at transaction level the CPARTY default account officer defined in the CUSTOMER file.</p>
            <p />
        </desc>
</t>
<t>
<field>CHANGE.BLOCKED</field>
<desc>
            <p>Defines is refersal of the deal record (USER.APP.ID) held in the USER.APPLICATION table can be ammended.</p>
        </desc>
</t>
<t>
<field>COUNTERPARTY</field>
<desc>
            <p>The counterparty customer of the deal.</p>
        </desc>
</t>

<t>
<field>VARIANT</field>
<desc>
            <p>The variant used in the SY contract. Valid record in SY.PRODUCT.VARIANT.</p>
        </desc>
</t>

<t>
<field>CONTRACT.CCY</field>
<desc>
            <p>The contract currency of SY contract. Valid currency. This field will map from the relevant Structured Product contract.</p>
        </desc>
</t>


<t>
<field>COUNTERPARTY.ACC</field>
<desc>
            <p>Counterparty account in contract currency.This field will map from the relevant Structured Product contract.</p>
        </desc>
</t>

<t>
<field>EXTERNAL.REF</field>
<desc>
            <p>This field is for information purpose used by client during interface. This field will map from the relevant Structured Product contract. It will hold the reference of this contract in the external system from where it is interfaced.</p>
        </desc>
</t>

<t>
<field>SY.DX.REFERENCE</field>
<desc>
        <p>This field holds the unique reference.This field will map from the relevant Structured Product contract. It enables easy identification of Structured contracts and thier underlying component. This field also updates SY.DX.LINK.FILE which lists all contracts which have the same SY.DX.REFERENCE.</p>
        
    </desc>
</t>

<t>
<field>B2B.REFERENCE</field>
<desc>
        <p>This field holds the Back to Back reference.This field will map from the relevant Structured Product contract. This reference helps to map a structured product contract and its Back-to-back contract to ensure that all contracts are covered. </p>
        
    </desc>
</t>

<t>
<field>WASH.ACCOUNT</field>
<desc>
        <p>The SY wash account / internal account through which entries are routed from the Structured product deal to the underlying application and vice-versa. The account will be in contract currency.</p>
        
    </desc>
</t>


<t>
<field>UNDERLYING.APP</field>
<desc>
        <p>The underlying application name.  This helps to identify the type of Structured product eg: SY.ACCU.DECU, SY.DCI etc.</p>
        
    </desc>
</t>


<t>
<field>UNDERLYING.ID</field>
<desc>
        <p>The ID of the underlying structured product contract.</p>
        
    </desc>
</t>

<t><field>MTM.DATE</field><desc><p>Help Text for this field is unavailable.  Please refer to the T24 User Guides for further information.</p></desc></t><t><field>MTM.CCY</field><desc><p>Help Text for this field is unavailable.  Please refer to the T24 User Guides for further information.</p></desc></t><t><field>MTM.AMT</field><desc><p>Help Text for this field is unavailable.  Please refer to the T24 User Guides for further information.</p></desc></t><t><field>MTM.ACCOUNT</field><desc><p>Help Text for this field is unavailable.  Please refer to the T24 User Guides for further information.</p></desc></t><t><field>MTM.LCCY</field><desc><p>Help Text for this field is unavailable.  Please refer to the T24 User Guides for further information.</p></desc></t><t><field>MTM.LCCY.RATE</field><desc><p>Help Text for this field is unavailable.  Please refer to the T24 User Guides for further information.</p></desc></t><t><field>PREV.MTM.DATE</field><desc><p>Help Text for this field is unavailable.  Please refer to the T24 User Guides for further information.</p></desc></t><t><field>PREV.MTM.CCY</field><desc><p>Help Text for this field is unavailable.  Please refer to the T24 User Guides for further information.</p></desc></t><t><field>PREV.MTM.AMT</field><desc><p>Help Text for this field is unavailable.  Please refer to the T24 User Guides for further information.</p></desc></t><t><field>PREV.MTM.ACCOUNT</field><desc><p>Help Text for this field is unavailable.  Please refer to the T24 User Guides for further information.</p></desc></t><t><field>PREV.MTM.LCCY</field><desc><p>Help Text for this field is unavailable.  Please refer to the T24 User Guides for further information.</p></desc></t><t><field>PREV.MTM.LCCY.RATE</field><desc><p>Help Text for this field is unavailable.  Please refer to the T24 User Guides for further information.</p></desc></t><t><field>MTM.TERMINATED</field><desc><p>Help Text for this field is unavailable.  Please refer to the T24 User Guides for further information.</p></desc></t></menu>
</t24help>
