<?xml version="1.0" encoding="utf-8"?>
<t24help>
<header>
<product>PI</product>
<table>PAYMENT.ORDER.PARAMETER</table>
</header>
<overview>
<ovdesc>

            <p>Payment Order parameter application describes the features which connects Payment Order and Payment System</p>
           
        </ovdesc>
<ovimage></ovimage>
</overview>
<menu>

<t>
  <field>ID</field>
  <desc>
    <p>ID of Payment order parameter record</p>
    <p>Validation Rules:1. Valid company code
						2. Valid company Mnemonic
						3. Lead company
						4. Company should not be accounting company, reporting company and consolidation company</p>
    <p></p>
  </desc>
</t>
<t>
  <field>PAYMENT.CONNECTION.METHOD</field>
  <desc>
    <p>Define the connection between the Payment system and the Payment order
        External - Send the Payment order details to External Payment System
        TPS - Send the Payment order details to TPS</p>
    <p>Validation Rules: Mandatory field
        To select TPS option PP must be installed in the company</p>
    <p></p>
  </desc>
</t>
<t>
  <field>WAREHOUSE.REQD</field>
  <desc>
    <p>To define if warehouse is required at Payment order level or not. If specified as NO, then the future dated payment orders will be sent for payment system immediately. If set as YES, then the future dated payment orders will be executed only on the SOD of the future date</p>
    <p>Validation Rules: Default value to be N</p>
    <p></p>
  </desc>
</t>
<t>
  <field>FINAL.PAYMENT.STATUS</field>
  <desc>
    <p>Record's payment status which are to be moved to history. If this field is not defined, then by default the payment orders with CURRENT.STATE as Placed and CancelOrder status will move to history. If any status is defined in this field, then the payment order with CURRENT.STATE as Placed (or CancelOrder) and Payment system status as the status defined in this field will be moved to history</p>
    <p>Validation Rules: Null multi-value set is not allowed. Duplicate values not allowed</p>
    <p></p>
  </desc>
</t>
<t>
  <field>DAYS.POST.COMPLETION</field>
  <desc>
    <p>No. of days that an order will remain in live (in the status defined in the above field) before moving to history</p>
    <p>Validation Rules: nC, nW - n denotes no. of days, C - calendar days, W- working days. It should be in valid format. Default 0</p>
    <p></p>
  </desc>
</t>
<t>
  <field>MAPPING.RTN</field>
  <desc>
            <p>Field to attach any local routine to map any additional fields from payment order table to TPS</p>
            <p>
                <p>Validation Rules: A valid record released in EB.API application.</p>
                <p>Routine should accept five arguments as mentioned below
                   poContractId - IN, poContract - IN, inTpsRec - INOUT(FM separated array in which any required additional payment order fields to be mapped), </p>
                <p> Reserved1,Reserved2</p>
            </p>
            <p></p>
        </desc>
</t>
<t>
  <field>EB.MAPPING.RECORD</field>
  <desc>
            <p>Field which holds the EB.MAPPING record that would map any additional fields from payment order table to TPS</p>
            <p>
                <p>Validation Rules: Should be a valid record from EB.MAPPING.SOURCE</p>
            </p>
            <p></p>
        </desc>
</t>
<t>
  <field>RESERVED</field>
  <desc>
            <p>Reserved for future use.</p>
            <p>
                <p>Validation Rules:</p>
            </p>
            <p>System field, no input.</p>
        </desc>
</t>
<t>
  <field>LOCAL.REF</field>
  <desc>
            <p>Local reference field(s) defined by the user.</p>
            <p>Identifies any additional element which has been defined</p>
            <p>locally to meet a particular requirement.</p>
            <p>
                <p>Validation Rules:</p>
            </p>
            <p>Up to 35 characters as defined in the local table definition</p>
            <p>for this local reference field. (Multi-valued field).</p>
            <p>Optional or mandatory input according to the LOCAL.TABLE</p>
            <p>definition for this field.</p>
        </desc>
</t>
<t>
  <field>OVERRIDE</field>
  <desc>
            <p>This is a multi valued field. </p>
	        <p>Contains details of any override applicable to this record.</p>        
            <p>
                <p>Validation Rules:</p>
            </p>
            <p>A maximum of 35 characters may be entered. This is a NOINPUT field.</p>
        </desc>
</t>

</menu>
</t24help>

