<?xml version="1.0" encoding="utf-8"?>
<t24help>
<header>
<product>PI</product>
<table>PAYMENT.ORDER.PRODUCT</table>
</header>
<overview>
<ovdesc>

            <p>Payment Features that are specific to a product.
                Payment Details that are allowed, optional and mandatory are defined based on product in PAYMENT.ORDER.PRODUCT.
            </p>
           
        </ovdesc>
<ovimage></ovimage>
</overview>
<menu>

<t>
  <field>ID</field>
  <desc>
    <p>ID of Payment order Product record</p>
    <p>Validation Rules: Ten digit text. No other validations</p>
    <p></p>
  </desc>
</t>
<t>
  <field>DESCRIPTION</field>
  <desc>
    <p>Description about the product. For enrichment in PAYMENT.ORDER</p>
    <p>Validation Rules: Length of 35 characters. Language supportable. Mandatory</p>
    <p></p>
  </desc>
</t>
<t>
  <field>PAYMENT.PRODUCT.GROUP</field>
  <desc>
    <p>Group of the payment product being defined. This could be categorized such as "Account to Account Transfers", "Domestic" or "International". </p>
    <p>This is an EB.LOOKUP field where user can customize their own groups and link the product to any of the group's defined.</p>
    <p>Validation Rules: </p>
    <p>Mandatory</p>
  </desc>
</t>
<t>
  <field>RANK</field>
  <desc>
    <p>Rank of the product</p>
    <p>Validation Rules:10 digit free text. Only numbers allowed. No other validations</p>
    <p></p>
  </desc>
</t>
<t>
  <field>PAY.THROUGH.BENEFICIARY</field>
  <desc>
    <p>Indicates whether Payment is done through the Beneficiary</p>
    <p>Validation Rules: Option allowed YES_NO. No validations</p>
    <p></p>
  </desc>
</t>
<t>
  <field>OVERRIDE.BENEFICIARY</field>
  <desc>
    <p>Indicates whether the beneficiary details defaulted from the beneficiary record can be overridden or not</p>
    <p>Validation Rules: Option allowed YES_NO. Default value NO. Allowed only when PAY.THROUGH.BENEFICIARY is set to YES. Released as NOINPUT in Phase I</p>
    <p></p>
  </desc>
</t>
<t>
  <field>ALLOWED.PAYMENT.CCY</field>
  <desc>
    <p>List of allowed Payment Currencies. Optional. Null indicates all the currencies</p>
    <p>Validation Rules: Valid currency in T24 Currency table. Value should not be duplicated in the multi value set and null multi value not allowed.</p>
    <p></p>
  </desc>
</t>
<t>
  <field>ALLOWED.ORDERING.CURRENCY</field>
  <desc>
    <p>List of allowed Ordering Currencies. Optional. Null indicates all the currencies</p>
    <p>Validation Rules: Valid currency in T24 Currency table. Value should not be duplicated in the multi value set and null multi value not allowed.</p>
    <p></p>
  </desc>
</t>
<t>
  <field>ALLOW.REQUESTED.CURRENCY</field>
  <desc>
    <p>Indicates whether the REQUESTED.AMOUNT and REQUESTED.CURRENCY can be defined in PAYMENT.ORDER or not. If set to NO, then the REQUESTED.AMOUNT is not allowed in PAYMENT.ORDER</p>
    <p>Validation Rules:YES_NO. No validations. Released as NOINPUT in Phase I</p>
    <p></p>
  </desc>
</t>
<t>
  <field>ALLOW.FUTURE.DATE</field>
  <desc>
    <p>Future processing date allowed or not. If defined as YES, then a payment order can be defined with future processing date (PAYMENT.EXECUTION.DATE field in PAYMENT.ORDER). If defined as NO, then error will be thrown if PROCESSING.DATE is not Today</p>
    <p>Validation Rules:YES_NO. </p>
    <p>Mandatory field</p>
  </desc>
</t>
<t>
  <field>ALLOW.REQUIRED.CREDIT.VALUE</field>
  <desc>
    <p>Required credit value date allowed or not. If defined as YES, then required credit value date can be allowed in the payment order. If defined as NO, then error will be thrown if the field has value. If YES is given and in payment order if required credit value date is defined as backdated, then override will be raised. Override will also be raised if the REQUIRED.CREDIT.VALUE.DATE falls before the date calculated based on the float</p>
    <p>Validation Rules:YES_NO. Mandatory</p>
    <p></p>
  </desc>
</t>
<t>
  <field>ALLOWED.CHARGE.OPTIONS</field>
  <desc>
    <p>Charge bearer options allowed for the product. While doing PAYMENT.ORDER transaction, to determine whether the Charger bearer specified is allowed for the product or not</p>
    <p>Validation Rules: Values allowed are BEN, OUR or SHA.
Value should not be duplicated in the multi value set and null multi value not allowed.</p>
    <p></p>
  </desc>
</t>
<t>
  <field>DEFAULT.CHARGE.OPTION</field>
  <desc>
    <p>Default Charger bearer for the product. If charge bearer is not defined in PAYMENT.ORDER, then the default charger bearer to be populated</p>
    <p>Validation Rules: Values allowed are BEN, OUR or SHA.
        Must be allowed charge as mentioned in the ALLOWED.CHARGE.OPTIONS field</p>
    <p></p>
  </desc>
</t>
<t>
  <field>ALLOW.FX</field>
  <desc>
    <p>To define whether credit and debit can be in different currencies. If defined as YES, then the debit and credit currency (DEBIT.CCY and PAYMENT.CCY fields)in PAYMENT.ORDER can be different</p>
    <p>Validation Rules:YES_NO. Null will be considered as NO. No validations</p>
    <p></p>
  </desc>
</t>
<t>
  <field>ALLOW.FX.RATE</field>
  <desc>
    <p>To define whether the fields PAY.REQ.FX.CUST.RATE, PAY.REQ.FX.SPREAD, ORDERING.PAYMENT.FX.CUST.RATE, ORDERING.PAYMENT.FX.SPREAD,PAY.REQ.TREASURY.RATE,ORDERING.PAYMENT.TREASURY.RATE in PAYMENT.ORDER can be defined or not. If set to NO, then the FX rates cannot be defined in PAYMENT.ORDER while doing cross currency transactions</p>
    <p>Validation Rules: YES_NO. YES is allowed only when ALLOW.FX is set. Mandatory when ALLOW.FX is set</p>
    <p></p>
  </desc>
</t>
<t>
  <field>RATE.TOLERANCE.PERCENT</field>
  <desc>
    <p>% of tolerance above which exchange rate difference override will be raised. If not specified, then the rate tolerance override will not be raised</p>
    <p>Validation Rules: Allowed only when ALLOW.FX and ALLOW.FX.RATE are set to YES. Value zero should also be allowed. Maximum of two decimal values is allowed</p>
    <p></p>
  </desc>
</t>
<t>
  <field>FX.FLOAT</field>
  <desc>
    <p>No. of days taken for execution of the order that involves FX</p>
    <p>Validation Rules: nC, nW - n denotes no. of days 0-9, C - calendar days, W- working days. Allowed only when ALLOW.FX is set</p>
    <p></p>
  </desc>
</t>
<t>
  <field>NON.FX.FLOAT</field>
  <desc>
    <p>No. of days taken for execution of the order that doesn't involve FX</p>
    <p>Validation Rules: nC, nW - n denotes no. of days 0-9, C - calendar days, W- working days</p>
    <p></p>
  </desc>
</t>
<t>
  <field>HOLIDAY.OPTION</field>
  <desc>
    <p>To define HOLIDAY of which country to be considered. Destination currency - Country code from Credit currency record,holiday record of that country
Destination country - Beneficiary country
Default - Local country</p>
    <p>Validation Rules:DESTINATION CURRENCY_DESTINATION COUNTRY</p>
    <p></p>
  </desc>
</t>
<t>
  <field>ALLOWED.COUNTRY</field>
  <desc>
    <p>List of allowed Beneficiary's country codes </p>
    <p>Validation Rules: Valid Country code. Allowed only when PAY.THROUGH.BENEFICIARY is set to YES. Duplicate values not allowed in the multi value set and null multi value not allowed.</p>
    <p></p>
  </desc>
</t>
<t>
  <field>ALLOW.IBAN</field>
  <desc>
    <p>The field BENEFICIARY.IBAN in a PAYMENT.ORDER transaction done using pay through beneficairy option, can hold value based on configuration of this field.</p>
    <p>Allowed options are either 'Mandatory', 'Allowed' or 'Not Allowed'. If it is 'Not Allowed' and if IBAN is given in payment order or 'Mandatory' and IBAN not given, then error will be thrown.</p>
    <p>Validation Rules: Optional field. Inputtable field only if IN is installed. Allowed or Mandatory for payment through beneficiary. If left undefined then configuration defined in country rules for given beneficiriay country will be taken for consideration.</p>
    <p></p>
  </desc>
</t>
<t>
  <field>ALLOW.BIC</field>
  <desc>
    <p>The field BENEFICIARY.BIC in a PAYMENT.ORDER transaction done using pay through beneficairy option, can hold value based on configuration of this field.</p>
    <p>Allowed options are either 'Mandatory', 'Allowed' or 'Not Allowed'. If it is 'Not allowed' and if BIC is defined or 'Mandatory' and BIC not given, then error will be thrown.</p>
    <p>Validation Rules: Optional field. Allowed or Mandatory for payment through beneficiary. If left undefined then configuration defined in country rules for given beneficiriay country will be taken for consideration.</p>
    <p></p>
  </desc>
</t>
<t>
  <field>BANK.CODE.DIRECTORY</field>
  <desc>
    <p>Bank code directory against which the bank codes in PAYMENT.ORDER is to be validated</p>
    <p>Validation Rules:No validations. Released as NOINPUT in Phase I</p>
    <p></p>
  </desc>
</t>
<t>
  <field>ALLOW.SORT.CODE</field>
  <desc>
    <p>The field BEN.BANK.CODE in a PAYMENT.ORDER transaction done using pay through beneficairy option, can hold value based on configuration of this field.</p>
    <p>Allowed options are either 'Mandatory', 'Allowed' or 'Not Allowed'.  If it is 'Not Allowed' and if bank code is given or 'Mandatory' and bank code not given, then error will be thrown.</p>
    <p>Validation Rules:Optional field. Allowed or Mandatory for payment through beneficiary. If left undefined then configuration defined in country rules for given beneficiriay country will be taken for consideration.</p>
    <p></p>
  </desc>
</t>
<t>
  <field>CLEARING.CHANNEL</field>
  <desc>
    <p>Indicates the clearing channel to be used</p>
    <p>Validation Rules: </p>
    <p></p>
  </desc>
</t>
<t>
  <field>XX-CLEARING.CODE.FORMAT</field>
  <desc>
    <p>Indicates the format of the clearing code based on which the clearing code entered in payment order will be validated</p>
    <p>Validation Rules:Alphanumeric</p>
    <p></p>
  </desc>
</t>
<t>
  <field>XX>RESERVED</field>
    <desc>
            <p>Reserved for future use.</p>
            <p>
                <p>Validation Rules:</p>
            </p>
            <p>System field, no input.</p>
    </desc>
</t>
<t>
  <field>VALIDATE.API</field>
  <desc>
    <p>API to perform validations specific to a product</p>
    <p>Validation Rules:Valid EB.API record</p>
    <p></p>
  </desc>
</t>
<t>
  <field>FORWARD.API.TRIGGER.STATE</field>
  <desc>
    <p>Defines whether the API should get executed immediately or when moved from warehouse for future dated orders</p>
    <p>Validation Rules:Null_YES. Yes is allowed only when ALLOW.FUTURE.DATE is set to YES and in PAYMENT.ORDER.PARAMETER, WAREHOUSE.REQD is set to Y</p>
    <p></p>
  </desc>
</t>
<t>
  <field>DUPLICATE.CHECK</field>
  <desc>
    <p>To check if the Payment Order transaction is the duplicate of any other transaction</p>
    <p>Validation Rules:Valid record in EB.DUPLICATE.TYPE. Call FT.NULLS.CHK and DUP to avoid null and duplicate values in the multi-value field</p>
    <p></p>
  </desc>
</t>
<t>
  <field>NARRATIVE</field>
  <desc>
    <p>Narrative for the product</p>
    <p>Validation Rules:String of 65 characters</p>
    <p></p>
  </desc>
</t>
<t>
  <field>ADDITIONAL.INFO</field>
  <desc>
    <p>Additional information about the product</p>
    <p>Validation Rules:TEXT field. Free text of 120 characters</p>
    <p></p>
  </desc>
</t>
<t>
  <field>PAYMENT.COUNTRY</field>
  <desc>
    <p>List of country for which below assocaited country based rules can be defined independently, to be used for validating payment order.</p>
    <p>If payment country defined then agreed rules defined here will only be taken for consideration against payment order validation.</p>
    <p>If payment order country is not defined here, then generic rules defined for prodcut will be considered for validation POA.</p>
    <p>If any of the generic fields of payment order is left undefined then rules for validatin POA will be arrived from COUNTRY RULES application</p>
    <p>Validation Rules:Optional field. Valid country code from COUNTRY application.</p>
    <p></p>
  </desc>
</t>
<t>
  <field>COUNTRY.ALLOW.IBAN</field>
  <desc>
    <p>The field BENEFICIARY.IBAN in a PAYMENT.ORDER transaction done using pay through beneficairy option, can hold value based on configuration of this field.</p>
    <p>Allowed options are either 'Mandatory', 'Allowed' or 'Not Allowed'. If it is 'Not Allowed' and if IBAN is given in payment order or 'Mandatory' and IBAN not given, then error will be thrown.</p>
    <p>Validation Rules: Optional field. Allowed or Mandatory for payment through beneficiary. If Country rules is present, then  Allowed /Mandatory can be set only if allowed in country rules. If Country rules is not present, then all options are possible.</p>
    <p></p>
  </desc>
</t>
<t>
  <field>COUNTRY.ALLOW.BIC</field>
  <desc>
    <p>The field BENEFICIARY.IC in a PAYMENT.ORDER transaction done using pay through beneficairy option, can hold value based on configuration of this field.</p>
    <p>Allowed options are either 'Mandatory', 'Allowed' or 'Not Allowed'. If it is 'Not Allowed' and if BIC is given in payment order or 'Mandatory' and BIC not given, then error will be thrown.</p>
    <p>Validation Rules: Optional field. Allowed or Mandatory for payment through beneficiary. If Country rules is present, then  Allowed /Mandatory can be set only if allowed in country rules.</p>
    <p></p>
  </desc>
</t>
<t>
  <field>COUNTRY.ALLOW.SORT.CODE</field>
  <desc>
    <p>The field BEN.BANK.CODE in a PAYMENT.ORDER transaction done using pay through beneficairy option, can hold value based on configuration of this field.</p>
    <p>Allowed options are either 'Mandatory', 'Allowed' or 'Not Allowed'. If it is 'Not Allowed' and if bank code is given in payment order or 'Mandatory' and bank code not given, then error will be thrown.</p>
    <p>Validation Rules: Optional field. Allowed or Mandatory for payment through beneficiary. If Country rules is present, then  Allowed /Mandatory can be set only if allowed in country rules.</p>
    <p></p>
  </desc>
</t>
<t>
  <field>COUNTRY.ALLOW.PMNT.CCY</field>
  <desc>
    <p>Multivalue field to hold the list of currencies for which the payment order will be accepted for the country, payment order with any currencies other than one defined will not be allowed.</p>
    <p>Should be one of the currencies allowed in Payment Order Country Rules.If Country rules is not present, then all currencies are possible. When left undefined then payment order will be open for all currencies.</p>
    <p>Validation Rules: Optinal field. A valid currency code from CURRENCY application.</p>
    <p></p>
  </desc>
</t>
<t>
  <field>COUNTRY.CLEARING.CHANNEL</field>
  <desc>
    <p>Indicates the allowed clearing channel to be used for the country. Should be one of the clearing channel as per Payment Order Country rules. If Country rules is not present, then all channels are possible.</p>
    <p>Validation Rules: Valid record from CLEARING.CHANNEL lookup table.</p>
    <p></p>
  </desc>
</t>
<t>
  <field>COUNTRY.CLRG.CODE.FMT</field>
  <desc>
    <p>Indicates the format of the clearing code based on which the clearing code entered in payment order will be validated. If not defined for a clearing channel then, value will be defaulted from country rules clearing format.</p>
    <p>Validation Rules: Alphanumeric. Associated with above country clearing channel field.</p>
    <p></p>
  </desc>
</t>
<t>
t>
  <field>COUNTRY.RESERVED5-1</field>
  <desc>
    <p>Country specific Reserved fields for future use.</p>
    <p>Validation Rules:</p>
    <p></p>
  </desc>
</t>
<t>
  <field>RESERVED10-1</field>
  <desc>
    <p></p>
    <p>Validation Rules:</p>
    <p></p>
  </desc>
</t>
<t>
  <field>LOCAL.REF</field>
    <desc>
            <p>Local reference field(s) defined by the user.</p>
            <p>Identifies any additional element which has been defined</p>
            <p>locally to meet a particular requirement.</p>
            <p>
                <p>Validation Rules:</p>
            </p>
            <p>Up to 35 characters as defined in the local table definition</p>
            <p>for this local reference field. (Multi-valued field).</p>
            <p>Optional or mandatory input according to the LOCAL.TABLE</p>
            <p>definition for this field.</p>
        </desc>
</t>
<t>
  <field>OVERRIDE</field>
  <desc>
            <p>This is a multi valued field. </p>
	        <p>Contains details of any override applicable to this record.</p>        
            <p>
                <p>Validation Rules:</p>
            </p>
            <p>A maximum of 35 characters may be entered. This is a NOINPUT field.</p>
        </desc>
</t>



</menu>
</t24help>

