<?xml version="1.0" encoding="utf-8"?>
<t24help>
<header>
<product>PM</product>
<table>CONTRACT.TRAN.ACTIVITY</table>
</header>
<overview>
<ovdesc>

            <p>This is a live  file which gets updated for each transaction input in an application related to PM through generic interface.</p>
            <p>This file stores for each transaction input in an application related to PM through generic interface, the IDs of  PM.TRAN.ACTIVITY records generated for it.  </p>
        </ovdesc>
<ovimage></ovimage>
</overview>
<menu>
<t>
<field>CONTRACT.ID</field>
<desc>
            <p>Specifies the ID of the table, which is a transaction ID. </p>
            <p>
                <p>Validation Rules:</p>
            </p>
            <p />
            <p>System generated field.</p>
        </desc>
</t>
<t>
<field>TRAN.ACTIVITY.ID</field>
<desc>
            <p>Specifies the IDs  of  PM.TRAN.ACTIVITY records  generated for the transaction specified in the ID of this record.</p>
        </desc>
</t>
</menu>
</t24help>

