<?xml version="1.0" encoding="utf-8"?>
<t24help>
<header>
<product>PM</product>
<table>PM.APPL.SELECTION</table>
</header>
<overview>
<ovdesc>

            <p />
            <p>This application is used to define the conditions for the maintenance </p>
            <p />of <p>PM.TRAN.ACTIVITY </p><p>records for applications linked to </p><p>PM </p><p>through generic interface (Applications in modules other than </p><p>DC, FR, FT, FX, LD, MM, ND, PD, SC, SW, TT</p><p>), during batch processing.</p><p /><p /><p /><p>The first sets of fields in this application </p><p />(from <p>OPEN.BRACKET </p><p>to </p><p>LINK.TO.NXT.FLD</p><p>) could be</p><p />used to define the conditions for regenerating <p>PM.TRAN.ACTIVITY </p><p /><p>records with </p><p>GAP</p><p> position movements (records with ID: Transaction ID*GAP), during batch processing. Here the </p><p>PM.TRAN.ACTIVITY </p><p>records for </p><p>GAP</p><p> movements would be </p><p />regenerated only for those transactions <p />which satisfy the defined conditions.  <p /><p /><p>The second sets of fields in the application (from </p><p>OP.BRACKET </p><p>to </p><p /><p>MAT.NXT.FLD</p><p>) could be </p><p />used to <p />define the conditions for <p />deleting the <p>PM.TRAN.ACTIVITY </p><p> records for </p><p />matured contracts. <p /><p /></ovdesc>
<ovimage></ovimage>
</overview>
<menu>
<t>
<field>PM.APPL.SELECT.ID</field>
<desc>
            <p>PM.APPL.SELECT.ID</p>
            <p>ID of this file must be any application which is not linked to PM already or PM processing is not handled already. i.e.; should be other than the applications - </p>
            <p />
            <p> FOREX </p>
            <p> MM.MONEY.MARKET </p>
            <p> FRA.DEAL</p>
            <p> LD.LOANS.AND.DEPOSITS</p>
            <p> SEC.TRADE</p>
            <p> SECURITY. TRANSFER</p>
            <p> SWAP</p>
            <p> PD.PAYMENT.DUE,</p>
            <p> ENTITLEMENT</p>
            <p> CD.TRADE</p>
            <p> DATA.CAPTURE</p>
            <p> TELLER.TRANSACTION</p>
            <p> FUNDS.TRANSFER</p>
            <p>
                <p>Validation Rules:</p>
            </p>
            <p />
            <p>Should be a valid application.</p>
            <p>Maximum of 35 characters are allowed.</p>
        </desc>
</t>
<t>
<field>MAT.TO</field>
<desc>
            <p>If a Range of Values has to be specified for a Condition, then this field can be used. </p>
            <p>This field can be either a Constant or the name of a valid field belonging to the application specified in the ID of this record.</p>
            <p>
                <p>Validation Rules:</p>
            </p>
            <p />
            <p />
            <p>If it is a Constant , the value of the Constant should     be given within double Quotes.</p>
            <p>"TODAY" would return the Bank Date.</p>
            <p>This field can be entered only if the value of the field MAT.OPERAND      is 'RG' or 'NR'.</p>
            <p />
            <p>Field     associated with the fields OP.BRACKET  to MAT.NXT.FLD.</p>
            <p />
        </desc>
</t>
<t>
<field>SEL.TO</field>
<desc>
            <p>If a Range of Values has to be specified for a Condition, then this field can be used. </p>
            <p>This field can be either a Constant or the name of a valid field belonging to the application specified in the ID of this record.</p>
            <p>
                <p>Validation Rules:</p>
            </p>
            <p />
            <p />
            <p>If it is a Constant , the value of the Constant should     be given within double Quotes.</p>
            <p>"TODAY" would return the Bank Date.</p>
            <p>This field can be entered only if the value of the field SEL.OPERAND      is 'RG' or 'NR'.</p>
            <p />
            <p>Field     associated with the fields OPEN.BRACKET  to LINK.TO.NXT.FLD.</p>
            <p />
            <p />
        </desc>
</t>
<t>
<field>SEL.OPERAND</field>
<desc>
            <p>Specifies the Operator  for evaluating the  conditions.</p>
            <p />
            <p>
                <p>Validation Rules:</p>
            </p>
            <p />
            <p />
            <p />
            <p>Valid     Operators are EQ, GE, GT, IN, LE, LK, LT, NE, NR, RG, UL.</p>
            <p />
            <p>Field associated with the fields OPEN.BRACKET  to     LINK.TO.NXT.FLD.</p>
            <p />
            <p>Mandatory if SEL.FIELD has a value.</p>
            <p />
            <p />
            <p />
        </desc>
</t>
<t>
<field>SEL.FIELD</field>
<desc>
            <p>Specifies the name of a valid field in the application defined in the ID.  </p>
            <p />
            <p>
                <p>Validation Rules:</p>
            </p>
            <p />
            <p />
            <p />
            <p>Field     associated with the fields OPEN.BRACKET  to LINK.TO.NXT.FLD.</p>
            <p />
            <p />
            <p />
            <p />
        </desc>
</t>
<t>
<field>OP.BRACKET</field>
<desc>
            <p>If more than one set of conditions are specified (in the fields OP.BRACKET  to MAT.NXT.FLD),  then the level  of Brackets could  be specified  to prioritize the conditions. Brackets can be entered upto 4 levels of Priorities.</p>
            <p>
                <p>Validation Rules:</p>
            </p>
            <p />
            <p />
            <p>Field associated with the fields </p>OP.BRACKET  to     MAT.NXT.FLD<p>.</p><p>Optional Input.</p></desc>
</t>
<t>
<field>MAT.FROM</field>
<desc>
            <p>Specifies a value for comparison.</p>
            <p>This field can be either a Constant or the name of a valid field belonging to the application specified in the ID of this record. </p>
            <p>
                <p>Validation Rules:</p>
            </p>
            <p />
            <p>If it is a Constant , the value of the Constant should be given within     double Quotes.</p>
            <p>"TODAY" would return the Bank Date.</p>
            <p>Mandatory if MAT.FIELD has a value.</p>
            <p />
            <p>Field associated with the fields OP.BRACKET  to     MAT.NXT.FLD.</p>
            <p />
            <p />
        </desc>
</t>
<t>
<field>MAT.NXT.FLD</field>
<desc>
            <p>Specifies the RELATIONAL Type Operators AND/OR, which connects  more than one condition.  </p>
            <p />
            <p>
                <p>Validation Rules:</p>
            </p>
            <p />
            <p />
            <p />
            <p>Only values     of AND, OR are allowed. </p>
            <p />
            <p />
            <p>Mandatory     input (except for the last one) when more than one condition is specified in     the fields OP.BRACKET to CL.BRACKET.</p>
            <p />
            <p>Field associated with the fields OP.BRACKET  to     MAT.NXT.FLD.</p>
        </desc>
</t>
<t>
<field>MAT.OPERAND</field>
<desc>
            <p>Specifies the Operator  for evaluating the  conditions.</p>
            <p />
            <p>
                <p>Validation Rules:</p>
            </p>
            <p />
            <p />
            <p />
            <p>Valid     Operators are EQ, GE, GT, IN, LE, LK, LT, NE, NR, RG, UL.</p>
            <p />
            <p>Field associated with the fields OP.BRACKET  to     MAT.NXT.FLD.</p>
            <p />
            <p>Mandatory if MAT.FIELD has a value.</p>
            <p />
        </desc>
</t>
<t>
<field>CL.BRACKET</field>
<desc>
            <p>If more than one set of conditions are specified (in the fields OP.BRACKET  to MAT.NXT.FLD),  then the level  of Brackets could  be specified  to prioritize the conditions. Brackets can be entered upto 4 levels of Priorities.</p>
            <p>
                <p>Validation Rules:</p>
            </p>
            <p />
            <p />
            <p>Field associated with the fields </p>OP.BRACKET  to     MAT.NXT.FLD<p>.</p><p>Optional Input.</p></desc>
</t>
<t>
<field>CLOSE.BRACKET</field>
<desc>
            <p>If more than one set of conditions are specified (in the fields OPEN.BRACKET  to LINK.TO.NXT.FLD),  then the level  of Brackets could  be specified  to prioritize the conditions. Brackets can be entered upto 4 levels of Priorities.</p>
            <p>
                <p>Validation Rules:</p>
            </p>
            <p />
            <p />
            <p>Field associated with the fields </p>OPEN.BRACKET  to     LINK.TO.NXT.FLD<p>.</p><p>Optional Input.</p></desc>
</t>
<t>
<field>LINK.TO.NXT.FLD</field>
<desc>
            <p>Specifies the RELATIONAL Type Operators AND/OR, which connects  more than one condition.  </p>
            <p />
            <p>
                <p>Validation Rules:</p>
            </p>
            <p />
            <p />
            <p />
            <p>Only values     of AND, OR are allowed. </p>
            <p />
            <p />
            <p>Mandatory     input (except for the last one) when more than one condition is specified in the fields OPEN.BRACKET     to CLOSE.BRACKET. </p>
            <p />
            <p>Field associated with the fields OPEN.BRACKET  to     LINK.TO.NXT.FLD.</p>
            <p />
            <p />
            <p />
            <p />
        </desc>
</t>
<t>
<field>MAT.FIELD</field>
<desc>
            <p>Specifies the name of a valid field in the application defined in the ID.  </p>
            <p />
            <p>
                <p>Validation Rules:</p>
            </p>
            <p />
            <p />
            <p />
            <p>Field     associated with the fields OP.BRACKET  to MAT.NXT.FLD.</p>
            <p />
            <p />
            <p />
        </desc>
</t>
<t>
<field>OPEN.BRACKET</field>
<desc>
            <p>If more than one set of conditions are specified (in the fields OPEN.BRACKET  to LINK.TO.NXT.FLD),  then the level  of Brackets could  be specified  to prioritize the conditions. Brackets can be entered upto 4 levels of Priorities.</p>
            <p>
                <p>Validation Rules:</p>
            </p>
            <p />
            <p />
            <p>Field associated with the fields </p>OPEN.BRACKET  to     LINK.TO.NXT.FLD<p>.</p><p>Optional Input.</p><p /></desc>
</t>
<t>
<field>PM.APPL.SELECTION.ID</field>
<desc>
            <p />
            <p>Specifies an application from modules </p>
            <p>linked to </p>
            <p>PM </p>
            <p>through generic interface (Applications in modules other than </p>
            <p>DC, FR, FT, FX, LD, MM, ND, PD, SC, SW, TT</p>
            <p>).</p>
        </desc>
</t>
<t>
<field>SEL.FROM</field>
<desc>
            <p>Specifies a value for comparison.</p>
            <p>This field can be either a Constant or the name of a valid field belonging to the application specified in the ID of this record. </p>
            <p>
                <p>Validation Rules:</p>
            </p>
            <p />
            <p>If it is a Constant , the value of the Constant should be given within     double Quotes.</p>
            <p>"TODAY" would return the Bank Date.</p>
            <p>Mandatory if SEL.FIELD has a value.</p>
            <p />
            <p>Field associated with the fields OPEN.BRACKET  to     LINK.TO.NXT.FLD.</p>
            <p />
            <p />
            <p />
        </desc>
</t>
</menu>
</t24help>

