<?xml version="1.0" encoding="utf-8"?>
<t24help>
<header>
<product>PM</product>
<table>PM.DLY.POSN.CLASS</table>
</header>
<overview>
<ovdesc>

            <p>OVERVIEW PM.DLY.POSN.CLASS </p>
            <p>This file is the aggregate of today's activities. </p>
            <p>'L', 'P' and 'S' are the only permissible functions on this file. </p>
        </ovdesc>
<ovimage></ovimage>
</overview>
<menu>
<t>
<field>CURRENCY.RANK</field>
<desc>
            <p>Help Text for this field is unavailable.  Please refer to the T24 User Guides for further information.</p>
        </desc>
</t>
<t>
<field>R2</field>
<desc>
            <p>This field is reserved for future use. </p>
            <p>
                <p>Validation Rules:</p>
            </p>
            <p>(No input.)</p>
        </desc>
</t>
<t>
<field>ASST.LIAB.CD</field>
<desc>
            <p>This indicates the asset/liability code of the position class on a daily basis </p>
            <p>1  -  Asset </p>
            <p>          2  -  Liability </p>
            <p>          3  -  Total of Asset and Liability </p>
            <p>          4  -  Total of unsigned Asset and unsigned Liability </p>
            <p>
                <p>Validation Rules:</p>
            </p>
            <p>1 character, type ''. (No input.) Multi-value associated group.)</p>
        </desc>
</t>
<t>
<field>DLY.POSN.CLASS.ID</field>
<desc>
            <p>This is the key to PM.DLY.POSN.CLASS file </p>
            <p>The key is made up of (POSN.CLASS). (CURRENCY.MARKET).(DEALER.DESK).(POSN.TYPE).(CCY) (VALUE.DATE).(VALUE.DATE.SFX). </p>
            <p>For all these fields refer to PM.TRAN.ACTIVITY. </p>
            <p>
                <p>Validation Rules:</p>
            </p>
            <p>28 characters, type 'A'.</p>
        </desc>
</t>
<t>
<field>DATE</field>
<desc>
            <p>Help Text for this field is unavailable.  Please refer to the T24 User Guides for further information.</p>
        </desc>
</t>
<t>
<field>CCY</field>
<desc>
            <p>Help Text for this field is unavailable.  Please refer to the T24 User Guides for further information.</p>
        </desc>
</t>
<t>
<field>DATE.TIME</field>
<desc>
            <p>This indicates the date and time when the position was last created/updated. </p>
            <p>
                <p>Validation Rules:</p>
            </p>
            <p>12 characters, type ''. (No input.)</p>
        </desc>
</t>
<t>
<field>TXN.REFERENCE</field>
<desc>
            <p>Links this record with the associated PM.TRAN.ACTIVITY records. </p>
            <p>
                <p>Validation Rules:</p>
            </p>
            <p>System maintained.</p>
        </desc>
</t>
<t>
<field>POSN.CLASS</field>
<desc>
            <p>Help Text for this field is unavailable.  Please refer to the T24 User Guides for further information.</p>
        </desc>
</t>
<t>
<field>AMOUNT</field>
<desc>
            <p>This is the amount stored for the corresponding AMT.CODEs within a particular ASST.LIAB.CD. </p>
            <p>
                <p>Validation Rules:</p>
            </p>
            <p>1 to 14 characters, type 'AMT' (No input.) (Multi-value associated with AMT.CODE and ASST.LIAB.CD)</p>
        </desc>
</t>
<t>
<field>AMT.CODE</field>
<desc>
            <p>This indicates the type of amount stored in AMOUNT for a particular ASST.LIAB.CD </p>
            <p>1  -  Currency amount </p>
            <p>          2  -  Local Spot Equivalent (for future use) </p>
            <p>          3  -  Local Equivalent </p>
            <p>          4  -  Alternate Spot Equivalent (for future use) </p>
            <p>          5  -  Alternate Equivalent (for future use) </p>
            <p>          6  -  Breakeven </p>
            <p>          7  -  Net amount for Positions with aggregate method                 'C' or 'G'.  (For further details refer to field                 AGGR.METHOD of PM.POSN.REFERENCE) </p>
            <p>          10 and above -                 Interest rates pointer, values can be 'FIXED' or                 in the form ' [L][nnn]*[+/-                 ][m.m]*[CREDIT/DEBIT]*CCY*BASIS                     where:                     L         - 'G' for Group Interest, or B                               for BASIC.INTEREST (Base                               rates). </p>
            <p>                    nnn       - Id of group or basic interest                               record. </p>
            <p>                    m.m       - Margin. </p>
            <p>NOTE: *CCY and *BASIS  are only used when the interest rate that applies is for a different Currency or Basis than is usually associated with the amount applied or associated currency. </p>
            <p>
                <p>Validation Rules:</p>
            </p>
            <p>1 character, type '' (No input.) (Multi-value associated group with ASST.LIAB.CD)</p>
        </desc>
</t>
<t>
<field>AMT.RATE</field>
<desc>
            <p>This gives the total of the amount times the rate for each update to the amount field.  This field is only updated when the AMT CODE field is set to 'FIXED'. </p>
            <p>
                <p>Validation Rules:</p>
            </p>
            <p>(No input.)</p>
        </desc>
</t>
<t>
<field>APPLICATION</field>
<desc>
            <p>Specifies the source application for which the position movement has been generated. </p>
            <p>
                <p>Validation Rules:</p>
            </p>
            <p />
            <p>System generated field.</p>
        </desc>
</t>
<t>
<field>AVG.RATE</field>
<desc>
            <p>This gives the rate for the amount in the previous field. </p>
            <p>AMT.CODE 1 stores                 Interest rates or                 Exchange rates </p>
            <p>          AMT.CODEs 2 to 5 or Fixed store                 Rate = AMT.CODE 1 amount /AMT.CODE n amount </p>
            <p>          AMT.CODE 6 stores Breakeven rate </p>
            <p>          AMT.CODE 7 is not used presently </p>
            <p>
                <p>Validation Rules:</p>
            </p>
            <p>1 to 10 characters, type 'R' (No input.) (Multi-value associated with AMT.CODE and ASST.LIAB.CD).</p>
        </desc>
</t>
</menu>
</t24help>

