<?xml version="1.0" encoding="utf-8"?>
<t24help>
<header>
<product>PM</product>
<table>PM.GRP</table>
</header>
<overview>
<ovdesc>

            <p>OVERVIEW PM.GRP </p>
            <p>This table is used primarily to set up groups which can then be specified in 'GRP.ABBR' in the file 'PM.POSN.REFERENCE'. </p>
            <p>Each record created in this table serves the purpose of a generalised transaction which allows a set of records of some specific files (such as 'DEALER.DESK', 'FX.POS.TYPE', 'CURRENCY.MARKET') to be grouped together. </p>
            <p>These groups can then be used in the definition of the various positions in 'PM.POSN.REFERENCE'. </p>
        </ovdesc>
<ovimage></ovimage>
</overview>
<menu>
<t>
<field>R1</field>
<desc>
            <p>This is reserved for future use. </p>
            <p>
                <p>Validation Rules:</p>
            </p>
            <p>No input.</p>
        </desc>
</t>
<t>
<field>R4</field>
<desc>
            <p>This is reserved for future use. </p>
            <p>
                <p>Validation Rules:</p>
            </p>
            <p>No input.</p>
        </desc>
</t>
<t>
<field>R2</field>
<desc>
            <p>This is reserved for future use. </p>
            <p>
                <p>Validation Rules:</p>
            </p>
            <p>No input.</p>
        </desc>
</t>
<t>
<field>SHORT.NAME</field>
<desc>
            <p>This is the short name of the group. </p>
            <p>
                <p>Validation Rules:</p>
            </p>
            <p>1 to 10 characters type AA. (Mandatory).</p>
        </desc>
</t>
<t>
<field>R3</field>
<desc>
            <p>This is reserved for future use. </p>
            <p>
                <p>Validation Rules:</p>
            </p>
            <p>No input.</p>
        </desc>
</t>
<t>
<field>R5</field>
<desc>
            <p>This is reserved for future use. </p>
            <p>
                <p>Validation Rules:</p>
            </p>
            <p>No input.</p>
        </desc>
</t>
<t>
<field>PM.GROUP.ID</field>
<desc>
            <p>This is the key to PM.GRP </p>
            <p>
                <p>Validation Rules:</p>
            </p>
            <p>3 to 5 characters type AA. (Mandatory).</p>
        </desc>
</t>
<t>
<field>RECORD.ID</field>
<desc>
            <p>These are the records that are used to form a group. </p>
            <p />
            <p />
            <p>
                <p>Validation Rules:</p>
            </p>
            <p>1 to 35 characters, type A. (Mandatory). (Multivalue).</p>
            <p>Must be a valid record on the APPLICATION file.</p>
            <p>No duplicate.</p>
        </desc>
</t>
<t>
<field>APPLICATION</field>
<desc>
            <p>This is the application file from which the user wants to define a group. </p>
            <p>A group will be formed for this application field.  (e.g. DEALER.DESK as an application, then desk 01, 02, 03, could form a group). </p>
            <p>
                <p>Validation Rules:</p>
            </p>
            <p>1 to 35 characters, type A. (Mandatory).</p>
            <p>Must be a valid application file.</p>
        </desc>
</t>
<t>
<field>DESCRIPTION</field>
<desc>
            <p>This is the description of the group. </p>
            <p>
                <p>Validation Rules:</p>
            </p>
            <p>Up to 4 * 35 characters type A. (Optional) (Multivalue).</p>
        </desc>
</t>
<t>
<field>LOCAL.REF</field>
<desc>
            <p>Identifies any additional element which has been defined locally to meet a particular requirement. </p>
            <p>As in the majority of T24 applications, the User is allowed to define up to 999 Local Elements in addition to the standard fields previously specified.  These local elements should be defined by the User where deemed necessary according to local practice. </p>
            <p>The name(s) of the new element(s), as well as the Format and <p>Validation Rules:</p>, must be defined in the Local Tables prior to the creation of any Money Market transactions. </p>
            <p>
                <p>Validation Rules:</p>
            </p>
            <p>Up to 35 characters as defined in the local table definition for this local reference field. Multivalue field. (Optional or Mandatory input according to definition in Local Table for this Local Reference element).</p>
            <p>As defined by the user within the individual Local Tables and Local Reference Tables.</p>
        </desc>
</t>
</menu>
</t24help>

