<?xml version="1.0" encoding="utf-8"?>
<t24help>
<header>
<product>PM</product>
<table>PM.PARAMETER</table>
</header>
<overview>
<ovdesc>

            <p>PM.PARAMETER</p>
            <p />
            <p>    This is the parameter file that drives the Position Management System.</p>
            <p>    The main functions are:</p>
            <p>    a.        To allow the overnight batch process to determine either:</p>
            <p>    (i) To read the unauthorised contracts/deals for                 'HOLD' or 'DELETE' process or</p>
            <p>    (ii) To read the authorised file and to re-create all the                 activities.</p>
            <p>    b.        To set the appropriate Position Classes for various           activities relating to the FOREX application.           PM.POSN.REFERENCE can then be used to determine           which position contains what 'POSN.CLASS'.</p>
        </ovdesc>
<ovimage></ovimage>
</overview>
<menu>
<t>
<field>FX.GAP.PRIN.MAT</field>
<desc>
            <p>This field is obsolete at 14.2.0</p>
            <p>    This field contained the position class that is associated with Forex FW deals that have REVALUATION type of 'IH'. It represents the position class for the MATURITY activity to be used in the GAP analysis.</p>
            <p>
                <p>Validation Rules:</p>
            </p>
            <p>    Obsolete</p>
        </desc>
</t>
<t>
<field>R10</field>
<desc>
            <p>This field is reserved for future use.</p>
            <p>
                <p>Validation Rules:</p>
            </p>
            <p>    No input.</p>
        </desc>
</t>
<t>
<field>R2</field>
<desc>
            <p>This field is reserved for future use.</p>
            <p>
                <p>Validation Rules:</p>
            </p>
            <p>    No input.</p>
        </desc>
</t>
<t>
<field>FX.ASST.LIAB</field>
<desc>
            <p>This field contains the Position Class record that is associated with the Currrency Asset and Liability position.</p>
            <p>    This field is required if Position Management is active and there are any currency positions in the T24 system.</p>
            <p>
                <p>Validation Rules:</p>
            </p>
            <p>    5 characters, type "AA". (Mandatory)</p>
        </desc>
</t>
<t>
<field>FX.INT.SW.ST</field>
<desc>
            <p>This field contains the position CLASS that is associated with FX Swap deals that have REVALUATION type of 'SL' or 'IN'.  It represents the position class for the start activity.</p>
            <p>    This is the start activity POSN Class for FX interest swaps.</p>
            <p>
                <p>Validation Rules:</p>
            </p>
            <p>    5 characters, Type 'A'. (Optional)</p>
            <p>    Must be a valid record on PM POSN CLASS.</p>
            <p>    Must be present if FX.INT.SW.MAT.is present.</p>
        </desc>
</t>
<t>
<field>R1</field>
<desc>
            <p>This field is reserved for future use.</p>
            <p>
                <p>Validation Rules:</p>
            </p>
            <p>    No input.</p>
        </desc>
</t>
<t>
<field>R4</field>
<desc>
            <p>This field is reserved for future use.</p>
            <p>
                <p>Validation Rules:</p>
            </p>
            <p>    No input.</p>
        </desc>
</t>
<t>
<field>R0</field>
<desc>
            <p>This field is reserved for future use.</p>
            <p>
                <p>Validation Rules:</p>
            </p>
            <p>    No input.</p>
        </desc>
</t>
<t>
<field>LMM.GM.DATE.SFX</field>
<desc>
            <p>This field contains the date suffix.</p>
            <p>    This field should only be input if there is a need to aggregate call money into a separate period.</p>
            <p>    It should be set to the corresponding 'CAL' DATE SFX in PM CALENDAR.</p>
            <p>
                <p>Validation Rules:</p>
            </p>
            <p>    1 character, type ''. (Optional.) (Multivalue associated group with fields 18.1 to 20.1).</p>
            <p>    Must be either 0 or 2.</p>
        </desc>
</t>
<t>
<field>LMM.INTEREST</field>
<desc>
            <p>This field contains the Position Class assigned to Interest Maturity Activity on Money Market transactions.</p>
            <p>
                <p>Validation Rules:</p>
            </p>
            <p>    5 characters, type "A" (optional).</p>
        </desc>
</t>
<t>
<field>R5</field>
<desc>
            <p>This field is reserved for future use.</p>
            <p>
                <p>Validation Rules:</p>
            </p>
            <p>    No input.</p>
        </desc>
</t>
<t>
<field>FX.FWD.INT.COVER</field>
<desc>
            <p>This field contains the position class that is associated with FX Forward Interest Cover deals.</p>
            <p>
                <p>Validation Rules:</p>
            </p>
            <p>    5 characters, type 'AA'.</p>
            <p>    Must be a valid record on PM.POSN.CLASS.</p>
        </desc>
</t>
<t>
<field>LMM.LOAN.CAT</field>
<desc>
            <p>This field contains the loan CATEGORY code(s).</p>
            <p>    This field could contain either a single category, or a range of CATEGORY separated by a ','.</p>
            <p>
                <p>Validation Rules:</p>
            </p>
            <p>    1 - 11 characters type 'A'. (Optional) (Multivalue)</p>
            <p>    Must be a valid CATEGORY record.</p>
            <p>    If a range is used, the 2nd CATEGORY must be greater than the 1st CATEGORY.</p>
        </desc>
</t>
<t>
<field>LMM.ONITE.GM.SFX</field>
<desc>
            <p>This field contains the date suffix.</p>
            <p />
            <p />
            <p>    1.        This field allows the system to generate one day money           maturity activity.</p>
            <p>    2.        If a period is set to 'ODM' in PM CALENDAR, this field           should be set to the same corresponding DATE SFX.</p>
            <p>
                <p>Validation Rules:</p>
            </p>
            <p>    1 character, type ''.</p>
            <p>    Must be either 0 or 2.</p>
        </desc>
</t>
<t>
<field>FX.CASH.HDG.INT</field>
<desc>
            <p>This field is obsolete at 14.2.0</p>
            <p>    This field contained the position class that is associated with Forex FW deals that have REVALUATION type of 'IH'. It represents the position class for the HEDGED Interest activity.</p>
            <p>
                <p>Validation Rules:</p>
            </p>
            <p>    Obsolete</p>
        </desc>
</t>
  <t>
           <field>FRA.LONG.RATE</field>
<desc>
            <p>This field holds the name of the user exit routine  that can be triggered to amend the values calculated by the CORE position management system for transactions from the FRA.DEAL application. This subroutine  needs to have the following arguments</p> 

     <p>Incoming Arguments :</p>
       <p>DEAL.DETAILS    - Dimensioned array , which holds the contract details.</p>

     <p>Outgoing Arguments :</p>
<p>PM.USR.POSN.CLASS</p> 
                <p>PROCESSED - A flag to indicate whether the user exit routine has generated the position classes.</p>
                   <p>RESERVED.1  -  to be passed as Null</p>
                   <p>RESERVED.2  -  to be passed as Null</p>

<p>PM.USR.POSN.CLASS needs to be a a  Dynamic Array which holds the following information.</p>
                                <p>PM.USR.POSN.CLASS&lt;x, PM.MA.ASST.LIAB.CD&gt; - Asset / Liability</p>
                                <p>PM.USR.POSN.CLASS&lt;x, PM.MA.POSN.CLASS&gt; - Position Class</p>
                                <p>PM.USR.POSN.CLASS&lt;x, PM.MA.CCY.AMT&gt; - Amount</p>
                                <p>PM.USR.POSN.CLASS&lt;x, PM.MA.RATE&gt; - Reference Rate / Settlement Rate</p>
                                <p>PM.USR.POSN.CLASS&lt;x, PM.MA.VALUE.DATE&gt; - Start date / Maturity Date</p>

<p>Where,</p> 
               <p> X – is the iterator for the number of position classes.</p>

<p>PM.MA.ASST.LIAB.CD, PM.MA.POSN.CLASS, PM.MA.CCY.AMT, PM.MA.RATE, PM.MA.VALUE.DATE  – are the positions as defined in I_PM.MAT.ACTIVITY.</p> 

<p>User exit routine is designed to perform the following operation.</p>

                <p>For FRA HEDGE purchase deal the position classes FRXDS, FRXDM should hold the reference price instead of the FRA  Contract price. For a FRA HEDGE Sale Contract , the position classes FRXLS, FRXLM should hold the reference price instead of the FRA contract price.</p>
                <p>The formed Position Classes and its details are returned to the calling routine. The calling routine modifies the built position classes with the values returned from the user exit routine or appends the newly built position classes and the position management files PM.TRAN.ACTIVITY , PM.DLY.POSN.CLASS are built accordingly.</p>


            <p>
                <p>Validation Rules:</p>
            </p>
            <p>                    The field holds the name of the user exit routine. The routine name should be available in EB.API application.</p>
        </desc>
</t>

      <t>
<field>PM.FX.SYNTH.RTN</field>
<desc>
            <p>This field holds the name of the user exit routine  that can be triggered to amend the values calculated by the CORE position management system for transactions from the Forex application. This subroutine  needs to have the following arguments</p> 

                    <p> Incoming parameters - PRINCIPAL.CCY  - used to denote the principal currency.</p>

                     <p>Outgoing Parameters - PM.FX.USR.POSN.CLASS</p> 
                                             <p>RESERVED.1  - to be passed as Null</p>
                                             <p>RESERVED.2 -  to be passed as Null</p>

                    <p>PM.FX.USR.POSN.CLASS needs to be a dynamic array holding the following structure</p>               
                    <p>PM.FX.USR.POSN.CLASS&lt;x, PM.MA.ASST.LIAB.CD&gt; - Asset / Liability</p>
                   <p>PM.FX.USR.POSN.CLASS&lt;x, PM.MA.POSN.CLASS&gt; - Position Class</p>
                    <p>PM.FX.USR.POSN.CLASS&lt;x, PM.MA.CCY.AMT&gt; - Notional Amount</p>
                    <p>PM.FX.USR.POSN.CLASS&lt;x, PM.MA.RATE&gt; - Interest Rate</p>
                    <p>PM.FX.USR.POSN.CLASS&lt;x, PM.MA.VALUE.DATE&gt; - Value date</p>
                    <p>PM.FX.USR.POSN.CLASS&lt;x, PM.MA.POSN.TYPE&gt; - Position Type</p>
                    <p>PM.FX.USR.POSN.CLASS&lt;x, PM.MA.CURRENCY&gt; - Currency.</p>

                <p>X – is the iterator for the number of position classes.</p>
<p>PM.MA.ASST.LIAB.CD, PM.MA.POSN.CLASS, PM.MA.CCY.AMT, PM.MA.RATE, PM.MA.VALUE.DATE, PM.MA.POSN.TYPE, PM.MA.CURRENCY – are the positions as defined in I_PM.MAT.ACTIVITY.</p> 
      
               <p> The details such as rate, amount that is updated in the position classes FX:’RevalType’:S or FX:’RevalType’:M in PM.TRAN.ACTIVITY  / PM.DLY.POSN.CLASS can be modified as per the requirement of the bank.</p> 
<p>For e.g., The bank identifies one of the currencies in the transaction as the PRINCIPAL.CCY. The definition of PRINCIPAL.CCY is, if the deal involves local currency then local currency is the PRINCIPAL.CCY and for a cross currency deal, buy currency is the PRINCIPAL.CCY . The core functionality is to default the interest rate from the Periodic Interest table for the base currency and to derive the interest rate for the Non Base currency. This can be modified in the user exit routine, as to default the Interest rate from the Periodic Interest table for the Secondary currency and based on the interest rate for the secondary currency, the interest rate for the Principal Currency can be derived.  So, user exit routine builds position classes with the above details.</p>
<p>The formed Position Classes and its details are returned to the calling routine. The calling routine modifies the built position classes with the values returned from the user exit routine or appends the newly built position classes and the position management files PM.TRAN.ACTIVITY , PM.DLY.POSN.CLASS are built accordingly.</p>

            <p>
                <p>Validation Rules:</p>
            </p>
            <p>   The field holds the name of the user exit routine. The routine name should be available in EB.API application. </p>
        </desc>
</t>



<t>
<field>LMM.GAP.MAT</field>
<desc>
            <p>This field contains the maturity POSN CLASS assigned to the principle maturity activity on Money Market Transaction.</p>
            <p>
                <p>Validation Rules:</p>
            </p>
            <p>    5 characters, type 'A'. (Optional) (Multivalue associated with fields 18.1, 19.1 and 21.1)</p>
            <p>    Must be a valid record on PM POSN CLASS.</p>
            <p>    Must be present if the corresponding LMM GAP ST is present.</p>
            <p>    Must not be present if LMM GAP ST is not present.</p>
        </desc>
</t>
<t>
<field>LMM.DEP.CAT</field>
<desc>
            <p>This field contains the deposit CATEGORY code(s).</p>
            <p>    This field could contain either a single category, or a range of CATEGORY separated by a ','.</p>
            <p>
                <p>Validation Rules:</p>
            </p>
            <p>    1 - 11 characters type 'A'.</p>
            <p>    Must be a valid CATEGORY record.</p>
            <p>    If a range is used, the 2nd CATEGORY must be greater than the 1st CATEGORY.</p>
        </desc>
</t>
<t>
<field>LMM.R2</field>
<desc>
            <p>This field is reserved for future use.</p>
            <p>
                <p>Validation Rules:</p>
            </p>
            <p>    No input.</p>
        </desc>
</t>
<t>
<field>LMM.GAP.ST</field>
<desc>
            <p>This field contains the start POSN CLASS assigned to the principle start activity on Money Market Transaction.</p>
            <p>
                <p>Validation Rules:</p>
            </p>
            <p>    5 characters, type 'AA'. (Optional) (Multivalue associated with fields 18.1  AND 20.1 TO 21.1)</p>
            <p>    Must be a valid record on PM POSN CLASS.</p>
            <p>    Must be present if the corresponding LMM GAP MAT is present.</p>
        </desc>
</t>
<t>
<field>FX.NDF</field>
<desc>
            <p>The PM.POSN.CLASS used to identify Negotiated Deal activities.</p>
            <p>
                <p>Validation Rules:</p>
            </p>
            <p>    5 Characters of the type 'AA' Must exist on the PM.POSN.CLASS file</p>
        </desc>
</t>
<t>
<field>FX.SW.PL.FWD.POS</field>
<desc>
            <p>This field contains the position class that is associated with FX Swap deals using 'SF' revaluation type.</p>
            <p>
                <p>Validation Rules:</p>
            </p>
            <p>    5 characters, type 'AA'.</p>
            <p>    Must be a valid record on PM.POSN.CLASS.</p>
        </desc>
</t>

<t>
<field>ZERO.INT.RATE</field>
<desc>
            <p>Introduced in G14.1.</p>
            <p>    Specifies whether contracts with Zero interest rates need  to be updated in PM.DLY.POSN.CLASS  GAP position records  in the Sub-value 10 fields.</p>
            <p>    If this field is Null or NO, then contracts with Zero interest rates would not be updated in PM.DLY.POSN.CLASS GAP position records in the Sub-value 10 fields, and consequently they would not be reported in PM.GAP enquiry, which is the functionality before the T24 release G14.1.</p>
            <p>    On the other hand, if  this field is set to YES, then then contracts with Zero interest rates would be updated in PM.DLY.POSN.CLASS GAP position records in the Sub-value 10 fields, and consequently they would be reported in PM.GAP enquiry.</p>
            <p />
            <p />
            <p>    Example 1: PM.PARAMETER: ZERO.INT.RATE:YES</p>
            <p />
            <p>    MM0235700101: PRINCIPAL: USD 1,000,000,     INTEREST.RATE:  0,      MATURITY DATE: 20031223</p>
            <p />
            <p>    MM0235700102: PRINCIPAL: USD 2,000,000,     INTEREST.RATE: 10,      MATURITY DATE: 20031223</p>
            <p />
            <p />
            <p />
            <p />
            <p />
            <p />
            <p />
            <p />
            <p />
            <p />
            <p />
            <p />
            <p />
            <p />
            <p />
            <p />
            <p />
            <p />
            <p />
            <p />
            <p />
            <p />
            <p />
            <p />
            <p />
            <p />
            <p />
            <p />
            <p />
            <p />
            <p />
            <p />
            <p />
            <p />
            <p />
            <p />
            <p />
            <p />
            <p />
            <p />
            <p />
            <p />
            <p />
            <p />
            <p />
            <p />
            <p />
            <p />
            <p />
            <p />
            <p />
            <p />
            <p />
            <p />
            <p />
            <p />
            <p />
            <p />
            <p />
            <p />
            <p />
            <p />
            <p />
            <p />
            <p />
            <p>    BNK</p>
            <p />
            <p />
            <p />
            <p />
            <p />
            <p />
            <p />
            <p />
            <p />
            <p />
            <p />
            <p />
            <p />
            <p />
            <p />
            <p />
            <p />
            <p />
            <p />
            <p />
            <p />
            <p />
            <p />
            <p />
            <p />
            <p />
            <p />
            <p />
            <p />
            <p />
            <p />
            <p />
            <p />
            <p />
            <p />
            <p />
            <p />
            <p />
            <p>    Example 2: PM.PARAMETER: ZERO.INT.RATE:NO or NULL.</p>
            <p />
            <p>    MM0235700301: PRINCIPAL: EUR 1,000,000,     INTEREST.RATE:  0,     MATURITY DATE: 20031223</p>
            <p />
            <p>    MM0235700302: PRINCIPAL: EUR 2,000,000,     INTEREST.RATE: 10,     MATURITY DATE: 20031223</p>
            <p />
            <p />
            <p />
            <p />
            <p />
            <p />
            <p />
            <p />
            <p />
            <p />
            <p />
            <p />
            <p />
            <p />
            <p />
            <p />
            <p />
            <p />
            <p />
            <p />
            <p />
            <p />
            <p />
            <p />
            <p />
            <p />
            <p />
            <p />
            <p />
            <p />
            <p />
            <p />
            <p />
            <p />
            <p />
            <p />
            <p />
            <p />
            <p />
            <p />
            <p />
            <p />
            <p />
            <p />
            <p />
            <p />
            <p />
            <p />
            <p />
            <p />
            <p />
            <p />
            <p />
            <p />
            <p />
            <p />
            <p />
            <p />
            <p />
            <p />
            <p />
            <p />
            <p />
            <p />
            <p />
            <p />
            <p>    BNK</p>
            <p />
            <p />
            <p />
            <p />
            <p />
            <p />
            <p />
            <p />
            <p />
            <p />
            <p />
            <p />
            <p />
            <p />
            <p />
            <p />
            <p />
            <p />
            <p />
            <p />
            <p />
            <p />
            <p />
            <p />
            <p />
            <p />
            <p />
            <p />
            <p />
            <p />
            <p />
            <p />
            <p />
            <p />
            <p />
            <p />
            <p />
            <p>
                <p>Validation Rules:</p>
            </p>
            <p />
            <p>    Valid values are YES, NO or Null.</p>
        </desc>
</t>
<t>
<field>HVL.APP</field>
<desc>
            <p>For environments which have high volume low value transactions in either Funds Transfer or Teller applications it is possible to switch of the generation of the PM.TRAN.ACTIVITY and PM.DRILL.DOWN records.</p>
            <p />
            <p> Enquiries for high volume modules will not be able to drill down to the transaction level detail.</p>
            <p />
            <p> This field is used to control this functionality, valid options;</p>
            <p> • Null</p>
            <p> • FT</p>
            <p> • TT</p>
            <p />
        </desc>
</t>
<t>
<field>FX.SW</field>
<desc>
            <p>This field contains the position CLASS that is associated wit Forex SW/FW deals that have REVALUATION type equal to "IN" or "SL"</p>
            <p>
                <p>Validation Rules:</p>
            </p>
            <p>    5, type 'AA'. (Optional)</p>
            <p>    Must be a valid record on PM.POSN.CLASS.</p>
        </desc>
</t>
<t>
<field>LMM.R3</field>
<desc>
            <p>This field is reserved for future use.</p>
            <p>
                <p>Validation Rules:</p>
            </p>
            <p>    No input.</p>
        </desc>
</t>
<t>
<field>R7</field>
<desc>
            <p>This field is reserved for future use.</p>
            <p>
                <p>Validation Rules:</p>
            </p>
            <p>    No input.</p>
        </desc>
</t>
<t>
<field>FRA.TRADE.GAP</field>
<desc>
            <p>This field indicates whether GAP activies are generated for TRADE type FRA deals. GAP activites are always generated for HEDGE type trades.</p>
            <p>
                <p>Validation Rules:</p>
            </p>
            <p>    YES indicates that GAP activities are generated for TRADE type deals, NO or blank indicates that GAP activities are not generated.</p>
            <p />
        </desc>
</t>
<t>
<field>ENQ.NEG.SIGN</field>
<desc>
            <p>
                <p>Validation Rules:</p>
            </p>
            <p>    Mandatory input.</p>
            <p>    A maximum of 12 characters may be entered.</p>
            <p>    The following values are permitted:       PLACINGS      TAKINGS</p>
        </desc>
</t>
<t>
<field>PROC.CODE</field>
<desc>
            <p>This is the processing code for the application defined in previous field.</p>
            <p>    For applications not linked to PM through generic interface</p>
            <p>    1. NAU if set means that only the following PM.TRAN.ACTIVITY records will be regenerated in the COB</p>
            <p>    those with a value date falling within the COB processing period</p>
            <p>    those where the TRAN.PROC.DTL date falls within the COB processing period</p>
            <p>    2.  CA means that all PM.TRAN.ACTIVITY records will be regenerated.</p>
            <p>    FX records will always be re generated as the local equivalents need to be revalued.</p>
            <p>    The reason for the above is to try and improve performance in a T24 non stop environment.</p>
            <p>    NAU setting should be quicker as not as many records will be regenerated. An example would be PM.TRAN.ACTIVITY records with a large number of weekly or monthly schedules. If NAU is set then these types of records would only be processed when a value date is due. The disadvantage is that account (CAS) type activities would not be recalcualted on a daily basis so if an acount balance changes the interest key  would only be recalculated on the next due date. The setting basically depends on the type of enquiries being used.</p>
            <p>    3. For interface using generic PM the parameters defined in the application</p>
            <p>    PM.APPL.SELECTION</p>
            <p>    would further determine the maintenance of</p>
            <p>    PM.TRAN.ACTIVITY</p>
            <p>    records during batch processing</p>
            <p>
                <p>Validation Rules:</p>
            </p>
            <p />
            <p>    1 - 3 characters, type 'A'. (Optional.) (Associated multivalue with field     1.1).</p>
            <p>    Must be 'CA' or 'NAU'.</p>
        </desc>
</t>
<t>
<field>FX.PRIN.ST</field>
<desc>
            <p>This field contains the position class that is associated with Forex FW deals that have REVALUATION type of 'IH'. It represents the position class for the start activity.</p>
            <p>    This activity is for the Notional Amounts involved in an FX           deal at the associated Spot date.</p>
            <p>
                <p>Validation Rules:</p>
            </p>
            <p>    5 Characters, Type 'AA'. (Optional)</p>
        </desc>
</t>
<t>
<field>FX.FOREX</field>
<desc>
            <p>This field contains the position class that is associated with FX spot and Swap/Forward deals done under the rebate method.</p>
            <p>
                <p>Validation Rules:</p>
            </p>
            <p>    5 characters, type 'AA'.</p>
            <p>    Must be a valid record on PM.POSN.CLASS.</p>
        </desc>
</t>
<t>
<field>FX.INT.SW.MAT</field>
<desc>
            <p>This field contains the position CLASS that is associated with Forex SW/FW deals that have REVALUATION type of 'SL' or 'IN'.  It represents the position class for the maturity activity.</p>
            <p>    This is the start activity POSN CLASS for FX interest swaps.</p>
            <p>
                <p>Validation Rules:</p>
            </p>
            <p>    5 characters, Type 'AA'. (Optional)</p>
            <p>    Must be a valid record on PM POSN CLASS.</p>
            <p>    Must be present if FX.INT.SW.ST. is present.</p>
            <p>    Must not be present if FX.INT.Sw.ST is not present.</p>
        </desc>
</t>
<t>
<field>FX.GAP.PRIN.ST</field>
<desc>
            <p>This field is obsolete at 14.2.0</p>
            <p>    This field contained the position class that is associated with Forex FW deals that have REVALUATION type of 'IH'. It represents the position class for the START activity to be used in the GAP analysis.</p>
            <p>
                <p>Validation Rules:</p>
            </p>
            <p>    Obsolete</p>
        </desc>
</t>
<t>
<field>MM.ROW</field>
<desc>
            <p>For internal use only.</p>
            <p>
                <p>Validation Rules:</p>
            </p>
            <p>    1 - 3 numeric characters. Value "50"</p>
        </desc>
</t>
<t>
<field>PM.PARAMETER.ID</field>
<desc>
            <p>This is the key to PM.PARAMETER FILE.</p>
            <p>    PM.PARAMETER is used to specify the various parameters used by position management.</p>
            <p>
                <p>Validation Rules:</p>
            </p>
            <p>    6 Characters. -      (i) Must be SYSTEM.</p>
        </desc>
</t>
<t>
<field>LMM.CAT</field>
<desc>
            <p>This field contains the CATEGORY that is related to a specific POSN CLASS.</p>
            <p />
            <p />
            <p>    1.        This field could contain either a single CATEGORY, or a           range of CATEGORY seperated by a ','.</p>
            <p>    2.        This allows the POSN CLASS to be generated for different           categories.</p>
            <p>
                <p>Validation Rules:</p>
            </p>
            <p>    1 - 11 characters, type 'A'. (Optional) (Multivalue associated with fields 19.1 to 21.1)</p>
            <p>    Must be a valid CATEGORY record.</p>
        </desc>
</t>
<t>
<field>FX.ROW</field>
<desc>
            <p>For internal use only.</p>
            <p />
            <p>
                <p>Validation Rules:</p>
            </p>
            <p>    1 - 3 numeric Characters Value  = "50"</p>
        </desc>
</t>
<t>
<field>LMM.ONITE.GAP.MAT</field>
<desc>
            <p>This field contains the maturity POSN CLASS for Overnight (one day) money.</p>
            <p>    1. This is the POSN CLASS for the maturity activity.</p>
            <p>    2. If this is specified, for any one day money, it takes precedence over the position class defined in LMM GAP MAT.</p>
            <p>
                <p>Validation Rules:</p>
            </p>
            <p />
            <p />
            <p />
            <p />
            <p />
            <p />
            <p />
            <p />
            <p />
            <p />
            <p />
            <p />
        </desc>
</t>
<t>
<field>R6</field>
<desc>
            <p>This field is reserved for future use.</p>
            <p>
                <p>Validation Rules:</p>
            </p>
            <p>    No input.</p>
        </desc>
</t>
<t>
<field>R3</field>
<desc>
            <p>This field is reserved for future use.</p>
            <p>
                <p>Validation Rules:</p>
            </p>
            <p>    No input.</p>
        </desc>
</t>
<t>
<field>FX.OPT.AVAIL.CLS</field>
<desc>
            <p>PM Class for the unused element of FOREX multi-option deal.</p>
            <p>
                <p>Validation Rules:</p>
            </p>
            <p>    5 Characters of the type 'AA' Must exist on the PM.POSN.CLASS file</p>
        </desc>
</t>
<t>
<field>LMM.ONITE.GAP.ST</field>
<desc>
            <p>This field contains the start POSN CLASS for Overnight (one day) money.</p>
            <p>    1. This is the POSN CLASS for the start activity.</p>
            <p>    2. If this is specified, for any one day money, it takes precedence over the position class defined in LMM GAP ST.</p>
            <p>
                <p>Validation Rules:</p>
            </p>
            <p />
            <p />
            <p />
            <p />
            <p />
            <p />
            <p />
            <p />
            <p />
        </desc>
</t>
<t>
<field>APPLN</field>
<desc>
            <p>Application  whose PM records need to be maintained during batch processing.</p>
            <p>
                <p>Validation Rules:</p>
            </p>
            <p />
            <p>    Should be  ID of  a valid application   in      PGM.FILE.</p>
            <p>    For applications in  modules other than those linked to PM  through generic interface</p>
            <p>    (i.e.     Applications in modules other than</p>
            <p>    DC, FR, FT, FX, LD, MM, ND, PD, SC, SW, TT</p>
            <p>    )</p>
            <p>    Cannot have duplicate values.</p>
            <p />
        </desc>
</t>
<t>
<field>APPLN.INC</field>
<desc>
            <p>This is a multi valued field.</p>
            <p>
                <p>Validation Rules:</p>
            </p>
            <p />
            <p>    System updated field through the application PM.UPDATE.APPL.</p>
            <p>    ID of  a valid T24 product.</p>
        </desc>
</t>
<t>
<field>BUILD.LCY.POSN</field>
<desc>
            <p>Introduced in Release G14.1</p>
            <p>    Specifies  whether a FXP Position needs to be generated in PM.TRAN.ACTIVITY for the Local Currency, when a transaction involving a Foreign Currency and a Local Currency is input in the Applications FT, TT and DC.</p>
            <p />
            <p>    If this parameter is set to YES, data related to FXP Position class  FTFFT or  TTFXP (depending on the Parameterization in PM.PC.PARAM) would be respectively  updated in PM.TRAN.ACTIVITY, for Local Currency movement also, when a Transaction involving a Foreign and Local Currency is  input in the Applications FT and TT.</p>
            <p />
            <p>    If this parameter is set to YES, data related to FXP Position class DCFDC (depending on the Parameterization in PM.PC.PARAM) would be updated in PM.TRAN.ACTIVITY for Local Currency movement also, when a Foreign Currency Transaction</p>
            <p>    is input in the Application DC.</p>
            <p />
            <p>    In this parameter is set to NO or Null,  then in the above specified cases  the FXP type Position class data  would be generated only for Foreign Currency movement.</p>
            <p>
                <p>Validation Rules:</p>
            </p>
            <p />
            <p>    Valid values are YES, NO or Null.</p>
            <p>    NO and Null are equivalent.</p>
        </desc>
</t>
<t>
<field>COL</field>
<desc>
            <p>For internal use only.</p>
            <p>
                <p>Validation Rules:</p>
            </p>
            <p>    2 Numeric Characters. Value = 22</p>
        </desc>
</t>
</menu>
</t24help>

