<?xml version="1.0" encoding="utf-8"?>
<t24help>
<header>
<product>PM</product>
<table>PM.POSN.TYPE</table>
</header>
<overview>
<ovdesc>

            <p>This application is used to define a series of generic position types, i.e. they are not application specific. PM.PC.PARAM is used to define the actual position types for specific applications. This application is new to G7, and in this release the PD (payment due) module is the only application using this method of defining position activities. </p>
        </ovdesc>
<ovimage></ovimage>
</overview>
<menu>
<t>
<field>RESERVE.3</field>
<desc>
            <p>Standard T24 numeric field. </p>
            <p>
                <p>Validation Rules:</p>
            </p>
            <p />
            <p>A maximum of 1 characters may be entered.</p>
            <p>This is a NOINPUT field.</p>
        </desc>
</t>
<t>
<field>RESERVE.4</field>
<desc>
            <p>Standard T24 numeric field. </p>
            <p>
                <p>Validation Rules:</p>
            </p>
            <p />
            <p>A maximum of 1 characters may be entered.</p>
            <p>This is a NOINPUT field.</p>
        </desc>
</t>
<t>
<field>RESERVE.1</field>
<desc>
            <p>Standard T24 numeric field. </p>
            <p>
                <p>Validation Rules:</p>
            </p>
            <p />
            <p>A maximum of 1 characters may be entered.</p>
            <p>This is a NOINPUT field.</p>
        </desc>
</t>
<t>
<field>RESERVE.7</field>
<desc>
            <p>Standard T24 numeric field. </p>
            <p>
                <p>Validation Rules:</p>
            </p>
            <p />
            <p>A maximum of 1 characters may be entered.</p>
            <p>This is a NOINPUT field.</p>
        </desc>
</t>
<t>
<field>RESERVE.10</field>
<desc>
            <p>Standard T24 numeric field. </p>
            <p>
                <p>Validation Rules:</p>
            </p>
            <p />
            <p>A maximum of 1 characters may be entered.</p>
            <p>This is a NOINPUT field.</p>
        </desc>
</t>
<t>
<field>RESERVE.9</field>
<desc>
            <p>Standard T24 numeric field. </p>
            <p>
                <p>Validation Rules:</p>
            </p>
            <p />
            <p>A maximum of 1 characters may be entered.</p>
            <p>This is a NOINPUT field.</p>
        </desc>
</t>
<t>
<field>RESERVE.5</field>
<desc>
            <p>Standard T24 numeric field. </p>
            <p>
                <p>Validation Rules:</p>
            </p>
            <p />
            <p>A maximum of 1 characters may be entered.</p>
            <p>This is a NOINPUT field.</p>
        </desc>
</t>
<t>
<field>RESERVE.8</field>
<desc>
            <p>Standard T24 numeric field. </p>
            <p>
                <p>Validation Rules:</p>
            </p>
            <p />
            <p>A maximum of 1 characters may be entered.</p>
            <p>This is a NOINPUT field.</p>
        </desc>
</t>
<t>
<field>RESERVE.6</field>
<desc>
            <p>Standard T24 numeric field. </p>
            <p>
                <p>Validation Rules:</p>
            </p>
            <p />
            <p>A maximum of 1 characters may be entered.</p>
            <p>This is a NOINPUT field.</p>
        </desc>
</t>
<t>
<field>RESERVE.2</field>
<desc>
            <p>Standard T24 numeric field. </p>
            <p>
                <p>Validation Rules:</p>
            </p>
            <p />
            <p>A maximum of 1 characters may be entered.</p>
            <p>This is a NOINPUT field.</p>
        </desc>
</t>
<t>
<field>DESCRIPTION</field>
<desc>
            <p>Describes the generic POSN.TYPE,  (used as enrichment) </p>
            <p>
                <p>Validation Rules:</p>
            </p>
            <p>30 character multivalue language field</p>
        </desc>
</t>
<t>
<field>LOCAL.REF</field>
<desc>
            <p>This is a multi valued field. Standard T24 alphanumeric field. </p>
            <p>
                <p>Validation Rules:</p>
            </p>
            <p>A maximum of 1 characters may be entered.</p>
        </desc>
</t>
<t>
<field>POSN.TYPE</field>
<desc>
            <p>Defines a generic position type. e.g. PAM Principal At Maturity      IAM Interest At Maturity </p>
            <p>
                <p>Validation Rules:</p>
            </p>
            <p>3 character Alphabetic</p>
        </desc>
</t>
</menu>
</t24help>

