<?xml version="1.0" encoding="utf-8"?>
<t24help>
<header>
<product>PM</product>
<table>PM.POSN.REFERENCE</table>
</header>
<overview>
<ovdesc>

            <p>'PM.POSN.REFERENCE' is used to group activities from 'PM.POSN.CLASS' into positions. </p>
            <p>           Typical positions which will be built by the user refer to the: </p>
            <p>           o         GAP Position :      to monitor the interest rate                               exposure. </p>
            <p>           o         CASH Position:      to monitor the cash-flow and                               liquidity exposure. </p>
            <p>           o         FX Position  :      to monitor the currency                               exposure. </p>
            <p />
            <p>        Individual PM enquiry settings are controlled via the PM.ENQ.PARAM application </p>
        </ovdesc>
<ovimage></ovimage>
</overview>
<menu>
<t>
<field>R28</field>
<desc>
            <p>This field is reserved for future use. </p>
            <p>
                <p>Validation Rules:</p>
            </p>
            <p>           (No input.).</p>
        </desc>
</t>
<t>
<field>R6</field>
<desc>
            <p>This field is reserved for future use. </p>
            <p>
                <p>Validation Rules:</p>
            </p>
            <p>           (No input).</p>
        </desc>
</t>
<t>
<field>R29</field>
<desc>
            <p>This field is reserved for future use. </p>
            <p>
                <p>Validation Rules:</p>
            </p>
            <p>           (No input.).</p>
        </desc>
</t>
<t>
<field>R3</field>
<desc>
            <p>This field is reserved for future use. </p>
            <p>
                <p>Validation Rules:</p>
            </p>
            <p>           (No input.).</p>
        </desc>
</t>
<t>
<field>GRP.ABBR</field>
<desc>
            <p> This field is no longer used in PM but it the the lead field in a multi valued set which includes the DLR.DSK.GRP used in PM.REPORTS.</p>
            <p />
            <p> 2 character alpha field </p>
        </desc>
</t>
<t>
<field>R22</field>
<desc>
            <p>This field is reserved for future use. </p>
            <p>
                <p>Validation Rules:</p>
            </p>
            <p>           (No input.).</p>
        </desc>
</t>
<t>
<field>R12</field>
<desc>
            <p>This field is reserved for future use. </p>
            <p>
                <p>Validation Rules:</p>
            </p>
            <p>           (No input.).</p>
        </desc>
</t>
<t>
<field>R25</field>
<desc>
            <p>This field is reserved for future use. </p>
            <p>
                <p>Validation Rules:</p>
            </p>
            <p>           (No input.).</p>
        </desc>
</t>
<t>
<field>POSN.CLASS</field>
<desc>
            <p>This contains the POSN CLASS's that are to be included for the position. </p>
            <p>           (i) The basic building block for a position is                 activities.  Activities are generated from deals.                 Each activity contains a POSN CLASS.            (ii) By including these POSN.CLASS's, the position is                 created. </p>
            <p>
                <p>Validation Rules:</p>
            </p>
            <p>           5 characters type AA. (Mandatory). (Multivalue).</p>
            <p>           Must be a valid record on POSN.CLASS file.</p>
            <p>           No duplicates.</p>
        </desc>
</t>
<t>
<field>R19</field>
<desc>
            <p>This field is reserved for future use. </p>
            <p>
                <p>Validation Rules:</p>
            </p>
            <p>           (No input.).</p>
        </desc>
</t>
<t>
<field>SHORT.NAME</field>
<desc>
            <p>This is the short name of the POSN. REFERENCE. </p>
            <p>
                <p>Validation Rules:</p>
            </p>
            <p>           1 to 10 characters type AA. (Mandatory).</p>
        </desc>
</t>
<t>
<field>R23</field>
<desc>
            <p>This field is reserved for future use. </p>
            <p>
                <p>Validation Rules:</p>
            </p>
            <p>           (No input.).</p>
        </desc>
</t>
<t>
<field>POSN.REF.ID</field>
<desc>
            <p>This key identifies a type of position which the user wants to build. </p>
            <p>           Typical positions will be built by the user to control his currency exposure, interest exposure, liquidity exposure etc. </p>
            <p>           In the standard release, these are the following 3 predefined positions: </p>
            <p>                     - CAS = Cash-flow Position           - FXP = Currency Position           - GAP = Interest Mismatch Position. </p>
            <p>           The enquiries are built around these keys. </p>
            <p>
                <p>Validation Rules:</p>
            </p>
            <p>           2 to 3 characters type AA.</p>
        </desc>
</t>
<t>
<field>R20</field>
<desc>
            <p>This field is reserved for future use. </p>
            <p>
                <p>Validation Rules:</p>
            </p>
            <p>           (No input.).</p>
        </desc>
</t>
<t>
<field>R27</field>
<desc>
            <p>This field is reserved for future use. </p>
            <p>
                <p>Validation Rules:</p>
            </p>
            <p>           (No input.).</p>
        </desc>
</t>
<t>
<field>R8</field>
<desc>
            <p>This is reserved for future use. </p>
            <p>
                <p>Validation Rules:</p>
            </p>
            <p>           (No input).</p>
        </desc>
</t>
<t>
<field>R24</field>
<desc>
            <p>This field is reserved for future use. </p>
            <p>
                <p>Validation Rules:</p>
            </p>
            <p>           (No input.).</p>
        </desc>
</t>
<t>
<field>R18</field>
<desc>
            <p>This field is reserved for future use. </p>
            <p>
                <p>Validation Rules:</p>
            </p>
            <p>           (No input.).</p>
        </desc>
</t>
<t>
<field>R9</field>
<desc>
            <p>This field is reserved for future use. </p>
            <p>
                <p>Validation Rules:</p>
            </p>
            <p>           (No input.).</p>
        </desc>
</t>
<t>
<field>R11</field>
<desc>
            <p> This field is reserved for future use. </p>
            <p>
                <p>Validation Rules:</p>
            </p>
            <p>           (No input.).</p>
        </desc>
</t>
<t>
<field>GRP.DESC</field>
<desc>
            <p>  The description of the group.</p>
            <p />
            <p>      (1) 1 to 35 characters, type A.</p>
            <p>          (Optional).</p>
            <p>          (Multivalue associated with field 14.1 and fields 16.1 to</p>
            <p>          28.1.1).</p>
        </desc>
</t>
<t>
<field>R26</field>
<desc>
            <p>This field is reserved for future use. </p>
            <p>
                <p>Validation Rules:</p>
            </p>
            <p>           (No input.).</p>
        </desc>
</t>
<t>
<field>R4</field>
<desc>
            <p>This field is reserved for future use. </p>
            <p>
                <p>Validation Rules:</p>
            </p>
            <p>           (No input).</p>
        </desc>
</t>
<t>
<field>R5</field>
<desc>
            <p>This field is reserved for future use. </p>
            <p>
                <p>Validation Rules:</p>
            </p>
            <p>           (No input).</p>
        </desc>
</t>
<t>
<field>R13</field>
<desc>
            <p>This field is reserved for future use. </p>
            <p>
                <p>Validation Rules:</p>
            </p>
            <p>           (No input.).</p>
        </desc>
</t>
<t>
<field>R21</field>
<desc>
            <p>This field is reserved for future use. </p>
            <p>
                <p>Validation Rules:</p>
            </p>
            <p>           (No input.).</p>
        </desc>
</t>
<t>
<field>CALENDAR</field>
<desc>
            <p>Indicates the default calendar that is used for this position. The calendar required for enquiries is set up in PM.ENQ.PARAM. This calendar will be used by the own book Securities PM rotuiens to defined the defualt maturity date for SC activities. </p>
            <p>
                <p>Validation Rules:</p>
            </p>
            <p>           5 characters, type AA. (Optional).</p>
            <p>           If it is input, it must be a valid record in 'PM.CALENDAR' file.</p>
        </desc>
</t>
<t>
<field>CCY.MKT.GRP</field>
<desc>
            <p> This is used to indicate the relevant currency markets that</p>
            <p>  are to be included for the GRP.ABBR.</p>
            <p>  __________________________________________________</p>
            <p />
            <p>     (1) 1 to 5 characters, type 'A'.</p>
            <p>         (Mandatory).</p>
            <p>         (Multivalue associated with fields 14.1, 15.1, and fields</p>
            <p>         17.1 to 28.1.1).</p>
            <p />
            <p>     (2) It must be a valid record on PM.GRP field with</p>
            <p>         APPLICATION = CURRENCY.MARKET, or it must</p>
            <p>         be a valid record on CURRENCY.MARKET file.</p>
        </desc>
</t>
<t>
<field>DESCRIPTION</field>
<desc>
            <p>This is the description of POSN.REFERENCE. </p>
            <p>
                <p>Validation Rules:</p>
            </p>
            <p>           Up to 4 * 35 characters, type A. (Optional). (Multivalue).</p>
        </desc>
</t>
<t>
<field>DLR.DSK.GRP</field>
<desc>
            <p> This is used to indicate the relevant dealer desks that are to be included for the GRP.ABBR.</p>
            <p> These dealer desk group are used in the PM.REPORTS application to define dealer desk groups to appear in the relevant PM.REPORT</p>
            <p />
            <p>     (1) 2 to 5 characters, type A.</p>
            <p>         (Mandatory).</p>
            <p>         (Multivalue associated with fields 14.1 to 16.1 and fields</p>
            <p>         18.1 to 28.1.1).</p>
            <p />
            <p>     (2) It must be a valid record on PM.GRP with</p>
            <p>         APPLICATION = DEALER DESK, or it must be a</p>
            <p>         valid record on DEALER.DESK.</p>
        </desc>
</t>
</menu>
</t24help>

