<?xml version="1.0" encoding="utf-8"?>
<t24help>
<header>
<product>PM</product>
<table>PM.SC.PARAM</table>
</header>
<overview>
<ovdesc>

            <p>                      PM.SC.PARAM </p>
            <p />
            <p>This table allows the user to define the parameters governing the rules for the handling of the cash accounts (Securities application) in the Position Management module. </p>
            <p>It is necessary to specify these parameters by overall type of position as defined in the table 'PM.POSN.REFERENCE' (Gap, Cash-flow etc...). </p>
        </ovdesc>
<ovimage></ovimage>
</overview>
<menu>
<t>
<field>OVERNIGHT.PROC</field>
<desc>
            <p>Specifies whether the positions should be recorded on a per day basis or as a net position. </p>
            <p>For a Trading portfolio the positions can be raised either according to the value date of each forward position or just for the net position. </p>
            <p>
                <p>Validation Rules:</p>
            </p>
            <p>Upto 5 characters Mandatory input for Trading Portfolio, not allowed for an Investment Portfolio. Multivalue field associated with fields 3.1 to 5.1 and 7.1 to 13.1.</p>
            <p>For a Trading Portfolio must be either DAILY or NET.</p>
            <p>For an Investment Portfolio must be left blank.</p>
        </desc>
</t>
<t>
<field>R7</field>
<desc>
            <p>Reserved for future use. </p>
            <p />
        </desc>
</t>
<t>
<field>R6</field>
<desc>
            <p>Reserved for future use. </p>
            <p />
        </desc>
</t>
<t>
<field>PORTFOLIO.ID</field>
<desc>
            <p>Specifies the specific portfolio which is to be considered, using the conditions defined in fields 7.1 - 10.1. </p>
            <p>
                <p>Validation Rules:</p>
            </p>
            <p>1-10 alphanumeric characters Mandatory input Multivalue field associated with fields 4.1 to 13.1.</p>
            <p>must be a valid SEC.ACC.MASTER id.</p>
        </desc>
</t>
<t>
<field>PORTFOLIO.TYPE</field>
<desc>
            <p>Specifies the type of portfolio which the corresponding id number is to be considered as. </p>
            <p>
                <p>Validation Rules:</p>
            </p>
            <p>1-10 characters Mandatory input. Multivalue field associated with fields 3.1 and 5.1 to 13.1.</p>
            <p>must be either TRADING or INVESTMENT.</p>
        </desc>
</t>
<t>
<field>INT.GAP.YTM</field>
<desc>
            <p>Allows the user to define the current price valuation to be against the redemption price and yield. </p>
            <p>
                <p>Validation Rules:</p>
            </p>
            <p>1 Alphanumeric character Y or N Mandatory input Default 'N' Multivalue field associated with fields 3.1 to 9.1 and 11.1 to 13.1 and subvalued associated with fields 7.1.1. to 9.1.1 and 11.1.1.</p>
            <p>'Y' is only allowed for Investment Portfolio Bonds.</p>
        </desc>
</t>
<t>
<field>PERIOD.ID</field>
<desc>
            <p>Specifies the date/period to which the user wants to apply the movement/activity. </p>
            <p>
                <p>Validation Rules:</p>
            </p>
            <p>1-10 characters Mandatory input. Multivalue field associated with fields 3.1 to 7.1 and 9.1 to 13.1. and Subvalue 7.1.1 and 9.1.1. to 11.1.1.</p>
            <p>Must correspond to a valid period on the table 'PM.CALENDAR', or be equal to MAT for the maturity of the security.</p>
        </desc>
</t>
<t>
<field>POSITION.ID</field>
<desc>
            <p>Indicates the 'ID' of the record i.e. the position ID (Gap, cash etc..) for which the user wants to define the parameters applicable for the handling of the account balances in this type of position. </p>
            <p>It is anticipated that there will be only two records on this file.  One for the cash position with a key of CAS and one for the interest mismatch with a key of GAP. </p>
            <p>
                <p>Validation Rules:</p>
            </p>
            <p>3 alphanumeric characters. the ID must exist on the table 'PM.POSN.REFERENCE'.</p>
        </desc>
</t>
<t>
<field>SHORT.NAME</field>
<desc>
            <p>Multi-language field allowing the user to specify a short description for the record they create. </p>
            <p>
                <p>Validation Rules:</p>
            </p>
            <p>1-20 alphanumeric characters. Mandatory input. No default value.</p>
        </desc>
</t>
<t>
<field>R2</field>
<desc>
            <p>Reserved for future use. </p>
        </desc>
</t>
<t>
<field>ASSET.TYPE</field>
<desc>
            <p>Specifies the type of security to be considered under the aforementioned Portfolio.  This may be general e.g. BONDS or SHARES or more specific e.g. U.K. GILTS. </p>
            <p>
                <p>Validation Rules:</p>
            </p>
            <p>1-10 Alphanumeric characters Mandatory input No default value Multivalue field associated with fields 3.1 to 6.1 and 8.1 to 13.1. Sub multivalue field associated with fields 8.1.1. to 11.1.1.</p>
            <p>Must either be 'B'ond, 'S'hare,  or a valid id on the ASSET.TYPE TABLE.</p>
        </desc>
</t>
<t>
<field>DEFAULT.INT</field>
<desc>
            <p>Allows the user to define a Default rate to be applied to shares within a Portfolio. </p>
            <p>
                <p>Validation Rules:</p>
            </p>
            <p>Up to 11 numeric characters Multi value field associated with fields 3.1 to 10.1 and 12.1 to 13.1 and subvalued associated 7.1.1 to 10.1.1</p>
            <p>Required fo shares</p>
            <p>Not allowed for Bonds</p>
        </desc>
</t>
<t>
<field>DEFAULT.MAT</field>
<desc>
            <p>Allows the user to give a default maturity date, to be used when MAT is entered into Field 8.1.1. and no maturity date is available on the SEC ACCOUNT MASTER. </p>
            <p>
                <p>Validation Rules:</p>
            </p>
            <p>Up to 11 characters date format YYYYMMDD Mandatory input for Investment Portfolio not allowed for Trading. No default value Multivalue field associated with fields 3.1 to 8.1 and 10.1 to 13.1. and Subvalue 7.1.1 to 8.1.1 and 10.1.1. to 11.1.1.</p>
        </desc>
</t>
<t>
<field>DESCRIPTION</field>
<desc>
            <p>Multi-language field allowing the user to specify a long description for the record they create. </p>
            <p>
                <p>Validation Rules:</p>
            </p>
            <p>1-35 alphanumeric characters. Mandatory input.</p>
        </desc>
</t>


<t>
<field>INCL.REDEEM.PRI</field>
     <desc>
       <p>Provides an option for the usage of  the field  Redeem Price in SECURITY.MASTER in  Position Management projections .</p>
       <p> with regard to the following on account of a bond.</p>
           <p>1.The maturity Value of a Bond in Cash Flow Report.</p>
           <p>2.Calculation to derive Yield to Maturity (YTM) Rate shown in Interest Rate Gap report.</p>
       <p>The redeem price will be considered only for Investment portfolios of a  bond provided the field INT.YTM.GAP in PM.SC.PARAM is set to.</p>
       <p>a) No for CAS record.</p>
       <p>b) Yes for GAP record.</p>
       <p>
          <p>Validation Rules:</p>
          <p>Allowed values are YES, NO, NULL. </p>
       </p>
      <p>
      <p>When set to YES, the  maturity cash flow and Yield to maturity for Interest rate Gap will be arrived by considering the Redeem Price.</p>
      <p>When set to NO, the redemption price is always considered same as the face value of the bond. </p>
     </p>
    </desc>
</t>


<t>
<field>BOND.YTM.GAP</field>
     <desc>
      <p>This field holds the name of the user exit routine  that can be triggered during close of business, to amend the values calculated by the CORE position management system for transactions from the SEC.TRADE application. This subroutine  needs to have the following arguments,</p>

<p>Incoming Arguments :</p>

 <p>R.STP -a dynamic array holding the SC.TRADING.POSITION record.</p>
 <p>PM.USR.POSN.CLASS - holds the name of position class in position PM.MA.POSN.CLASS.</p>

<p> Outgoing Arguments :</p>

 <p>PM.USR.POSN.CLASS - Information about position class.</p>
<p>PROCESSED - a flag to indicate whether the user exit routine has manipulated the YTM and amount. </p>
<p>RESERVED.1  -  to be passed as Null.</p>
<p>RESERVED.2  -  to be passed as Null.</p>

 <p>PM.USR.POSN.CLASS needs to be a dynamic array holding the following structure. </p> 
                                 
           <p>PM.USR.POSN.CLASS&lt;1, PM.MA.ASST.LIAB.CD&gt; - to be passed as Null.</p>
           <p>PM.USR.POSN.CLASS &lt;1, PM.MA.POSN.CLASS&gt; - Name of Position Class.</p>
            <p>PM.USR.POSN.CLASS &lt;1, PM.MA.CCY.AMT&gt;- Acquired Amount. </p>
            <p>PM.USR.POSN.CLASS&lt;1, PM.MA.RATE&gt; - Yield to Maturity rate.</p>
             <p>PM.USR.POSN.CLASS &lt;1, PM.MA.VALUE.DATE&gt; - to be passed as Null.</p>




 <p>The details such as rate and amount that is updated in PM.TRAN.ACTIVITY  / PM.DLY.POSN.CLASS can be modified as per the requirement of the bank.</p>

<p>For example: The user exit routine modifies the Amount and rate for SCGSM by fetching the details from SC.TRADING.POSITION. The rate is the Yield to Maturity, which is referred from V.DATED.YLD.TO.MAT and amount is the acquired cost which is obtained by adding AMORTISED.AMOUNT with V.DATE.COST.OF.POS. 
The formed Position Classes and its details are returned to the calling routine. The calling routine modifies the built position classes with the values returned from the user exit routine based on the PROCESSED argument and the position management files PM.TRAN.ACTIVITY , PM.DLY.POSN.CLASS are built accordingly. The calling routines ignores the  values returned from the user exit routine  when PROCESSED argument is returned as null.</p>


<p>Validation Rules:</p>
                  
<p>The routine name should contain a maximum of 25 characters and it should be a valid entry in EB.API application.</p> 


    </desc>
</t>


</menu>
</t24help>

