<?xml version="1.0" encoding="utf-8"?>
<t24help>
<header>
<product>PM</product>
<table>PM.SC.SHARE.RATES</table>
</header>
<overview>
<ovdesc>

            <p>                 PM.SC.SHARE.RATES </p>
            <p />
            <p>This is a file to contain Psuedo Share Interest rates for the recording of the Securities Gap position within Position Management. </p>
        </ovdesc>
<ovimage></ovimage>
</overview>
<menu>
<t>
<field>R3</field>
<desc>
            <p>Reserved for future use. </p>
        </desc>
</t>
<t>
<field>R2</field>
<desc>
            <p>Reserved for future use. </p>
        </desc>
</t>
<t>
<field>R4</field>
<desc>
            <p>Reserved for future use. </p>
        </desc>
</t>
<t>
<field>SHARERATE.ID</field>
<desc>
            <p>Indicates the 'ID' of the record in which the user wish to define the parameterised interest rates. </p>
            <p>
                <p>Validation Rules:</p>
            </p>
            <p>Upto 10 Alphanumeric characters. Must be a valid Security Master Key or a valid Sub Asset Type.</p>
        </desc>
</t>
<t>
<field>R5</field>
<desc>
            <p>Reserved for future use. </p>
        </desc>
</t>
<t>
<field>INT.RATE</field>
<desc>
            <p>Indicates the Psuedo Interest Rate which is to be applied to the Position for the Securities specified. </p>
            <p>
                <p>Validation Rules:</p>
            </p>
            <p>1-11 numeric characters. Mandatory input. Multi value field associated with fields 1.1 to 7.1</p>
        </desc>
</t>
<t>
<field>PORTFOLIO.TYPE</field>
<desc>
            <p>Specifies the type of portfolio for which the corresponding interest rate is to be applied. </p>
            <p>
                <p>Validation Rules:</p>
            </p>
            <p>1-10 characters. Mandatory input. Multi valued field associated with fields 2.1 to 7.1 Must be either 'TRADING' or 'INVESTMENT' Cannot be duplicated.</p>
        </desc>
</t>
<t>
<field>R1</field>
<desc>
            <p>Reserved for future use. </p>
        </desc>
</t>
</menu>
</t24help>

