<?xml version="1.0" encoding="utf-8"?>
<t24help>
<header>
<product>PM</product>
<table>PM.SC.PARAM.INV</table>
</header>
<overview>
<ovdesc>

        </ovdesc>
<ovimage></ovimage>
</overview>
<menu>
<t>
<field>PERIOD.ID</field>
<desc>
            <p>This is a multi valued field. Standard T24 alphanumeric field. </p>
            <p>
                <p>Validation Rules:</p>
            </p>
            <p>A maximum of 10 characters may be entered.</p>
        </desc>
</t>
<t>
<field>PORTFOLIO.TYPE</field>
<desc>
            <p>Standard T24 alphanumeric field. </p>
            <p>
                <p>Validation Rules:</p>
            </p>
            <p>A maximum of 10 characters may be entered.</p>
        </desc>
</t>
<t>
<field>R2</field>
<desc>
            <p>Fields ASSET.TYPE to R2 form a related multi value set. Standard T24 alphanumeric field. </p>
            <p>
                <p>Validation Rules:</p>
            </p>
            <p>A maximum of 1 characters may be entered.</p>
        </desc>
</t>
<t>
<field>R4</field>
<desc>
            <p>Standard T24 alphanumeric field. </p>
            <p>
                <p>Validation Rules:</p>
            </p>
            <p>A maximum of 1 characters may be entered.</p>
        </desc>
</t>
<t>
<field>POSN.CLASS</field>
<desc>
            <p>This is a multi valued field. Standard T24 alphanumeric field. </p>
            <p>
                <p>Validation Rules:</p>
            </p>
            <p>A maximum of 40 characters may be entered.</p>
        </desc>
</t>
<t>
<field>PORTFOLIO.NO</field>
<desc>
            <p>Standard T24 alphanumeric field. </p>
            <p>
                <p>Validation Rules:</p>
            </p>
            <p>Mandatory input.</p>
            <p>A maximum of 30 characters may be entered.</p>
        </desc>
</t>
<t>
<field>R1</field>
<desc>
            <p>This is a multi valued field. Standard T24 alphanumeric field. </p>
            <p>
                <p>Validation Rules:</p>
            </p>
            <p>A maximum of 1 characters may be entered.</p>
        </desc>
</t>
<t>
<field>ASSET.TYPE</field>
<desc>
            <p>Fields ASSET.TYPE to R2 form a related multi value set. Standard T24 alphanumeric field. </p>
            <p>
                <p>Validation Rules:</p>
            </p>
            <p>Mandatory input.</p>
            <p>A maximum of 30 characters may be entered.</p>
        </desc>
</t>
<t>
<field>DEFAULT.MAT</field>
<desc>
            <p>This is a multi valued field. Standard T24 alphanumeric field. </p>
            <p>
                <p>Validation Rules:</p>
            </p>
            <p>A maximum of 8 characters may be entered.</p>
        </desc>
</t>
<t>
<field>INT.GAP.YTM</field>
<desc>
            <p>This is a multi valued field. Standard T24 alphanumeric field. </p>
            <p>
                <p>Validation Rules:</p>
            </p>
            <p>A maximum of 1 characters may be entered.</p>
        </desc>
</t>
<t>
<field>OVERNIGHT.PROC</field>
<desc>
            <p>Standard T24 alphanumeric field. </p>
            <p>
                <p>Validation Rules:</p>
            </p>
            <p>A maximum of 5 characters may be entered.</p>
        </desc>
</t>
</menu>
</t24help>

