<?xml version="1.0" encoding="utf-8"?>
<t24help>
<header>
<product>PM</product>
<table>PM.TRAN.ACTIVITY</table>
</header>
<overview>
<ovdesc>

            <p>OVERVIEW PM.TRAN.ACTIVITY </p>
            <p>This file contains for each transaction all the activities that are generated from deals.  Activities are the breakdowns of deals. </p>
            <p>Each activity relates to an entry defined on the file PM.POSN.CLASS. The various activities which exist for each application are explained in that same table. </p>
            <p>'L', 'P' and 'S' are the only permissible functions on this file. </p>
        </ovdesc>
<ovimage></ovimage>
</overview>
<menu>
<t>
<field>VALUE.DATE</field>
<desc>
            <p>Indicates the value date on which the activity takes place. </p>
            <p>On a Money Market transaction, for example: </p>
            <p>-         This field, for the value date activity, will contain the           value date from the deal. </p>
            <p>-         For the maturity activity, this field will contain the           maturity date from the deal. </p>
            <p>
                <p>Validation Rules:</p>
            </p>
            <p>8 characters, type 'D'. System generated field. (Multi-value associated with fields 1.1 to 4.1 and fields 6.1 to 17.1.)</p>
        </desc>
</t>
<t>
<field>TRAN.PROC.DETL</field>
<desc>
            <p>Indicates the date when the special processing must take place. </p>
            <p>This specifies the date when the action described in TRAN.PROC.CD should take place if TRAN.PROC.CD is 'CA' or 'LM'. If TRAN.PROC.CD is 'NE', this contains the deal-id of the Negotiated deal. </p>
            <p>
                <p>Validation Rules:</p>
            </p>
            <p>1 to 11 characters, type 'A'. (No input.) (Multi-value associated with field 18.1.)</p>
        </desc>
</t>
<t>
<field>EQUIV.AMT</field>
<desc>
            <p>This is the equivalent amount of the CCY.AMT </p>
            <p>Only applicable on foreign currency transactions. </p>
            <p>
                <p>Validation Rules:</p>
            </p>
            <p>1 to 14 characters, type 'AMT'. System generated field (Optional.) (Multi-value associated with fields 1.1 to 13.1.1 and fields 15.1 to 17.1)</p>
        </desc>
</t>
<t>
<field>CURRENCY.MARKET</field>
<desc>
            <p>Defines the currency market of the deal. For the applications such as TELLER, DRAWINGS, FT and DC, this field is defaulted with the value from the currency market of accounts used in the transactions input by these applications.</p>
            <p>The association of multi-value fields is done for each "activity" of the deal. </p>
            <p>
                <p>Validation Rules:</p>
            </p>
            <p>1 character, type ''. System generated field. (Multi-value associated with fields 2.1 to 17.1.)</p>
        </desc>
</t>
<t>
<field>MARGIN</field>
<desc>
            <p>Indicates the margin/spread attached to the interest key. </p>
            <p>Only applicable to contracts which are linked to an interest key. </p>
            <p>
                <p>Validation Rules:</p>
            </p>
            <p>1 to 12 characters, type 'A'. System generated field. (Optional.) (Multi-value associated with fields 1.1 to 11.1.1 and fields 13.1 to 17.1.)</p>
        </desc>
</t>
<t>
<field>RATE</field>
<desc>
            <p>Indicates either the exchange rate or the interest rate of the transaction. </p>
            <p>For Money Market and Loan transactions this field will contain the interest rate specified on the contract.  It will only be shown on Maturity principal activity and on the Interest activity. </p>
            <p>For MM and LD transactions done on a floating rate basis, this field will contain the amount value of the rate adjusted by the margin/spread. </p>
            <p>For Forex transactions, this field will specify the exchange rate for the base currency or the inverted rate for the non base currency. </p>
            <p>For Data Caputre and Funds Transfer, this field is not used. </p>
            <p>
                <p>Validation Rules:</p>
            </p>
            <p>1 to 10 characters, standard rate format. System generated field. (Multi-value associated with fields 1.1 to 9.1 and fields 11.1 to 17.1.)</p>
        </desc>
</t>
<t>
<field>INT.KEY</field>
<desc>
            <p>Indicates the associated movement is related to an interest condition group or table. </p>
            <p>Only applicable for contracts or associated draw down accounts which are linked to an interest group / table. </p>
            <p>
                <p>Validation Rules:</p>
            </p>
            <p>Alpha numeric characters. System generated field. (Optional.) (Multi-value associated with fields 1.1 to 10.1.1 and 12.1 to 17.1)</p>
        </desc>
</t>
<t>
<field>POSN.CLASS</field>
<desc>
            <p>Indicates the position class assigned to each activity of the deal. </p>
            <p>Please refer to the help text for the PM.POSN.CLASS file for details of position class records. </p>
            <p>
                <p>Validation Rules:</p>
            </p>
            <p>5 characters, type 'A'. System generated field. (Multi-value associated with fields 1.1 to 6.1 and fields 8.1 to 17.1).</p>
        </desc>
</t>
<t>
<field>DEALER.DESK</field>
<desc>
            <p>Indicates the dealer desk of the deal. </p>
            <p>
                <p>Validation Rules:</p>
            </p>
            <p>2 characters, type ''. System generated deal. (Multi-value associated with field 1.1 and fields 3.1 to 17.1.)</p>
        </desc>
</t>
<t>
<field>TRAN.PROC.CD</field>
<desc>
            <p>This indicates special processing that may be required for all the activites of the deal. </p>
            <p>'CA' -Create Activity  e.g. when Rollover dates or                 principal increase date has been input, this                 record needs to be recreated. </p>
            <p>          'LM' -Last Maturity  e.g. end of a swap forex contract </p>
            <p>          'NE' -Negotiated deal </p>
            <p>          'D'  -Delete  e.g. when contract has been reversed or                 deleted on line and the end of day processing is to                 remove record from file. </p>
            <p>
                <p>Validation Rules:</p>
            </p>
            <p>1 to 3 characters, type 'A'. System generated field. (Multi-value associated with field 19.1.)</p>
        </desc>
</t>
<t>
<field>K.MARGIN</field>
<desc>
            <p>Indicates the margin/spread attached to the interest key. </p>
            <p>Only applicable to contracts which are linked to an interest key. </p>
            <p>
                <p>Validation Rules:</p>
            </p>
            <p>1 to 12 characters, type 'A'. System generated field. (Optional.) (Multi-value associated with fields 1.1 to 11.1.1 and fields 13.1 to 17.1.)</p>
        </desc>
</t>
<t>
<field>R3</field>
<desc>
            <p>Reserved for future use </p>
            <p>
                <p>Validation Rules:</p>
            </p>
            <p>(No input.)</p>
        </desc>
</t>
<t>
<field>POSN.TYPE</field>
<desc>
            <p>Indicates the position type of the deal. </p>
            <p>
                <p>Validation Rules:</p>
            </p>
            <p>2 characters, type 'A'. System generated field. (Multi-value associated with fields 1.1 to 2.1 and 4.1 to 17.1.)</p>
        </desc>
</t>
<t>
<field>VALUE.DATE.SFX</field>
<desc>
            <p>This field is reserved for future use. </p>
            <p>
                <p>Validation Rules:</p>
            </p>
            <p>Presently, standard value of "8" System generated field. (Multi value associated with fields 1.1 to 5.1 and fields 7.1 to 17.1.)</p>
        </desc>
</t>
<t>
<field>R4</field>
<desc>
            <p>Reserved for future use </p>
            <p>
                <p>Validation Rules:</p>
            </p>
            <p>(No input.)</p>
        </desc>
</t>
<t>
<field>FIXED.AMT</field>
<desc>
            <p>Displays the equivalent Fixed Currency amount.  The field is not used in any calculations. </p>
            <p>
                <p>Validation Rules:</p>
            </p>
            <p>Display only.</p>
        </desc>
</t>
<t>
<field>R2</field>
<desc>
            <p>Reserved for future use. </p>
            <p>
                <p>Validation Rules:</p>
            </p>
            <p>(No input.) (Multi-value associated with fields 1.1 to 16.1.)</p>
        </desc>
</t>
<t>
<field>EQUIV.CODE</field>
<desc>
            <p>Indicates the type of amount stored in the following field. </p>
            <p>Only applicable on foreign currency transactions. </p>
            <p>
                <p>Validation Rules:</p>
            </p>
            <p>1 numeric character with the value: '3' = Local currency equivalent. System generated field. (Optional.) (Multi-value associated with fields 1.1 to 12.1.1 and fields 14.1 to 17.1.)</p>
        </desc>
</t>
<t>
<field>TRANSACTION.REF.NO</field>
<desc>
            <p>This is the key to PM.TRAN.ACTIVITY. </p>
            <p>For applications  in the modules  DC, FR, FT, FX, LD, MM, ND, PD, SC, SW, TT, it can be, for example, the batch number ID or the deal number preceded by the application identifier.</p>
            <p>The value of this field is the same as the deal-id except for</p>
            <p>i) Negotiated deals which are stored as 'NE' followed by the Negotiated Reference Number.</p>
            <p>ii) Data Capture entries where DC is part of the Dept code, batch Number and item number.</p>
            <p />
            <p>For applications related to PM through the generic interface, it could be one of: </p>
            <p>Deal ID*GAP - Recording Gap movements</p>
            <p>Deal ID*REAL - Recording real account movements</p>
            <p>Deal ID*FWD - Recording forward (cash-flow) account movements</p>
            <p />
            <p>
                <p>Validation Rules:</p>
            </p>
            <p />
            <p>Updated by system.</p>
        </desc>
</t>
<t>
<field>DATE.TIME</field>
<desc>
            <p>Indicates the date and time when the activity was last created/updated </p>
            <p>
                <p>Validation Rules:</p>
            </p>
            <p>12 characters, type ''. System generated field.</p>
        </desc>
</t>
<t>
<field>FIXED.CCY</field>
<desc>
            <p>Displays the currency code of the Fixed currency. </p>
            <p>
                <p>Validation Rules:</p>
            </p>
            <p>Display Only.</p>
        </desc>
</t>
<t>
<field>BOOKING.DATE</field>
<desc>
            <p>The booking date of the underlying contract. With non stop processing where contracts can be booked during the CB processing the booking date will be for the next working day. THis then allows these contracts to be bypassed by the PM COB processing/</p>
        </desc>
</t>
<t>
<field>CURRENCY</field>
<desc>
            <p>Indicates the currency of the activity generated. </p>
            <p>
                <p>Validation Rules:</p>
            </p>
            <p>3 characters, type 'CCY' System generated field. (Multi-value associated with fields 1.1 to 7.1 and fields 9.1 to 17.1).</p>
        </desc>
</t>
<t>
<field>CCY.AMT</field>
<desc>
            <p>Indicates the amount relating to the activity specified earlier.  This amount is in the currency shown in the previous field. </p>
            <p>
                <p>Validation Rules:</p>
            </p>
            <p>1 to 14 characters, type 'AMT'. System generated field. (Multi-value associated with fields 1.1 to 8.1 and fields 10.1.1 to 17.1).</p>
        </desc>
</t>
<t>
<field>R1</field>
<desc>
            <p>Reserved for future use. </p>
            <p>
                <p>Validation Rules:</p>
            </p>
            <p>(No input.) (Multi-value associted with fields 1.1 to 15.1 and field 17.1.)</p>
        </desc>
</t>
<t>
<field>ACTY.PROC.CD</field>
<desc>
            <p>Defines any special processing that may be required for the activity. </p>
            <p>Value of 'RC' implies that the value date associated with the activity has to be recalculated in the EOD process.  A typical example is the value date associated to the maturity activity on Call/Notice contracts.  Every night the new maturity will be recalculated according to the number of days to the next working day. </p>
            <p>
                <p>Validation Rules:</p>
            </p>
            <p>1 to 3 characters, type 'A'. "RC" = Recalculate System generated field. (Optional.) (Multi-value associated with fields 1.1 to 14.1.1 and fields 16.1 to 17.1.)</p>
        </desc>
</t>
<t>
<field>AMOUNTS</field>
<desc>
            <p>Indicates the amount relating to the activity specified earlier.  This amount is in the currency shown in the previous field. </p>
            <p>
                <p>Validation Rules:</p>
            </p>
            <p>1 to 14 characters, type 'AMT'. System generated field. (Multi-value associated with fields 1.1 to 8.1 and fields 10.1.1 to 17.1).</p>
        </desc>
</t>
<t>
<field>APPLICATION</field>
<desc>
            <p>Specifies the source application name of  the transaction. </p>
            <p>System generated field.</p>
        </desc>
</t>
<t>
<field>ASST.LIAB.CD</field>
<desc>
            <p>Indicates the asset/liability code for each individual activity of the deal. </p>
            <p>The value of the code is assigned according to the nature of each activity. </p>
            <p>For example, for a Money Market placement: </p>
            <p>-         The value date principal activity will receive the code           value of "2" (liability) because it refers to an activity           generating OUTgoing funds. </p>
            <p>-         The maturity principal activity will receive the code value           of "1" (Asset) because it refers to an activity generating           Incoming funds. </p>
            <p>-         The Maturity Interest activity will receive the code value           of "1" (Asset) because it refers to an activity generating           INcoming funds </p>
            <p>          Opposite code values will be generated for a M.M. Deposit           deal. </p>
            <p>
                <p>Validation Rules:</p>
            </p>
            <p>1 numeric character, with the values: 1 - Asset 2 - Liability System generated field (Multi-value associated with fields 1.1 to 3.1 and fields 5.1 to 17.1.)</p>
        </desc>
</t>
</menu>
</t24help>

