<?xml version="1.0" encoding="utf-8"?>
<t24help>
<header>
<product>PM</product>
<table>PM.UPDATE.APPL</table>
</header>
<overview>
<ovdesc>

        </ovdesc>
<ovimage></ovimage>
</overview>
<menu>
<t>
<field>RESERVE.1</field>
<desc>
            <p>Help Text for this field is unavailable.  Please refer to the T24 User Guides for further information.</p>
        </desc>
</t>
<t>
<field>RESERVE.2</field>
<desc>
            <p>Help Text for this field is unavailable.  Please refer to the T24 User Guides for further information.</p>
        </desc>
</t>
<t>
<field>RESERVE.3</field>
<desc>
            <p>Help Text for this field is unavailable.  Please refer to the T24 User Guides for further information.</p>
        </desc>
</t>
<t>
<field>APPLICATION</field>
<desc>
            <p>Specifies a valid T24 Product to be updated in the field APPLN.INC of PM.PARAMETER.</p>
            <p>
                <p>Validation Rules:</p>
            </p>
            <p />
            <p>Mandatory input.   </p>
            <p>A maximum of 2 characters may be entered. </p>
        </desc>
</t>
<t>
<field>PM.CHANGE.KEY</field>
<desc>
            <p>
                <p>Validation Rules:</p>
            </p>
            <p>Mandatory input.</p>
            <p>A maximum of 6 characters may be entered.</p>
            <p>The following values are permitted:       ADD      DELETE</p>
        </desc>
</t>
<t>
<field>PROCESSED.DATE</field>
<desc>
            <p>Standard T24 date field. </p>
            <p>
                <p>Validation Rules:</p>
            </p>
            <p>A maximum of 12 characters may be entered.</p>
            <p>This is a NOINPUT field.</p>
        </desc>
</t>
</menu>
</t24help>

