<?xml version="1.0" encoding="utf-8"?>
<t24help>
<header>
<product>PW</product>
<table>PW.AF.ACCT.NAME.CHANGE</table>
</header>
<overview>
<ovdesc>

            <p>AF.ACCT.NAME.CHANGE, stores all the details pertaining to an applicant, who want to change the values for the account created through an arrangement module.The ID is auto generated.</p>
            <p />
            <p />
            <p />
            <p />
        </ovdesc>
<ovimage></ovimage>
</overview>
<menu>
<t>
<field>CUSTOMER</field>
<desc>
            <p>"Identifies the customer from the CUSTOMER table. </p>
            <p />
            <p>
                <p>Validation Rules:</p>
            </p>
            <p />
            <p>Should be a valid record in CUSTOMER table.</p>
            <p />
            <p>"</p>
            <p />
        </desc>
</t>
<t>
<field>CURRENCY</field>
<desc>
            <p>Identifies the Currency of the Account.</p>
            <p>All entries passed to the Account must be in this Currency.</p>
            <p>
                <p>Validation Rules:</p>
            </p>
            <p>3 type SSS (uppercase alpha) character or 1-3 numeric character Currency code. Cannot be changed after record has been authorised. (Mandatory Input)</p>
            <p>It must be an existing code on the CURRENCY Table.</p>
            <p />
        </desc>
</t>
<t>
<field>AA.ACTIVITY</field>
<desc>
            <p>This field defines the Activity to be processed against the Arrangement. The activity may be an user activity or a system generated activity. When a user activity is input the property class templates (AA.ARR.XXXX, XXXX - Property Class) affected is based on the linked system activity and for all processing purposes the activity input is used.</p>
            <p>Based on the definition of AA.ACTIVITY.CLASS, USER.INPUT field one or more property class templates may require user input. The dropdown only shows the list of activities which pertain to the properties defined in the product.</p>
            <p>Validation rules</p>
            <p>Must be a valid record in AA.ACTIVITY</p>
            <p />
        </desc>
</t>
<t>
<field>AA.ARRANGEMENT</field>
<desc>
            <p>Unique identification number for the arrangement contract. The format of the ID is as follows</p>
            <p>AA YYDDD xxxxx</p>
            <p>where: AA - Arrangement Architecture module identifier, YYDDD - Year and date of input in julian date format, xxxxx - Is a system generated unique identifier.</p>
            <p>For "New Arrangement" activity this field should be input as "NEW" and will be updated by the system while processing the activity with the unique reference number.</p>
            <p>When attempting an activity for a existing arrangement and the arrangement has generated a underlying ACCOUNT record, then the ACCOUNT id may be used as an alternate id.</p>
            <p>Validation rules</p>
            <p>Must be "NEW" or an existing Arrangement ID</p>
            <p />
        </desc>
</t>
<t>
<field>AA.PRODUCT</field>
<desc>
            <p>Indicates the Product of the Arrangement contract. This is required for only new arrangements at the moment and product change is not permitted.</p>
            <p>Validation rules</p>
            <p>Must be a valid record in AA.PRODUCT</p>
            <p />
        </desc>
</t>
<t>
<field>AA.PROPERTY</field>
<desc>
            <p>The fields from PROPERTY, FIELD.NAME and FIELD.VALUE are used for scripting test scenarios. The field PROPERTY will accept a valid property. The values in FIELD.NAME should correspond to the fields available in designer table of property defined and values to these fields can be defined in FIELD.VALUE. </p>
            <p />
            <p>An ofs message would be formed for the given property with fields and values defined.</p>
            <p />
            <p />
        </desc>
</t>
<t>
<field>CATEGORY</field>
<desc>
            <p>"Indicates the Category code for the Account. <p>Validation Rules:</p>. </p>
            <p>4-5 numeric character Category code (Mandatory input). </p>
            <p>It must be an existing code on the CATEGORY table. (ref: General Tables). </p>
            <p>For Customer Accounts, it must be in the range 1000 to 9999. </p>
            <p>For Internal Accounts, it must be in the range 10000 to 19999. </p>
            <p>The Category Code of a NOSTRO account may only be changed to another NOSTRO category.</p>
            <p />
            <p> "</p>
            <p />
        </desc>
</t>
<t>
<field>SHORT.TITLE</field>
<desc>
            <p>Specifies the abbreviated title of the Account.</p>
            <p>This field can be used for reporting and enrichments.</p>
            <p>
                <p>Validation Rules:</p>
            </p>
            <p>Up to 35 type A (alphanumeric) characters. (Mandatory for Internal accounts, otherwise optional input. Default is the Short Name from the Customer record.)</p>
            <p />
        </desc>
</t>
<t>
<field>ACCOUNT</field>
<desc>
            <p>Holds the value of the account from which the amount for deposit is debited. Validation rules:Valid record in ACCOUNT application</p>
            <p />
        </desc>
</t>
</menu>
</t24help>