<?xml version="1.0" encoding="utf-8"?>
<t24help>
<header>
<product>PW</product>
<table>PW.ACTIVITY.OBJECT</table>
</header>
<overview>
<ovdesc></ovdesc>
<ovimage></ovimage>
</overview>
<menu>
<t>
<field>DEFAULT.TARGET</field>
<desc>
            <p>PW.ACTIVITY.OBJECT</p>
            <p />
            <p> DEFAULT.TARGET</p>
            <p />
            <p> It can be used as Target field when executing a PW.ACTIVITY record. </p>
            <p> If a target field value has been entered in this field, then this value will be defaulted in the field TARGET when trying to create a new Activity in PW.ACTIVITY.</p>
            <p />
            <p>
                <p>Validation Rules:</p>
            </p>
            <p />
            <p> Up to 35 alphanumeric characters</p>
            <p> Same syntax to be used as      that is used at the T24 command line. APPLICATION/VERSION/EB.TABLE.DEFINITION      Function Record</p>
            <p> E.g. ACCOUNT, I F3</p>
            <p />
        </desc>
</t>
<t>
<field>DEFAULT.TRAGET</field>
<desc>
            <p />
            <p />
            <p> PW.ACTIVITY.OBJECT</p>
            <p />
            <p> DEFAULT.TARGET</p>
            <p> At a later date can be used as Target field when executing a PW.ACTIVITY record. If a target field has not been entered in the PW.ACTIVITY record this DEFAULT.TARGET field will be used to execute an activity. </p>
            <p>
                <p>Validation Rules:</p>
            </p>
            <p />
            <p> Up to 35 alphanumeric      characters.</p>
            <p> Same syntax to be used as      that is used at the T24 command line. APPLICATION/VERSION/EB.TABLE.DEFINITION      Function Record</p>
            <p> EG. ACCOUNT, I F3</p>
        </desc>
</t>
<t>
<field>DESCRIPTION</field>
<desc>
            <p />
            <p> PW.ACTIVITY.OBJECT</p>
            <p />
            <p> DESCRIPTION</p>
            <p> Describes the PW.ACTIVITY.OBJECT</p>
            <p />
            <p>
                <p>Validation Rules:</p>
            </p>
            <p />
            <p> Up to 35 alphanumeric      characters.</p>
        </desc>
</t>
<t>
<field>PW.ACTIVITY.OBJECT.ID</field>
<desc>
            <p />
            <p> PW.ACTIVITY.OBJECT</p>
            <p />
            <p> @ID</p>
            <p> Descriptive key used for naming convention of the PW.ACTIVITY records. This key will is used to concatenate with a PW.VERB key to create the PW.ACTIVITY key. </p>
            <p> It is suggested that this key describes the PW.ACIVITY to be run.</p>
            <p />
            <p />
            <p />
            <p> EG.</p>
            <p />
            <p />
            <p> Where PW.ACTIVITY.OBJECT</p>
            <p />
            <p />
            <p />
            <p> And </p>
            <p />
            <p />
            <p />
            <p />
            <p> The PW.ACTIVITY key would = &amp;#8216;CREATE.ACCOUNT&amp;#8217;</p>
            <p>
                <p>Validation Rules:</p>
            </p>
            <p />
            <p> Up to 35 alphanumeric      characters.</p>
        </desc>
</t>
</menu>
</t24help>

