<?xml version="1.0" encoding="utf-8"?>
<t24help>
<header>
<product>PW</product>
<table>PW.AF.ACCOUNT</table>
</header>
<overview>
<ovdesc>

            <p>PW.AF.ACCOUNT, stores the details pertaining to a Customer, who is eligible for an Opportunity with the Bank. It is a repository of CR Opportunity applications for Accounts. Each application form is identified by an unique @ID of the table PW.AF.ACCOUNT. The @ID is auto generated. All the details of the opportunity can be retrieved by providing the @ID in the table PW.AF.ACCOUNT. Details like Customer, CR Opportunity ID, Account Details, Limit details etc can be retrieved from this able.</p>
        </ovdesc>
<ovimage></ovimage>
</overview>
<menu>
<t>
<field>CATEGORY</field>
<desc>
            <p>"Indicates the Category code for the Account. <p>Validation Rules:</p>. </p>
            <p>4-5 numeric character Category code (Mandatory input). </p>
            <p>It must be an existing code on the CATEGORY table. (ref: General Tables). </p>
            <p>For Customer Accounts, it must be in the range 1000 to 9999. </p>
            <p>For Internal Accounts, it must be in the range 10000 to 19999. </p>
            <p>The Category Code of a NOSTRO account may only be changed to another NOSTRO category.</p>
            <p />
            <p> "</p>
            <p />
        </desc>
</t>
<t>
<field>CR.OPPOR.ID</field>
<desc>
            <p>Stores the value of the CR.OPPORTUNITY id for the customer. Validation rules : Valid id in CR.OPPORTUNITY application</p>
            <p />
        </desc>
</t>
<t>
<field>AMOUNT</field>
<desc>
            <p>Amount of the overdraft is stored in the field. Validation rules: Amount format</p>
            <p />
        </desc>
</t>
<t>
<field>APPLY.STATUS</field>
<desc>
            <p>It holds the value of the action decided by the customer. Allowed values : 1.Apply 2.Save</p>
            <p />
        </desc>
</t>
<t>
<field>SHORT.TITLE</field>
<desc>
            <p>Specifies the abbreviated title of the Account.</p>
            <p>This field can be used for reporting and enrichments.</p>
            <p />
        </desc>
</t>
<t>
<field>REVIEW.STATUS</field>
<desc>
            <p>Holds the value of the status after review. Allowed values : APPROVED, DECLINED</p>
            <p />
        </desc>
</t>
<t>
<field>APPROVE.NOTES</field>
<desc>
            <p>Holds the value of the notes given by the approver</p>
            <p />
        </desc>
</t>
<t>
<field>CURRENCY</field>
<desc>
            <p>Identifies the Currency of the Account.</p>
            <p>All entries passed to the Account must be in this Currency.</p>
            <p>Once the Account record has been authorised, the Currency cannot be amended.</p>
            <p>
                <p>Validation Rules:</p>
            </p>
            <p>3 type SSS (uppercase alpha) character or 1-3 numeric character Currency code. Cannot be changed after record has been authorised. (Mandatory Input)</p>
            <p>It must be an existing code on the CURRENCY Table.</p>
            <p />
        </desc>
</t>
<t>
<field>ACCOUNT.OFFICER</field>
<desc>
            <p>Identifies the main Account Officer responsible for the Account.</p>
            <p>For Customer Accounts, this should be entered only when a different Officer from that held for the related Customer is required.</p>
            <p>
                <p>Validation Rules:</p>
            </p>
            <p>1-4 numeric character Account Officer code. </p>
            <p>It must be an existing code on the DEPT.ACCT.OFFICER table (ref: General Tables).</p>
            <p />
        </desc>
</t>
<t>
<field>APPROVE.STATUS</field>
<desc>
            <p>Approval status of the customer's request. Allowed values : APPROVED, DECLINED</p>
            <p />
        </desc>
</t>
<t>
<field>AA.ACTIVITY</field>
<desc>
            <p>This field defines the Activity to be processed against the Arrangement. The activity may be an user activity or a system generated activity. When a user activity is input the property class templates (AA.ARR.XXXX, XXXX - Property Class) affected is based on the linked system activity and for all processing purposes the activity input is used.</p>
            <p>Based on the definition of AA.ACTIVITY.CLASS, USER.INPUT field one or more property class templates may require user input. The dropdown only shows the list of activities which pertain to the properties defined in the product.</p>
            <p>Validation rules</p>
            <p>Must be a valid record in AA.ACTIVITY</p>
            <p />
        </desc>
</t>
<t>
<field>AA.ARRANGEMENT</field>
<desc>
            <p>Unique identification number for the arrangement contract. The format of the ID is as follows</p>
            <p>AA YYDDD xxxxx</p>
            <p>where: AA - Arrangement Architecture module identifier, YYDDD - Year and date of input in julian date format, xxxxx - Is a system generated unique identifier.</p>
            <p>For "New Arrangement" activity this field should be input as "NEW" and will be updated by the system while processing the activity with the unique reference number.</p>
            <p>When attempting an activity for a existing arrangement and the arrangement has generated a underlying ACCOUNT record, then the ACCOUNT id may be used as an alternate id.</p>
            <p>Validation rules</p>
            <p>Must be "NEW" or an existing Arrangement ID</p>
            <p />
        </desc>
</t>
<t>
<field>AA.PRODUCT</field>
<desc>
            <p>Indicates the Product of the Arrangement contract. This is required for only new arrangements at the moment and product change is not permitted.</p>
            <p>Validation rules</p>
            <p>Must be a valid record in AA.PRODUCT</p>
            <p />
        </desc>
</t>
<t>
<field>ACCOUNT.NUMBER</field>
<desc>
            <p>Identifies the Account no from the ACCOUNT table. <p>Validation Rules:</p> : Should be a valid record in ACCOUNT table</p>
            <p />
        </desc>
</t>
<t>
<field>COMPLETE.DATE</field>
<desc>
            <p>Stores the date of completion of the opportunity Validation rules : Date Format</p>
            <p />
        </desc>
</t>
<t>
<field>CR.OPPOR.DESC</field>
<desc>
            <p>Holds the value of description of the CR.OPPORTUNITY</p>
            <p />
        </desc>
</t>
<t>
<field>CR.SOURCE.ID</field>
<desc>
            <p>Refers the source id of CR.OPPORTUNITY</p>
            <p />
        </desc>
</t>
<t>
<field>START.DATE</field>
<desc>
            <p>Refers the start date of the Limit. Validation rules: T24 Date format</p>
            <p />
        </desc>
</t>
<t>
<field>CUSTOMER</field>
<desc>
            <p>"Identifies the customer from the CUSTOMER table. </p>
            <p />
            <p>
                <p>Validation Rules:</p>
            </p>
            <p />
            <p>Should be a valid record in CUSTOMER table.</p>
            <p />
            <p>"</p>
            <p />
        </desc>
</t>
<t>
<field>ACCOUNT.TITLE.1</field>
<desc>
            <p>Describes the type of account.</p>
            <p />
        </desc>
</t>
<t>
<field>SHORT.NAME</field>
<desc>
            <p>Holds the Short Title of the Customer name</p>
            <p />
        </desc>
</t>
</menu>
</t24help>