<?xml version="1.0" encoding="utf-8"?>
<t24help>
<header>
<product>PW</product>
<table>PW.ACTIVITY</table>
</header>
<overview>
<ovdesc>

            <p>This table contains the individual activities. Every activity contains default duration and the activities are defined as either manual or auto. Activities also carry the intended target which could be a T24 version. The activities are scanned through for the rules specified and an appropriate status is allotted. The activity while scanning for the compliance of transitions comes out of the scan if a particular transition is successfully validated. Thus, the earliest transition that is matching is being accepted and the appropriate status defined in the associated multi value set is taken as the status for the current instance of the activity. If the activity does not fit with any of the rules specified as a part of transition, then the default status code is allotted. Default Participants can be allotted to a particular activity.</p>
            <p />
            <p />
            <p>        Status code and Transition together form a multi value set. Complete.Status  field enables to define whether attainment of this status could be denoted as completion of the activity. For example, we could say that the record is not completed until certain conditions are met. Then even though record gets validated and accepted within T24, as far as the workflow goes the activity remains unfinished and activity needs to be completed for further progress in the workflow.</p>
            <p />
            <p />
            <p>        Target denotes the actual T24 template/version to be invoked whenever the activity is launched. </p>
            <p />
            <p />
            <p>        Activity type is also either MANUAL or AUTO. Auto denotes an automatic activity which is actually worked upon by the routine attached. This runs as a background task.</p>
            <p />
        </ovdesc>
<ovimage></ovimage>
</overview>
<menu>
<t>
<field>EXPIRATION.HOURS</field>
<desc>
            <p />
            <p />
            <p>           PW.ACTIVITY</p>
            <p />
            <p />
            <p>           EXPIRATION.HOURS</p>
            <p />
            <p />
            <p>           Specifies the duration in hours before the activity expires.It is used with reference to the DEF.DURATION and EXPIRATION.MINS. </p>
            <p />
            <p />
            <p>
                <p>Validation Rules:</p>
            </p>
            <p />
            <p>      Numeric character.</p>
            <p />
            <p />
        </desc>
</t>
<t>
<field>PRIORITY</field>
<desc>
            <p />
            <p />
            <p />
            <p>         PW.ACTIVITY</p>
            <p />
            <p />
            <p>         PRIORITY</p>
            <p />
            <p />
            <p>         Can be populated for audit or reporting reasons</p>
            <p />
            <p />
            <p>         Validations:</p>
            <p />
            <p />
            <p>         Non-Mandatory field</p>
            <p />
        </desc>
</t>
<t>
<field>OWNER</field>
<desc>
            <p />
            <p />
            <p>            PW.ACTIVITY</p>
            <p />
            <p />
            <p>            OWNER</p>
            <p />
            <p />
            <p>            This is the key to the PW.PARTICIPANT record which lists the USERs or ACCT.OFFICERs that will be allocated to the activities in the process. If this OWNER field is not set then the OWNER field on the PW.PROCESS record will be used to determine ownership of a PW.ACTIVITY.TXN.</p>
            <p />
            <p>
                <p>Validation Rules:</p>
            </p>
            <p />
            <p />
            <p>            A valid PW.PARTICIPANT key.</p>
            <p />
            <p />
        </desc>
</t>
<t>
<field>SHORT.DESC</field>
<desc>
            <p />
            <p />
            <p>            PW.ACTIVITY</p>
            <p />
            <p />
            <p>            SHORT.DESC</p>
            <p />
            <p />
            <p>            Describes the PW.ACTIVITY record in an abbreviated format, which can be used for reporting</p>
            <p />
            <p />
            <p />
            <p>
                <p>Validation Rules:</p>
            </p>
            <p />
            <p />
            <p />
            <p>            1-35 alphanumeric      characters may be entered. </p>
            <p />
            <p />
            <p>            Mandatory field. </p>
            <p />
            <p />
            <p />
        </desc>
</t>
<t>
<field>STATUS.RULES</field>
<desc>
            <p />
            <p />
            <p>            PW.ACTIVITY</p>
            <p />
            <p />
            <p>            STATUS.RULES</p>
            <p />
            <p />
            <p>            This is the PW.TRANSITION key to the record that contains the rule or condition, which determines if the STATUS.CODE changes on the PW.ACTIVITY.TXN record.</p>
            <p />
            <p />
            <p />
            <p>
                <p>Validation Rules:</p>
            </p>
            <p />
            <p />
            <p>            Any valid PW.TRANSITION      key.</p>
            <p />
            <p />
        </desc>
</t>
<t>
<field>PW.ACTIVITY.ID</field>
<desc>
            <p />
            <p />
            <p>            PW.ACTIVITY</p>
            <p />
            <p />
            <p>            @ID</p>
            <p />
            <p>            Descriptive key used for naming of the PW.ACTIVITY records.</p>
            <p />
            <p>            If the Id starts with 'WS.', it means the Activity is created for being used in Web Services.</p>
            <p />
            <p />
            <p />
            <p />
            <p />
            <p />
            <p>
                <p>Validation Rules:</p>
            </p>
            <p />
            <p />
            <p>            Up to 35 alphanumeric      characters.</p>
            <p />
            <p>            Must follow naming  convention where key is made up of a PW.VERB key followed by a PW.ACTIVITY.OBJECT key.</p>
            <p />
            <p>            eg:- 'CREATE.ACCOUNT'is a PW.ACTIVITY ID with 'CREATE' being a PW.VERB key and 'ACCOUNT' being a PW.ACTIVITY.OBJECT key, both separated by a '.'</p>
            <p>           If ID of the PW.ACTIVITY record is prefixed with â€˜WS.â€™,then there is no ID validation for PW.VERB and PW.ACTIVITY.OBJECT.</p>
            <p />
            <p />
        </desc>
</t>
<t>
<field>DEF.STATUS.CODE</field>
<desc>
            <p />
            <p />
            <p />
            <p>         PW.ACTIVITY</p>
            <p />
            <p />
            <p>         DEF.STATUS.CODE</p>
            <p />
            <p />
            <p>         This field holds the default PW.STATUS the PW.ACTIVITY.TXN of the PW.ACTIVITY would assume, if none of the conditions mentioned in the STATUS.RULES get satisfied.</p>
            <p />
            <p />
            <p>         Validations:</p>
            <p />
            <p />
            <p>         Mandatory field, if ID does not start with "WS."</p>
            <p />
            <p>         A valid key of PW.STATUS</p>
            <p />
        </desc>
</t>
<t>
<field>EVAL.RULE</field>
<desc>
            <p>This can accept any valid keys of EB.RULE.GATEWAY application. This is mutually exclusive with the STATUS.CODES and STATUS.RULES multi-value set. </p>
            <p />
            <p>
                <p>Validation Rules:</p>
            </p>
            <p>      0-35 characters</p>
            <p>      Optional field</p>
        </desc>
</t>
<t>
<field>TARGET</field>
<desc>
            <p />
            <p />
            <p />
            <p>         PW.ACTIVITY</p>
            <p />
            <p />
            <p>         TARGET</p>
            <p />
            <p>         This field holds the T24 Application/Version/Enquiry and Function which should be presented to the USER upon the execution of the Activity i.e. the Application/version/Enquiry associated with the Activity. </p>
            <p />
            <p />
            <p>         If a new Id is to be generated upon the execution of the Activity then the format would be like:</p>
            <p />
            <p>         ACCOUNT, I F3</p>
            <p />
            <p>           If ID mapping is specified that it is enough if we specify the Application/version name along with the function:</p>
            <p />
            <p>         ACCOUNT, I</p>
            <p />
            <p />
            <p>         if any Application/version name is mentioned in the field DEFAULT.TARGET in associated PW.ACTIVITY.OBJECT then it will get defaulted when trying to create a new PW.ACTIVITY.</p>
            <p />
            <p />
            <p>        To launch an enquiry ,the format would be like</p>
            <p />
            <p>          ENQ &lt;ENQUIRY NAME&gt; </p>
            <p />
            <p>
                <p>Validation Rules:</p>
            </p>
            <p />
            <p>         Standard T24 application / version / Enquiry name along with the Function</p>
            <p />
        </desc>
</t>
<t>
<field>MAPPING.ID</field>
<desc>
            <p />
            <p />
            <p>            PW.ACTIVITY</p>
            <p />
            <p />
            <p>            MAPPING.ID</p>
            <p />
            <p />
            <p>            This is a PW.MAPPING key which contains all the data mapping rules for the APPLICATION that is launched via this PW.ACTIVITY record.</p>
            <p />
            <p />
            <p />
            <p>
                <p>Validation Rules:</p>
            </p>
            <p />
            <p />
            <p>            A valid PW.MAPPING key.</p>
            <p />
            <p>            Should not be defined when the TARGET is an enquiry.</p>
            <p />
        </desc>
</t>
<t>
<field>MONITOR.ACTION</field>
<desc>
            <p />
            <p>           PW.ACTIVITY</p>
            <p />
            <p />
            <p>           MONITOR.ACTION</p>
            <p />
            <p />
            <p>           Reserved for future Use</p>
            <p />
            <p />
            <p>
                <p>Validation Rules:</p>
            </p>
            <p />
            <p>      No Input field</p>
            <p />
        </desc>
</t>
<t>
<field>MONITOR.STAGE</field>
<desc>
            <p />
            <p />
            <p>           PW.ACTIVITY</p>
            <p />
            <p />
            <p>           MONITOR.STAGE</p>
            <p />
            <p />
            <p>           This field should be set to START to record the duration metrics of the Activity</p>
            <p>           The fields MONITOR.INIT.DATE, MONITOR.INIT.TIME, DUE.DATE and DUE.TIME of the corresponding PW Activity Txn record gets updated. </p>
            <p />
            <p />
            <p>
                <p>Validation Rules:</p>
            </p>
            <p />
            <p>      This is a non mandatory field. </p>
            <p>      Can take the values START,COMPENSATE,FAULT</p>
            <p />
            <p />
        </desc>
</t>
<t>
<field>DESCRIPTION</field>
<desc>
            <p />
            <p />
            <p>            PW.ACTIVITY</p>
            <p />
            <p />
            <p>            DESCRIPTION</p>
            <p />
            <p />
            <p />
            <p />
            <p>            Described the PW.ACTIVITY record and is used as an enrichment for the PW.ACTIVITY. key.</p>
            <p />
            <p />
            <p />
            <p />
            <p>
                <p>Validation Rules:</p>
            </p>
            <p />
            <p />
            <p>            Up to 35 alphanumeric      characters.</p>
        </desc>
</t>
<t>
<field>ACTIVITY.TYPE</field>
<desc>
            <p />
            <p />
            <p>            PW.ACTIVITY</p>
            <p />
            <p />
            <p>            ACTIVITY.TYPE</p>
            <p />
            <p />
            <p>            Set to Manual for manual Activities, activities executed from the ENQUIRY or set to AUTO for OFS activities, to be executed via OFS. </p>
            <p />
            <p />
            <p />
            <p>
                <p>Validation Rules:</p>
            </p>
            <p />
            <p />
            <p>            MANUAL or AUTO.</p>
            <p />
            <p />
        </desc>
</t>
<t>
<field>ALT.OWNER</field>
<desc>
            <p>This field holds an API hook routine which returns the Participant + User to be allocated to the PW.ACTIVITY.TXN for the Activity</p>
        </desc>
</t>
<t>
<field>COMPLETE.STATUS</field>
<desc>
            <p>This field can accept any valid keys of the application PW.STATUS. The values in this field determines the completion status of the respective activity. </p>
            <p />
            <p>
                <p>Validation Rules:</p>
            </p>
            <p>      0-35 characters</p>
            <p>      Multi value field</p>
        </desc>
</t>
<t>
<field>DEF.DURATION</field>
<desc>
            <p />
            <p />
            <p>            PW.ACTIVITY</p>
            <p />
            <p />
            <p>            DEF.DURATION</p>
            <p />
            <p />
            <p>            Default duration of this activity in definable units.</p>
            <p />
            <p />
            <p />
            <p>
                <p>Validation Rules:</p>
            </p>
            <p />
            <p />
            <p>            1-3 numeric characters may      be entered. </p>
            <p />
            <p>            Mandatory field, if ID does not start with "WS."</p>
            <p />
            <p />
        </desc>
</t>
<t>
<field>OVERRIDE</field>
<desc>
            <p>Help Text for this field is unavailable.  Please refer to the T24 User Guides for further information.</p>
        </desc>
</t>
<t>
<field>STATUS.CODES</field>
<desc>
            <p />
            <p />
            <p>            PW.ACTIVITY</p>
            <p />
            <p />
            <p>            STATUS.CODES</p>
            <p />
            <p />
            <p>            This is the PW.STATUS code that the PW.ACTIVITY.TXN record will be changed to when the rules or conditions set up in the corresponding PW.TRANSITION record, indicated in the STATUS.RULES field, have been met.</p>
            <p />
            <p />
            <p />
            <p>
                <p>Validation Rules:</p>
            </p>
            <p />
            <p />
            <p>            Any valid PW.STATUS key.</p>
            <p />
            <p />
        </desc>
</t>
<t>
<field>EB.MAPPING</field>
<desc>
            <p />
            <p />
            <p>            PW.ACTIVITY</p>
            <p />
            <p />
            <p>          EB.MAPPING</p>
            <p />
            <p />
            <p />
            <p>          This is new generalized and enhanced mapping mechanism when compared with PW.MAPPING. This mapping techinque which allows universal ID mapping, the ability to manipulate data through concatenation, using routines, local reference mapping and basic mathematical operations such as addition, subtraction, multiplication, division and mapping from $NAU files etc.</p>
            <p />
            <p />
            <p>          The new functionality will make use of the EB.FORMAT.ENTRY module and be attached to the current PW module through EB.MAPPING.SOURCE.</p>
            <p />
            <p />
            <p>          This does not stop running PW mapping which is already set-up. But no-longer PW mapping can be specified for new Activities which are set-up. </p>
            <p />
            <p />
            <p>          If both PW.MAPPING and EB.MAPPING are specified only ID mapping can be acheived via EB.MAPPING. For field mappings only PW.MAPPING mechanism will be used.</p>
            <p />
            <p />
            <p>          Validations</p>
            <p />
            <p />
            <p>          Non-mandatory field.</p>
            <p />
            <p>          If specified, a Valid key from EB.MAPPING.SOURCE</p>
            <p>          Should not be defined when the TARGET is an enquiry.</p>
            <p />
            <p />
        </desc>
</t>
<t>
<field>OFS.SOURCE.ID</field>
<desc>
            <p />
            <p />
            <p />
            <p>         PW.ACTIVITY</p>
            <p />
            <p />
            <p>         OFS.SOURCE.ID</p>
            <p />
            <p />
            <p>         This field holds the name of the OFS.SOURCE record ID which is used by the service PW.MAP.ACTIVITY to execute the Activity via OFS.</p>
            <p />
            <p />
            <p>         Validations:</p>
            <p />
            <p>         Mandatory field if the ACTIVITY.TYPE is AUTO.</p>
            <p />
            <p>         A valid key of OFS.SOURCE</p>
            <p />
        </desc>
</t>
<t>
<field>MONITOR.KPI</field>
<desc>
            <p />
            <p>           PW.ACTIVITY</p>
            <p />
            <p />
            <p>           MONITOR.KPI</p>
            <p />
            <p />
            <p>           Reserved for future Use</p>
            <p />
            <p />
            <p>
                <p>Validation Rules:</p>
            </p>
            <p />
            <p>      No Input field</p>
            <p />
        </desc>
</t>
<t>
<field>SLA</field>
<desc>
            <p />
            <p />
            <p>            PW.ACTIVITY</p>
            <p />
            <p />
            <p>            SLA</p>
            <p />
            <p>            This field is used to define a SLA(Service Level Agreement) for the concerned activity.</p>
            <p />
            <p>            INPUT only when SG product is installed otherwise NOINPUT.</p>
            <p />
            <p />
            <p>
                <p>Validation Rules:</p>
            </p>
            <p>            Up to 35 alphanumeric characters.</p>
            <p>            Must be a valid record from SG.SLA application.</p>
            <p />
        </desc>
</t>
<t>
<field>EXPIRATION.MINS</field>
<desc>
            <p />
            <p />
            <p>           PW.ACTIVITY</p>
            <p />
            <p />
            <p>           EXPIRATION.MINS</p>
            <p />
            <p />
            <p>           Specifies the duration in minutes before the activity expires.It is used with reference to the DEF.DURATION and EXPIRATION.HOURS. </p>
            <p />
            <p />
            <p>
                <p>Validation Rules:</p>
            </p>
            <p />
            <p>      Numeric character.</p>
            <p />
            <p />
        </desc>
</t>
</menu>
</t24help>

