<?xml version="1.0" encoding="utf-8"?>
<t24help>
<header>
<product>PW</product>
<table>PW.MAPPING</table>
</header>
<overview>
<ovdesc>
</ovdesc>
<ovimage></ovimage>
</overview>
<menu>
<t>
<field>OVERWRITE</field>
<desc>
            <p />
            <p>PW.MAPPING</p>
            <p />
            <p />
            <p>OVERWRITE</p>
            <p />
            <p>If set to YES, this will overwrite any existing data in the record.</p>
            <p>If blank or set to NO, the existing data in a record will not be overwritten. </p>
            <p>
                <p>Validation Rules:</p>
            </p>
            <p />
            <p />
            <p />YES, NO or blank    </desc>
</t>
<t>
<field>TABLE.TO</field>
<desc>
            <p />
            <p>PW.MAPPING</p>
            <p />
            <p />
            <p>TABLE.TO</p>
            <p />
            <p>The name of the T24 application record or EB.TABLE.DEFINITION record to which the data will be mapped to..</p>
            <p />
            <p />
            <p>
                <p>Validation Rules:</p>
            </p>
            <p />
            <p />
            <p />A valid T24 application or EB.TABLE.DEFINITION.    </desc>
</t>
<t>
<field>PW.MAPPING.ID</field>
<desc>
            <p />
            <p>PW.MAPPING</p>
            <p />
            <p />
            <p>@ID</p>
            <p>A descriptive key which is added to the PW.ACTIVITY record to define the rules for Data Mapping.</p>
            <p />
            <p />
            <p>
                <p>Validation Rules:</p>
            </p>
            <p />
            <p />
            <p />Up to 35 alphanumeric characters.    </desc>
</t>
<t>
<field>TARGET.FIELD</field>
<desc>
            <p />
            <p>PW.MAPPING</p>
            <p />
            <p />
            <p>TARGET.FIELD</p>
            <p />
            <p>The field on the TABLE.TO application or EB.TABLE.DEFINITION record where the data from the DATA.SOURCE will be mapped to.</p>
            <p>
                <p>Validation Rules:</p>
            </p>
            <p />
            <p />
            <p />A valid field number or field name that exists on the TABLE.TO application or EB.TABLE.DEFINITION record.    </desc>
</t>
<t>
<field>TARGET.VALUE</field>
<desc>
            <p />
            <p>PW.MAPPING</p>
            <p />
            <p />
            <p>TARGET.VALUE</p>
            <p />
            <p>Contains the same value as the corresponding DATA.NAME that links the DATA.SOURCE field to the TARGET.FIELD. </p>
            <p>EG.1</p>
            <p>Field 1 Table.To = ACCOUNT</p>
            <p />
            <p>Field 2.1 Data.Name = </p>
            <p />DATA.1<p /><p>Field 3.1.1 Data.Source =</p><p />OPEN.CUSTOMER&gt;ACCOUNT.OFFICER  <p /><p /><p>Field 5.1 Target.Field = </p><p />ACCOUNT.OFFICER<p /><p>Field 6.1 Target.Value = </p><p />DATA.1<p /><p /><p /><p><p>Validation Rules:</p></p><p /><p /><p />Each TARGET.VALUE field must have a matching DATA.NAME field.    </desc>
</t>
<t>
<field>DATA.NAME</field>
<desc>
            <p />
            <p>PW.MAPPING</p>
            <p />
            <p />
            <p>DATA.NAME</p>
            <p />
            <p>A user defined identifier that is used to link the DATA.SOURCE to the TARGET.FIELD. This same identifier must be input into the correlating TARGET.VALUE field.</p>
            <p />
            <p />
            <p>
                <p>Validation Rules:</p>
            </p>
            <p />
            <p />
            <p />Up to 35 alphanumeric characters.    </desc>
</t>
<t>
<field>DATA.SOURCE</field>
<desc>
            <p />
            <p>PW.MAPPING</p>
            <p />
            <p />
            <p>DATA.SOURCE</p>
            <p />
            <p>This field defines the path where the data comes from.</p>
            <p />
            <p />
            <p>EG.1</p>
            <p />
            <p>Using the syntax: Activity Name&gt;Field Name&gt;Application Name&gt;Field Name</p>
            <p>Activity Name: </p>
            <p />is a valid PW.ACTIVITY key that exists on the PW.PROCESS.DEFINITION record. The activity must have run before the activity that the data is being mapped to and to which the PW.MAPPING key is being attached.   <p>Field Name: is the field name (not number) off the transaction record that is related to the PW.ACTIVITY record. This is the field where the data will come from or will be used as a key to the linked Application.Name. The linking/syntax can stop here if the data from this field is the data that will be mapped.</p><p>Application Name: A valid T24 Application name. This application will be read using the data from the previous linked &amp;#8216;Field&amp;#8217; as the key to the file.</p><p>OPEN.ACCOUNT&gt;ACCOUNT.OFFICER&gt;DEPT.ACCT.OFFICER&gt;DEPT.PARENT&gt;DEPT.ACCT.OFFICER&gt;DELIVERY.POINT</p><p>OPEN.ACCOUNT = A valid PW.ACTIVITY where the Target field is set to &amp;#8216;ACCOUNT&amp;#8217;</p><p>ACCOUNT.OFFICER = Field off the ACCOUNT Application. The data from this field is used to read the DEPT.ACCT.OFFICER Application.</p><p>DEPT.ACCT.OFFICER = The next application to be read using the data from the previous field, ACCOUNT.OFFICER.</p><p>DEPT.PARENT = Field on the DEPT.ACCT.OFFICER record to retrieve data from to use as key to next Application.</p><p>DEPT.ACCT.OFFICER = The next application (coincidently) read using data from the previous DEPT.PARENT field as the key.</p><p>DELIVERY.POINT = Finally the data from this field off the DEPT.ACCT.OFFICER record is mapped into the correlating TARGET.FIELD</p><p>EG.2</p><p /><p /><p />&amp;#8216;CUSTOMER&amp;#8217;&gt;Field Name   <p>As long as the CUSTOMER id is inputted manually into the PW.PROCESS record, this will return the data from the field defined in Field Name off the CUSTOMER record.</p><p /><p /><p>EG.3</p><p /><p>Unique.Name &gt;Field name</p><p>Unique name is the unique name give to an activity on the PW.PROCESS.DEFINITION record. This name can be used where 2 identical PW.ACTIVITYs are defined on one PW.PROCESS.DEFINITION record, to differentiate between the two.</p><p>The rest of the syntax is the same as in EG.1</p><p>EG.4</p><p /><p>&amp;#8216;!TODAY&amp;#8217; &amp;#8211; Defaults the date of the day into the corresponding TARGET.FIELD</p><p>EG.5</p><p /><p>@Routine name.</p><p>Allows a valid routine name ( the routine name must exist in the EB.API application). The routine must return 1 argument containing the data to be mapped into the correlating TARGET.FIELD</p><p>EG.6</p><p /><p>Acitivity Name&gt;@ID; Defaults the ID of the related Activity into the corresponding TARGET.FIELD. The related Activity must be a previously run activity within the process which contains a PW.ACTIVITY.TXN record and a populated Transaction.Ref field. </p><p /><p /><p><p>Validation Rules:</p></p><p /><p /><p />Up to 35 alphanumeric characters.  <p /><p /><p />Multi-value field.  <p /><p /><p />See individual examples above.    </desc>
</t>
<t>
<field>MAP.SOURCE.ID</field>
<desc>
            <p />
            <p>PW.MAPPING</p>
            <p />
            <p />
            <p>MAP.SOURCE.ID</p>
            <p />
            <p>A descriptive key to identify the PW.MAP.SOURCE record. This record on the PW.MAP.SOURCE file allows generic mapping to be added to the PW.MAPPING record.</p>
            <p />
            <p />
            <p>
                <p>Validation Rules:</p>
            </p>
            <p />
            <p />
            <p />A valid PW.MAP.SOURCE key.    </desc>
</t>
<t>
<field>MAPPING.NAME</field>
<desc>
            <p>Help Text for this field is unavailable.  Please refer to the T24 User Guides for further information.</p>
        </desc>
</t>
</menu>
</t24help>

