<?xml version="1.0" encoding="utf-8"?>
<t24help>
<header>
<product>PW</product>
<table>PW.PROCESS</table>
</header>
<overview>
<ovdesc>

            <p />
            <p>    PW.PROCESS</p>
            <p />
            <p>    This table is the actual instance of a particular process. This table helps to mark the beginning of the process and the customer (if existing) for whom the current process is being initiated. The user has to input the process definition key. On authorization of this record, the system creates records in PW.ACTIVITY.TXN. The records created are for one per activity for the process. The records are created only when the particular activity is available for launching.</p>
        </ovdesc>
<ovimage></ovimage>
</overview>
<menu>
<t>
<field>ROUTE.RULE.VALN</field>
<desc>
            <p />
            <p>         PW.PROCESS</p>
            <p />
            <p>         ROUTE.RULE.VALN</p>
            <p>         This field holds the returned Boolean value of the EVAL.COND/EVAL.RULE of corresponding ROUTE.TO pattern construct in the process.</p>
            <p>
                <p>Validation Rules:</p>
            </p>
            <p>      System maintained. This is a NOINPUT field.</p>
        </desc>
</t>
<t>
<field>PATTERN.CONSTR</field>
<desc>
            <p />
            <p>          PW.PROCESS</p>
            <p />
            <p>          PATTERN.CONSTR</p>
            <p>          This holds the pattern construct of the corresponding PW.ACTIVITY.TXN record.</p>
            <p>
                <p>Validation Rules:</p>
            </p>
            <p>      System maintained. This is a NOINPUT field.</p>
            <p />
        </desc>
</t>
<t>
<field>PARENT.CTX.ID</field>
<desc>
            <p>Provides the Parent Context Id, as generated by the Campaign Generator or Opportunity Generator.</p>
            <p> During the running of the Campaign Or Opportunity Generation process, the system pre-selects a set of records, and runs each one against the Qualification Rule.  When one record passes the qualification rule, it creates the PW.PROCESS.  This field holds the ID of that record which passed the qualification rule.  This information is necessary, because when the opportunity is generated, it will require additional information such as the Probability Score and the Amount, which require rules to run.  These rules will be run to generate the Opportunity records.</p>
            <p> When a Opportunity record is changed from INBOUND to OUTBOUND. It initiates a Sales Workflow. In that case this field will contain the Opportunity Id.</p>
            <p>
                <p>Validation Rules:</p> : </p>
            <p> System Populated field., Noinput field.</p>
            <p> Contains the @ID of record provided by Opportunity Generator or Campaign Generator which has passed the qualification rule.</p>
            <p />
        </desc>
</t>
<t>
<field>PARENT.PROCESS</field>
<desc>
            <p />
            <p>          PW.PROCESS</p>
            <p />
            <p>          PARENT.PROCESS</p>
            <p />
            <p>          PW.PROCESS Id in this field denotes that this PW.PROCESS is an instance of a PW.PROCESS.DEFINITION(child) which is specified as an Activity within another PW.PROCESS.DEFINITION(Parent.)</p>
            <p />
            <p>       PW.PROCESS Id in this field is the PW.PROCESS Id of the Parent PW.PROCESS</p>
            <p />
            <p>
                <p>Validation Rules:</p>
            </p>
            <p />
            <p>       System maintained. This is a NOINPUT field. </p>
            <p />
            <p />
            <p />
            <p />
            <p />
        </desc>
</t>
<t>
<field>OVERRIDE</field>
<desc>
            <p>Help Text for this field is unavailable.  Please refer to the T24 User Guides for further information.</p>
        </desc>
</t>
<t>
<field>EXTERNAL.PROCESS</field>
<desc>
            <p>This field is used to store the external process id only.</p>
            <p>Validation Rules: </p>
            <p>             Non Mandatory Field.</p>
        </desc>
</t>
<t>
<field>OWNER</field>
<desc>
            <p />
            <p>          PW.PROCESS</p>
            <p />
            <p>          OWNER</p>
            <p>          A valid PW.PARTICIPANT key defining which user group is responsible for this process. The USERs or ACCT.OFFICERs listed in the PW.PARTICIPANT record will each allocated to a PW.ACTIVITY.TXN record on a rotational bases.</p>
            <p>          If an OWNER is not defined on the PW.ACTIVITY record then this OWNER field will be used to allocate USERs or ACCT.OFFICERs from.</p>
            <p>
                <p>Validation Rules:</p>
            </p>
            <p>      1. Mandatory field.</p>
            <p>      2. A valid PW.PARTICIPANT key. </p>
            <p />
            <p />
            <p />
            <p />
            <p />
            <p />
        </desc>
</t>
<t>
<field>START.DATE</field>
<desc>
            <p />
            <p>          PW.PROCESS</p>
            <p />
            <p>          START.DATE</p>
            <p />
            <p>          The date this PW.PROCESS record was created. If a date is not filled in, when the record is committed a date is defaulted into the record.</p>
            <p>
                <p>Validation Rules:</p>
            </p>
            <p>      1. Non-mandatory field.</p>
            <p>      2. If populated then it should be a valid Date</p>
            <p />
            <p />
            <p />
        </desc>
</t>
<t>
<field>OPP.GEN.ID</field>
<desc>
            <p>PW.PROCESS</p>
            <p> Specifies the Opportunity Generator Id which caused the generation of the PW Process.</p>
            <p>
                <p>Validation Rules:</p> : </p>
            <p> System populated field.</p>
            <p> Noinput Field.</p>
            <p> Must be a valid Opportunity Generator id.</p>
            <p />
        </desc>
</t>
<t>
<field>CUSTOMER</field>
<desc>
            <p />
            <p>          PW.PROCESS</p>
            <p />
            <p>          CUSTOMER</p>
            <p>          Used for Data Mapping, if the customer for the process is known the customer number can be input here which can then be used to default the customer details in a PW activity record. </p>
            <p>
                <p>Validation Rules:</p>
            </p>
            <p>      1. Non-mandatory field.</p>
            <p>      2. If populated then it should be a valid key from the Customer Application.</p>
            <p />
            <p />
            <p />
            <p />
        </desc>
</t>
<t>
<field>PROCESS.STATUS</field>
<desc>
            <p />
            <p>          PW.PROCESS</p>
            <p />
            <p>          PROCESS.STATUS</p>
            <p />
            <p>          This field indicates the overall status of the Process. This field gets its value populated depending upon the value mentioned in the field PROCESS.STATUS in PW.PROCESS.DEFINITION.</p>
            <p />
            <p>
                <p>Validation Rules:</p>
            </p>
            <p />
            <p>       System maintained. This is a NOINPUT field. </p>
            <p />
            <p />
        </desc>
</t>
<t>
<field>UNIQUE.NAME</field>
<desc>
            <p />
            <p>          PW.PROCESS</p>
            <p />
            <p>          UNIQUE.NAME </p>
            <p>          The UNIQUE.NAME that corresponds to the ACTIVITY defined on the PW.PROCESS.DEFINITION record. Can be used when two or more identical ACTIVITY names are defined on the PW.PROCESS.DEFINITION.</p>
            <p>
                <p>Validation Rules:</p>
            </p>
            <p>      System maintained. This is a NOINPUT field. </p>
            <p />
            <p />
            <p />
            <p />
            <p />
            <p />
            <p />
            <p />
            <p />
        </desc>
</t>
<t>
<field>SLA</field>
<desc>
            <p />
            <p>         PW.PROCESS</p>
            <p />
            <p>         SLA</p>
            <p>         This field contains the SLA(Service Level Agreement) defined for the process.</p>
            <p>         It should be defaulted from PW.PROCESS.DEFINITION.</p>
            <p>
                <p>Validation Rules:</p>
            </p>
            <p>         Up to 35 alphanumeric characters.</p>
            <p>         NOINPUT field.</p>
            <p>         Must be a valid record from SG.SLA application.</p>
            <p />
        </desc>
</t>
<t>
<field>COMPLETED</field>
<desc>
            <p />
            <p>          PW.PROCESS</p>
            <p />
            <p>          COMPLETED </p>
            <p>          This field contains a &amp;#8216;Y&amp;#8217; for Yes, when PW.ACTIVITY.TXN record has been completed.</p>
            <p>
                <p>Validation Rules:</p>
            </p>
            <p>      System maintained. This is a NOINPUT field. </p>
            <p />
            <p />
            <p />
            <p />
            <p />
            <p />
            <p />
            <p />
            <p />
            <p />
        </desc>
</t>
<t>
<field>REPEAT.BLOCK</field>
<desc>
            <p />
            <p>          PW.PROCESS</p>
            <p />
            <p>          REPEAT.BLOCK</p>
            <p>          This holds the value either Y or N .This is a system maintained marker used to validate if an activity is eligible for repetition at runtime.</p>
            <p>
                <p>Validation Rules:</p>
            </p>
            <p>      System maintained. This is a NOINPUT field.</p>
            <p />
        </desc>
</t>
<t>
<field>ROUTE.TO.ACT</field>
<desc>
            <p />
            <p>         PW.PROCESS</p>
            <p />
            <p>         ROUTE.TO.ACT</p>
            <p>         This holds the earlier activity stage in the process. The process loops back to this particular stage in the process during runtime.</p>
            <p>
                <p>Validation Rules:</p>
            </p>
            <p>      System maintained. This is a NOINPUT field.</p>
        </desc>
</t>
<t>
<field>DUE.DATE</field>
<desc>
            <p />
            <p>          PW.PROCESS</p>
            <p />
            <p>          DUE.DATE</p>
            <p>          This is calculated by adding the DEF.DURATION from the PW.PROCESS.DEFINITION to the START.DATE. (calculated on week days only).</p>
            <p />
            <p />
            <p>
                <p>Validation Rules:</p>
            </p>
            <p>      System maintained. This is a NOINPUT field.</p>
            <p />
            <p />
            <p />
            <p />
            <p />
            <p />
        </desc>
</t>
<t>
<field>PROCESS.DEFINITION</field>
<desc>
            <p />
            <p>          PW.PROCESS</p>
            <p />
            <p>          PROCESS.DEFINITION</p>
            <p />
            <p>          This is the PW.PROCESS.DEFINITION key for which you want to create a process for.</p>
            <p>
                <p>Validation Rules:</p>
            </p>
            <p>      1. Mandatory field.</p>
            <p>      2. A valid key from PW.PROCESS.DEFINITION</p>
            <p />
            <p />
            <p />
        </desc>
</t>
<t>
<field>COMPLETION.DATE</field>
<desc>
            <p />
            <p>          PW.PROCESS</p>
            <p />
            <p>          COMPLETION.DATE</p>
            <p>          This is automatically populated when the final ACTIVITY in the PROCESS is complete (when the COMPLETE.ACT in the PW.PROCESS.DEFINITION has been met).</p>
            <p>
                <p>Validation Rules:</p>
            </p>
            <p>      System maintained. This is a NOINPUT field. </p>
            <p />
            <p />
            <p />
            <p />
            <p />
            <p />
            <p />
        </desc>
</t>
<t>
<field>DEF.ACTIVITY</field>
<desc>
            <p />
            <p>          PW.PROCESS</p>
            <p />
            <p>          DEF.ACTIVITY</p>
            <p />
            <p />
            <p>          This holds the default branch activity name of the corresponding SWITCH pattern construct defined in the process.</p>
            <p />
            <p>          If the condition defined through EVAL.CONDITION/ EVAL.RULE fails, then the value defined in DEF.ACTIVITY will be activated.</p>
            <p>
                <p>Validation Rules:</p>
            </p>
            <p>      System maintained. This is a NOINPUT field.</p>
            <p />
        </desc>
</t>
<t>
<field>PW.PROCESS.ID</field>
<desc>
            <p />
            <p>          PW.PROCESS</p>
            <p />
            <p>          @ID</p>
            <p />
            <p>          This is an alphanumeric serial key to identify each individual process. This key is automatically generated using the F.LOCKING file and a record must be set up in the AUTO.ID.START file for the PW.PROCESS and PW.ACTIVITY.TXN files before creating processes.</p>
            <p>
                <p>Validation Rules:</p>
            </p>
            <p />
            <p />
            <p />
            <p />
        </desc>
</t>
<t>
<field>FLOW.ACT</field>
<desc>
            <p />
            <p>          PW.PROCESS</p>
            <p />
            <p>          FLOW.ACT</p>
            <p>          This holds the values of parallel activities defined in the process definition using the PARALLEL.FLOW pattern construct.</p>
            <p>
                <p>Validation Rules:</p>
            </p>
            <p>      System maintained. This is a NOINPUT field.</p>
            <p />
        </desc>
</t>
<t>
<field>ACTIVITY</field>
<desc>
            <p />
            <p>          PW.PROCESS</p>
            <p />
            <p>          ACTIVITY</p>
            <p>          Names the PW.ACTIVITY that is being run for this particular PW.ACTIVITY.TXN record. Is only populated if a PW.ACTIVITY.TXN record has been created.</p>
            <p />
            <p>         If a PW.PROCESS.DEFINITION is specified as an Activity (i.e nested Process Definiton), then this field will hold the name of the nested PW.PROCESS.DEFINITION instead of PW.ACTIVITY.  All other rules remains the same.</p>
            <p />
            <p />
            <p>
                <p>Validation Rules:</p>
            </p>
            <p>          System maintained. This is a NOINPUT field. </p>
            <p />
            <p />
            <p />
            <p />
            <p />
            <p />
            <p />
            <p />
            <p />
        </desc>
</t>
<t>
<field>ACTIVITY.TXN</field>
<desc>
            <p />
            <p>          PW.PROCESS</p>
            <p />
            <p>          ACTIVITY.TXN</p>
            <p>          When the PW.PROCESS record is committed and authorised, for each ACTIVITY on the corresponding PW.PROCESS.DEFINITION record that can be created ( IE. Activities that have no PRE.REQ.ACTs), the system creates PW.ACTIVITY.TXN record for each activity and these should appear on the process ENQUIRY to be executed.</p>
            <p>          These PW.ACTIVITY.TXN keys appear in this ACTIVITY.TXN field.</p>
            <p />
            <p>         If the Activity specified is a PW.PROCESS.DEFINITION then this field is ppulated with the PW.PROCESS Id of the nested Process defintion.</p>
            <p />
            <p />
            <p>
                <p>Validation Rules:</p>
            </p>
            <p />
            <p>           System maintained. This is a NOINPUT field. </p>
            <p />
            <p />
            <p />
            <p />
            <p />
            <p />
            <p />
            <p />
            <p />
        </desc>
</t>
<t>
<field>CAMP.GEN.ID</field>
<desc>
            <p />
            <p> PW.PROCESS</p>
            <p> Specifies the Campaign Generator Id which caused the generation of the PW Process.</p>
            <p>
                <p>Validation Rules:</p> : </p>
            <p> System populated field.</p>
            <p> Noinput Field.</p>
            <p> Must be a valid Campaign Generator Id, with Iteration Code.</p>
            <p />
        </desc>
</t>
<t>
<field>CASE.ACTIVITY</field>
<desc>
            <p />
            <p>          PW.PROCESS</p>
            <p />
            <p>          CASE.ACTIVITY</p>
            <p>          This holds the activity which was activated from the list of CASE.ACTIVITY values defined in the associated SWITCH pattern construct in the process definition. </p>
            <p />
            <p>          The specific CASE.ACTIVITY is triggered on the basis of the EVAL.CONDITION/ EVAL.RULE defined in the process definition. More information on defining the EVAL.CONDITION for a SWITCH pattern construct can be found in the helptext for PW.PROCESS.DEFINITION</p>
            <p>
                <p>Validation Rules:</p>
            </p>
            <p>      System maintained. This is a NOINPUT field.</p>
        </desc>
</t>
<t><field>PARAM.NAME</field><desc><p>Help Text for this field is unavailable.  Please refer to the T24 User Guides for further information.</p></desc></t><t><field>PARAM.VALUE</field><desc><p>Help Text for this field is unavailable.  Please refer to the T24 User Guides for further information.</p></desc></t></menu>
</t24help>
