<?xml version="1.0" encoding="utf-8"?>
<t24help>
<header>
<product>PW</product>
<table>PW.PARTICIPANT</table>
</header>
<overview>
<ovdesc>

            <p />
            <p />
            <p> PW.PARTICIPANT</p>
            <p />
            <p> This table helps in grouping together users. The grouped users can be made as default owners of activities and processes. This helps them in identifying their Daily work and can use the Enquiry to drill down and launch their tasks.</p>
            <p />
        </ovdesc>
<ovimage></ovimage>
</overview>
<menu>
<t>
<field>LAST.DAO</field>
<desc>
            <p />
            <p>  PW.PARTICIPANT</p>
            <p />
            <p>  LAST.DAO</p>
            <p>  Indicates the last DEPT.ACCT.OFFICER from the multi-value list of ACCT.OFFICERs that was assigned to a PW.ACTIVITY.TXN.</p>
            <p>  Automatically populated with each new PW.ACTIVITY.TXN record that has been created. </p>
            <p>
                <p>Validation Rules:</p>
            </p>
            <p />
            <p>  No input field.      Automatically populated.</p>
        </desc>
</t>
<t>
<field>PW.PARTICIPANT.ID</field>
<desc>
            <p />
            <p>  PW.PARTICIPANT</p>
            <p />
            <p>  @ID</p>
            <p>  A descriptive key, ideally the name of a USER or DEPT.ACCT.OFFICER group or who are responsible for certain areas of work.</p>
            <p>
                <p>Validation Rules:</p>
            </p>
            <p />
            <p>  Up to 35 Alphanumeric      characters.</p>
        </desc>
</t>
<t>
<field>SHORT.DESC</field>
<desc>
            <p />
            <p>  PW.PARTICIPANT</p>
            <p />
            <p>  SHORT.DESC</p>
            <p>  Describes the PW.PARTICIPANT record in an abbreviated form, which can be used for reporting purposes where space is limited. </p>
            <p />
            <p>
                <p>Validation Rules:</p>
            </p>
            <p />
            <p>  Up to 35 Alphanumeric      characters.</p>
        </desc>
</t>
<t>
<field>LAST.USER</field>
<desc>
            <p />
            <p>  PW.PARTICIPANT</p>
            <p />
            <p>  LAST.USER</p>
            <p>  Indicates the last USER from the multi-value list of USERs that was assigned to a PW.ACTIVITY.TXN.</p>
            <p>  Automatically populated with each new PW.ACTIVITY.TXN record that has been created. </p>
            <p>
                <p>Validation Rules:</p>
            </p>
            <p />
            <p>  No input field.      Automatically populated.</p>
        </desc>
</t>
<t>
<field>USER</field>
<desc>
            <p />
            <p>  PW.PARTICIPANT</p>
            <p />
            <p>  USER</p>
            <p>  Multi-value field to define list of USERs each of which will be automatically, cyclically assigned ownership to a PW.ACTIVITY.TXN. </p>
            <p />
            <p>
                <p>Validation Rules:</p>
            </p>
            <p />
            <p>  Up to 35 alphanumeric      characters.</p>
            <p>  Accepts valid USER key      only.</p>
            <p>  Will not allow data to be      inputted if ACCT.OFFICER/s have already been entered. ACCT.OFFICER and      USER fields are mutually exclusive. A PW.PARTICIPANT record can only      contain either a USER/list of USERS OR an ACCT.OFFICER/list of      ACCT.OFFICERs.</p>
        </desc>
</t>
<t>
<field>ACCT.OFFICER</field>
<desc>
            <p />
            <p>  PW.PARTICIPANT</p>
            <p />
            <p>  ACCT.OFFICER</p>
            <p>  Multi-value field to define list of ACCT.OFFICERs each of which will be automatically, cyclically assigned ownership to a PW.ACTIVITY.TXN. </p>
            <p />
            <p>
                <p>Validation Rules:</p>
            </p>
            <p />
            <p>  Up to 35 alphanumeric      characters.</p>
            <p>  Accepts valid      DEPT.ACCT.OFFICER key only.</p>
            <p>  Will not allow data to be      inputted if USER/s have already been entered. ACCT.OFFICER and USER fields      are mutually exclusive. A PW.PARTICIPANT record can only contain either a      USER/list of USERS OR an ACCT.OFFICER/list of ACCT.OFFICERs.</p>
        </desc>
</t>
<t>
<field>ALLOW.EXT.USR</field>
<desc>
            <p>Field to indicate if the activity can be assigned to an external user.</p>
        </desc>
</t>
<t>
<field>DEPT.ACCT.OFFICER</field>
<desc>
            <p>Valid Dept.Acct.Officer</p>
            <p>  Multi-value field to define list of DAOs each of which will be automatically, cyclically assigned ownership to a PW.ACTIVITY.TXN. </p>
            <p />
            <p>
                <p>Validation Rules:</p>
            </p>
            <p />
            <p>    Accepts valid DAO only.</p>
            <p>  Will not allow data to be inputted if USERs have already been entered. ACCT.OFFICER and      USER fields are mutually exclusive. A PW.PARTICIPANT record can only      contain either a USER/list of USERS OR an ACCT.OFFICER/list of      ACCT.OFFICERs.</p>
        </desc>
</t>
<t>
<field>DESCRIPTION</field>
<desc>
            <p />
            <p>  PW.PARTICIPANT</p>
            <p />
            <p>  DESCRIPTION</p>
            <p>  Describes the PW.PARTICIPANT record and is used for the enrichment of the key.</p>
            <p />
            <p />
            <p>
                <p>Validation Rules:</p>
            </p>
            <p />
            <p>  Up to 35 Alphanumeric characters.</p>
        </desc>
</t>
</menu>
</t24help>

