<?xml version="1.0" encoding="utf-8"?>
<t24help>
<header>
<product>PW</product>
<table>PW.PARAMETER</table>
</header>
<overview>
<ovdesc>

            <p>Parameter table of the PW product.</p>
        </ovdesc>
<ovimage></ovimage>
</overview>
<menu>
<t>
<field>RETENTION.PERIOD</field>
<desc>
            <p>PW.PROCESS and PW.ACTIVITY.TXN records are archived if the COMPLETION.DATE of PW.PROCESS record is older than or equal to this period.</p>
            <p />
            <p>   Alternative method of specifying the MOV.HIS.DATE. </p>
            <p />
            <p>   In the format nnD or nnW or nnM or nnY where nn is a number of either Days or Weeks or Months or Years</p>
            <p />
            <p>   Validation:</p>
            <p />
            <p>   1. Valid T24 period </p>
            <p>   2. 1-10 type "A" (alphanumeric) characters.</p>
            <p>   3. Should be in the format nnD (days) or nnW (weeks) or nnM (months) or nnY (years)</p>
            <p>   4. Mutually exclusive with MOV.HIS.DATE.</p>
            <p>Number of days the record can stay in live file after  PW.PROCESS is completed, monthly,yearly or weekly.</p>
        </desc>
</t>
<t>
<field>SYSTEM</field>
<desc>
            <p>The only ID of this Table is 'SYSTEM'.</p>
            <p />
        </desc>
</t>
<t>
<field>USE.WFLOW.PATTERNS</field>
<desc>
            <p>Setting this field to YES enables us to define the pattern construct fields in PW.PROCESS.DEFINITION.</p>
            <p />
            <p>The value of NO prevents the user from using the pattern constructs in the process definition.</p>
            <p />
            <p>   Validation:</p>
            <p />
            <p>   1. Value of YES or NO.</p>
            <p />
        </desc>
</t>
<t>
<field>DESCRIPTION</field>
<desc>
            <p>Description of PW.PARAMETER</p>
            <p />
            <p>   Validaton:</p>
            <p />
            <p>   1. 1-35 type "A" (any) characters.</p>
            <p>   2. Mandatory and multivaluable.</p>
            <p />
        </desc>
</t>
<t>
<field>MOV.HIS.DATE</field>
<desc>
            <p>PW.PROCESS and PW.ACTIVITY.TXN records are archived if the COMPLETION.DATE of PW.PROCESS record is older than or equal to this date.  </p>
            <p />
            <p>   Validation:</p>
            <p />
            <p>   1. valid T24 date field.</p>
            <p>   2. 1 - 8 characters</p>
            <p>   3. Optional input.</p>
            <p>   4. Mutually exclusive with RETENTION.PERIOD</p>
            <p>Date on which the PW.PROCESS records should be moved from live to history.</p>
        </desc>
</t>
<t>
<field>OVERRIDE</field>
<desc>
            <p>A multivalued override field with NO-INPUT.</p>
        </desc>
</t>
</menu>
</t24help>

