<?xml version="1.0" encoding="utf-8"?>
<t24help>
<header>
<product>PW</product>
<table>PW.STATUS</table>
</header>
<overview>
<ovdesc>

            <p>This table contains the various status codes that could be used to attach to different activities. The status is defined separately so as to allow reuse.</p>
        </ovdesc>
<ovimage></ovimage>
</overview>
<menu>
<t>
<field>DESCRIPTION</field>
<desc>
            <p />
            <p> PW.STATUS</p>
            <p />
            <p> DESCRIPTION</p>
            <p> Describes the PW.STATUS record and is used for enrichment of the key. </p>
            <p>
                <p>Validation Rules:</p>
            </p>
            <p />
            <p>  A maximum of 35      alphanumeric characters may be entered.</p>
        </desc>
</t>
<t>
<field>PW.STATUS.ID</field>
<desc>
            <p />
            <p> PW.STATUS </p>
            <p />
            <p> @ID</p>
            <p />
            <p> This is the key by which the PW.STATUS record can be identified.</p>
            <p> It is a user defined descriptive key which will is used to define the status of an ACTIVITY in a PROCESS workflow.</p>
            <p>
                <p>Validation Rules:</p>
            </p>
            <p />
            <p>  2-35 (Uppercase      alphanumeric) Type A.</p>
        </desc>
</t>
<t>
<field>SHORT.DESC</field>
<desc>
            <p />
            <p> PW.STATUS</p>
            <p />
            <p> SHORT.DESC</p>
            <p />
            <p />
            <p />
            <p> Describes the PW.STATUS record in an abbreviated format, which can be used for reporting.</p>
            <p />
            <p />
            <p>
                <p>Validation Rules:</p>
            </p>
            <p />
            <p>  1-35 alphanumeric      characters may be entered.</p>
            <p> Mandatory field.</p>
        </desc>
</t>
</menu>
</t24help>

