<?xml version="1.0" encoding="utf-8"?>
<t24help>
<header>
<product>PW</product>
<table>PW.TRANSITION</table>
</header>
<overview>
<ovdesc>

            <p>This table contains the rule that needs to be checked against a particular instance of activity. The specified rule here is validated and a Boolean status is returned. The condition could be a direct checking of the particular value in the current record or could be a routine. An activity can have multiple transition rules attached. </p>
            <p />
            <p />
        </ovdesc>
<ovimage></ovimage>
</overview>
<menu>
<t>
<field>SELECTION.FIELD</field>
<desc>
            <p />
            <p>  PW.TRANSITION</p>
            <p />
            <p>  SELECTION.FIELD</p>
            <p>  A valid field number on the application associated with the PW.ACTIVITY record (to which this record will be attached).</p>
            <p>
                <p>Validation Rules:</p>
            </p>
            <p />
            <p>  35 alphanumeric characters</p>
            <p>  There is NO validation on this      field to ensure that the field number exists on the associated      application.</p>
        </desc>
</t>
<t>
<field>SELECTION.OPERAND</field>
<desc>
            <p />
            <p>  PW.TRANSITION</p>
            <p />
            <p>  SELECTION.OPERAND</p>
            <p>  Used in conjunction with multi-value group, SELECTION.FIELD. </p>
            <p>  If set to AND then the conditions set up in the SELECTION.FIELD multi-value group will have to be met as well as the conditions set in the routine indicated in the ROUTINE field. </p>
            <p />
            <p />
            <p>
                <p>Validation Rules:</p>
            </p>
            <p />
            <p>  Only AND, OR or a blank      field is valid. </p>
            <p>  If both SELECTION.FIELDS      and a Routine is defined SELECTION.OPERAND must be set.</p>
        </desc>
</t>
<t>
<field>ROUTINE</field>
<desc>
            <p />
            <p>  PW.TRANSITION</p>
            <p />
            <p>  ROUTINE</p>
            <p>  Local routine name &amp;#8211; routine to return 1 argument containing an error if conditions or rules within the local routine are not met. </p>
            <p />
            <p />
            <p />
            <p>
                <p>Validation Rules:</p>
            </p>
            <p />
            <p>  Valid local routine name.</p>
        </desc>
</t>
<t>
<field>PW.TRANSITION.ID</field>
<desc>
            <p />
            <p>  PW.TRANSITION</p>
            <p />
            <p>  @ID</p>
            <p />
            <p />
            <p>  This is the key by which the PW.TRANSITION record can be identified.</p>
            <p>  The PW.TRANSITION record sets conditions or rules, which determines if the status of the PW.ACTIVITY.TXN record changes, subsequently resulting in the population of the next PW.ACTIVITY.TXN (activity) in a process.</p>
            <p>
                <p>Validation Rules:</p>
            </p>
            <p />
            <p>   Up to 35 Alphanumeric      characters</p>
        </desc>
</t>
<t>
<field>CRITERIA</field>
<desc>
            <p />
            <p>  PW.TRANSITION</p>
            <p />
            <p>  CRITERIA</p>
            <p>  Specifies the value with which the contents of the field indicated in SELECTION.FIELD are to be compared.</p>
            <p>
                <p>Validation Rules:</p>
            </p>
            <p />
            <p>  Up to 35 alphanumeric      characters. Part of the Multi-value set associated with SELECTION.FIELD. </p>
            <p>  Sub-value field. (Mandatory      input if SELECTION.FIELD is entered, otherwise input is not allowed.)</p>
        </desc>
</t>
<t>
<field>DESCRIPTION</field>
<desc>
            <p />
            <p>  PW.TRANSITION</p>
            <p />
            <p>  DESCRIPTION</p>
            <p />
            <p>  Describes the PW.TRANSITION record and is used for enrichment of the key.</p>
            <p />
            <p>
                <p>Validation Rules:</p>
            </p>
            <p />
            <p>  Up to 35 Alphanumeric      characters</p>
            <p>  Mandatory field</p>
        </desc>
</t>
<t>
<field>OPERAND</field>
<desc>
            <p />
            <p>  PW.TRANSITION</p>
            <p />
            <p>  OPERAND</p>
            <p>  Specifies the type of comparison to be made between the contents of the field indicated in SELECTION.FIELD and the value specified in the CRITERIA field. </p>
            <p>  The conditions of this record are said to be met if these conditions have been satisfied.</p>
            <p />
            <p />
            <p />
            <p>  The meanings of the Inputs are as follows:</p>
            <p>  EQ Equal </p>
            <p>  GE Greater than or Equal to</p>
            <p>  GT Greater Than </p>
            <p>  LE Less than or Equal to </p>
            <p>  LT Less Than </p>
            <p>  NE Not Equal to </p>
            <p>  LK Like </p>
            <p>  UL Unlike </p>
            <p />
            <p />
            <p>
                <p>Validation Rules:</p>
            </p>
            <p />
            <p>  EQ, GE, GT, LE, LT, NE, LK,      UL or no input. Multi-value field associated with Fields 2 and 4.      (Mandatory input if SELECTION.FIELD is entered, otherwise input is not      allowed.)</p>
        </desc>
</t>
<t>
<field>OVERRIDE</field>
<desc>
        </desc>
</t>
</menu>
</t24help>

