<?xml version="1.0" encoding="utf-8"?>
<t24help>
<header>
<product>PW</product>
<table>PW.TXN.REF</table>
</header>
<overview>
<ovdesc></ovdesc>
<ovimage></ovimage>
</overview>
<menu>
<t>
<field>ACTIVITY.TXN.ID</field>
<desc>
            <p />
            <p />
            <p>  PW.TXN.REF</p>
            <p />
            <p>  ACTIVITY.TXN.ID</p>
            <p />
            <p>  This links the PW.ACTIVITY.TXN along with the T24 Application/ version name specified in the Target field of PW.ACTIVITY along with the ID.</p>
            <p />
            <p>
                <p>Validation Rules:</p>
            </p>
            <p>  System Maintained. No-input. </p>
            <p />
        </desc>
</t>
<t>
<field>PW.TXN.REF.ID</field>
<desc>
            <p />
            <p />
            <p>  PW.TXN.REF</p>
            <p />
            <p> @ID</p>
            <p />
            <p>  This is the key of PW.TXN.REF. The syntax is &lt;T24 Application/version name&gt; :’*’:&lt; ID&gt;</p>
            <p />
            <p>  This links the PW.ACTIVITY.TXN along with the T24 Application/ version name specified in the Target field of PW.ACTIVITY along with the ID.</p>
            <p />
        </desc>
</t>
</menu>
</t24help>

