<?xml version="1.0" encoding="utf-8"?>
<t24help>
<header>
<product>PW</product>
<table>PW.VERB</table>
</header>
<overview>
<ovdesc>

        </ovdesc>
<ovimage></ovimage>
</overview>
<menu>
<t>
<field>DESCRIPTION</field>
<desc>
            <!--[if gte mso 9]><xml>
  <v:background id="_x0000_s1025" o:bwmode="white">
   <v:fill src="file:///R:/WORK/back.jpg" type="tile"/>
  </v:background></xml><![endif]-->
            <p />
            <p>PW.VERB</p>
            <p />
            <p>DESCRIPTION </p>
            <p>Describes the PW.VREB record and I used as the enrichment of the key.</p>
            <p />
            <p />
            <p>
                <p>Validation Rules:</p>
            </p>
            <p />
            <p> Up to 35 alphanumeric      characters.</p>
        </desc>
</t>
<t>
<field>PARENT</field>
<desc>
            <!--[if gte mso 9]><xml>  <v:background id="_x0000_s1025" o:bwmode="white">   <v:fill src="file:///R:/WORK/back.jpg" type="tile"/>  </v:background></xml><![endif]-->
            <p />
            <p>PW.VERB</p>
            <p />
            <p>PARENT </p>
            <p>At a later stage will be used for nesting processes and then this field will indicate a parent/child association.</p>
            <p />
            <p />
            <p>
                <p>Validation Rules:</p>
            </p>
            <p />
            <p>Up to 35 alphanumeric      characters.</p>
            <p>Must be a valid PW.VERB      key.</p>
        </desc>
</t>
<t>
<field>PW.VERB.ID</field>
<desc>
            <!--[if gte mso 9]><xml>  <v:background id="_x0000_s1025" o:bwmode="white">   <v:fill src="file:///R:/WORK/back.jpg" type="tile"/>  </v:background></xml><![endif]-->
            <p />
            <p>PW.VERB</p>
            <p />
            <p>@ID</p>
            <p />
            <p>The Key to this file is used for the naming convention of the key to the PW.ACTIVITY records.</p>
            <p>It is suggested that this key is a verb used to describe what is being done in an activity.</p>
            <p>EG. CREATE, INPUT, DELETE etc.</p>
            <p>These keys will need to be concatenated with a PW.ACTIVITY.OBJECT key to make up a PW.ACTIVITY key.</p>
            <p>EG.</p>
            <p />
            <p>Where PW.ACTIVITY.OBJECT</p>
            <p />key = &amp;#8216;ACCOUNT&amp;#8217;<p /><p /><p /><p>And</p><p />PW.VERB key would<p />= &amp;#8216;CREATE&amp;#8217;<p /><p /><p /><p>The PW.ACTIVITY key would = &amp;#8216;CREATE.ACCOUNT&amp;#8217;</p><p /><p /><p /><p><p>Validation Rules:</p></p><p /><p> Up to 35 alphanumeric      characters.</p></desc>
</t>
</menu>
</t24help>

