<?xml version="1.0" encoding="utf-8"?>
<t24help>
<header>
<product>SY</product>
<table>SY.OTCCRAN</table>
</header>
<overview>
<ovdesc>

            <p>Input screen for an over the counter Callable Range Accrual Note</p>
        </ovdesc>
<ovimage></ovimage>
</overview>
<menu>
<t>
<field>HIGH.BARRIER</field>
<desc>
            <p>The high price for the security at which the CRAN will knock out and pay a rate of 0% on the pricipal for the life of the deal </p>
        </desc>
</t>
<t>
<field>MATURITY.DATE</field>
<desc>
            <p>The date on which this deal matures</p>
        </desc>
</t>
<t>
<field>INTEREST.BASIS</field>
<desc>
            <p>The interest basis for the underlying Money Market</p>
        </desc>
</t>
<t>
<field>FUND.AMOUNT</field>
<desc>
            <p>The Principal amount for the CRAN</p>
        </desc>
</t>
<t>
<field>TRACKED.SECURITY</field>
<desc>
            <p>The Security whose price the CRAN will track through out its life</p>
        </desc>
</t>
<t>
<field>VALUE.DATE</field>
<desc>
            <p>The date from which the enhanced interest Rate will apply</p>
        </desc>
</t>
<t>
<field>TRADE.DATE</field>
<desc>
            <p>The date on which the deal is input</p>
        </desc>
</t>
<t>
<field>PORTFOLIO</field>
<desc>
            <p>The portfolio to which this deal belongs</p>
            <p>Must be a valid record in the SEC.ACC.MASTER table</p>
        </desc>
</t>
<t>
<field>OVERRIDE</field>
<desc>
        </desc>
</t>
<t>
<field>LOW.BARRIER</field>
<desc>
            <p>The low price for the security at which the CRAN will knock out and pay a rate of 0% on the pricipal for the life of the deal </p>
        </desc>
</t>
<t>
<field>ENHANCED.RATE</field>
<desc>
            <p>The Enhanced Rate payable on maturity if the security price does not reach either the HIGH.BARRIER or the LOW.BARRIER </p>
        </desc>
</t>
<t>
<field>ACCOUNT</field>
<desc>
            <p>The customers account to be used to fund the deal</p>
            <p>Must be a valid record in the ACCOUNT table</p>
        </desc>
</t>
<t>
<field>CURRENCY</field>
<desc>
            <p>Currency of the deal</p>
        </desc>
</t>
<t>
<field>DEALER.DESK</field>
<desc>
            <p>The dealer desk for this and any underlying deals</p>
        </desc>
</t>
<t>
<field>DEPOSIT.CATEGORY</field>
<desc>
            <p>The Deposit Category for the Underlying Money Market</p>
        </desc>
</t>
</menu>
</t24help>