<?xml version="1.0" encoding="utf-8"?>
<t24help>
<header>
<product>MF</product>
<table>MF.AMORT.MASTER</table>
</header>
<overview>
<ovdesc></ovdesc>
<ovimage></ovimage>
</overview>
<menu>
<t>
<field>PREV.CHRG.DT</field>
<desc>
            <p>This field would be updated by the system with the previous date of amortization.</p>
            <p>
                <p>Validation Rules:</p>
            </p>
            <p>This is a No Input field.</p>
            <p>Fields from AMORT.DESC to ACTIVE.CLOSE would be associated multi-value fields.</p>
            <p />
        </desc>
</t>
<t>
<field>DR.TRAN.CODE</field>
<desc>
            <p>This field will hold the Debit transaction code to be used in the accounting entries.</p>
            <p>
                <p>Validation Rules:</p>
            </p>
            <p>Mandatory Input. Must be a valid TRANSACTION code</p>
            <p />
        </desc>
</t>
<t>
<field>CR.TRAN.CODE</field>
<desc>
            <p>This field will hold the Credit transaction code to be used in the accounting entries</p>
            <p>
                <p>Validation Rules:</p>
            </p>
            <p>Mandatory Input. Must be a valid TRANSACTION code</p>
            <p />
        </desc>
</t>
<t>
<field>AMORT.END.DT</field>
<desc>
            <p>Date on which the amortisation of initial expenses would end for this fund.</p>
            <p>
                <p>Validation Rules:</p>
            </p>
            <p>Mandatory Input. This is a standard date field.</p>
            <p>Fields from AMORT.DESC to ACTIVE.CLOSE would be associated multi-value fields</p>
            <p />
        </desc>
</t>
<t>
<field>STATEMENT.NOS</field>
<desc>
            <p>Standard T24 statement number field</p>
            <p>This is No Input field</p>
            <p />
        </desc>
</t>
<t>
<field>OVERRIDE</field>
<desc>
        </desc>
</t>
<t>
<field>AMORT.SETT.ACC</field>
<desc>
            <p>The amortisation amount would be credited to this account.</p>
            <p>
                <p>Validation Rules:</p>
            </p>
            <p>Mandatory Input. This should be a valid account.</p>
            <p>Fields from AMORT.DESC to ACTIVE.CLOSE would be associated multi-value fields</p>
            <p />
        </desc>
</t>
<t>
<field>ACTIVE.CLOSE</field>
<desc>
            <p>This field will indicate whether this fund is Active or not. This will be updated as close once the End date is reached.</p>
            <p>
                <p>Validation Rules:</p>
            </p>
            <p>Allowed values ACTIVE_CLOSE</p>
            <p>Fields from AMORT.DESC to ACTIVE.CLOSE would be associated multi-value fields.</p>
            <p />
        </desc>
</t>
<t>
<field>AMORT.CCY</field>
<desc>
            <p>The currency in which the initial expenses of the fund are to be amortised. </p>
            <p>
                <p>Validation Rules:</p>
            </p>
            <p>Must be a valid CURRENCY code.</p>
            <p>Fields from AMORT.DESC to ACTIVE.CLOSE would be associated multi-value fields.</p>
            <p />
        </desc>
</t>
<t>
<field>AMORT.CHRG.ACC</field>
<desc>
            <p>This should be a valid account. The other leg of the amortisation amount would be debited to this account.</p>
            <p>
                <p>Validation Rules:</p>
            </p>
            <p>Mandatory Input. Should be a valid ACCOUNT number.</p>
            <p>Fields from AMORT.DESC to ACTIVE.CLOSE would be associated multi-value fields.</p>
            <p />
            <p />
        </desc>
</t>
<t>
<field>AMORT.CHRG.AMT</field>
<desc>
            <p>The total amount of initial expenses of the fund that needs to be amortised</p>
            <p>
                <p>Validation Rules:</p>
            </p>
            <p>Mandatory Input. Standard T24 Amount format.</p>
            <p>Fields from AMORT.DESC to ACTIVE.CLOSE would be associated multi-value fields.</p>
            <p />
            <p />
        </desc>
</t>
<t>
<field>AMORT.CHRG.FREQ</field>
<desc>
            <p>Specifies the frequency based on which the amortisation entries should be raised for this fund.  </p>
            <p>
                <p>Validation Rules:</p>.</p>
            <p>Standard T24 Frequency format.</p>
            <p>Fields from AMORT.DESC to ACTIVE.CLOSE would be associated multi-value fields.</p>
            <p />
        </desc>
</t>
<t>
<field>NEXT.CHRG.DT</field>
<desc>
            <p>This field would be updated by the system with the next date of amortization</p>
            <p>This is a No Input field.</p>
            <p>Fields from AMORT.DESC to ACTIVE.CLOSE would be associated multi-value fields.</p>
            <p />
        </desc>
</t>
<t>
<field>AMORT.CHRG.BAL</field>
<desc>
            <p>This field would be updated by the system with the remaining amount to be amortised.</p>
            <p>This is a  No Input field. </p>
            <p>Fields from AMORT.DESC to ACTIVE.CLOSE would be associated multi-value fields.</p>
            <p />
        </desc>
</t>
<t>
<field>AMORT.DESC</field>
<desc>
            <p>This is the description of the amortisation of a particular fund</p>
            <p>
                <p>Validation Rules:</p>
            </p>
            <p>Optional Input.</p>
            <p>Fields from AMORT.DESC to ACTIVE.CLOSE would be associated multi-value fields.</p>
            <p />
        </desc>
</t>
<t>
<field>FUND.ID</field>
<desc>
            <p>This the key of the file MF.AMORT.MASTER. </p>
            <p>
                <p>Validation Rules:</p>
            </p>
            <p>   This should be a valid MF.FUND.MASTER ID</p>
            <p />
        </desc>
</t>
<t>
<field>AMORT.START.DT</field>
<desc>
            <p>This is a standard date field. This is date from which the amortisation of initial expenses would start for this fund</p>
            <p>
                <p>Validation Rules:</p>
            </p>
            <p>Optional Input. This is a standard date field.</p>
            <p>Fields from AMORT.DESC to ACTIVE.CLOSE would be associated multi-value fields.</p>
            <p />
        </desc>
</t>
</menu>
</t24help>

