<?xml version="1.0" encoding="utf-8"?>
<t24help>
<header>
<product>MF</product>
<table>MF.FUND.MASTER</table>
</header>
<overview>
<ovdesc>

            <p>This file is used to record and maintain details of all mutual funds.Comprehensive information relating to each fund along with the conditions applicable to it is stored in this file. </p>
            <p />
        </ovdesc>
<ovimage></ovimage>
</overview>
<menu>
<t>
<field>FUND.ID</field>
<desc>
            <p>Specifies the ID of the Fund Master record. The MF.FUND.MASTER could be created only after setting up SECURITY.MASTER, the ID of both remaining the same. The SECURITY.MASTER should be set up for the fund, treating it as a security in order to maintain and update price details.</p>
            <p>
                <p>Validation Rules:</p>
            </p>
            <p>    Valid SECURITY.MASTER ID</p>
        </desc>
</t>
<t>
<field>MIN.REDM.AGE.ACTN</field>
<desc>
            <p>Defines whether error or override needs to be raised when minimum condition as above is not met.</p>
            <p>    If MIN.INIT.REDM.PRD is specified and this field is left blank,the system would raise override when the condition is not met.</p>
            <p>
                <p>Validation Rules:</p>
            </p>
            <p>    Optional Input. Allowed values are  'ERROR' or 'OVERRIDE'.</p>
            <p>    Would be defauled to 'OVERRIDE' when left blank and MIN.INIT.REDM.PRD is specified.</p>
            <p />
        </desc>
</t>
<t>
<field>DFUND.OR.FOF</field>
<desc>
            <p>Defines whether the fund is a direct fund or a Fund of Fund.</p>
            <p>
                <p>Validation Rules:</p>
            </p>
            <p>    Mandatory Input. Allowed values are 'DIRECT' or 'FOF'</p>
            <p />
        </desc>
</t>
<t>
<field>FUND.BOOK</field>
<desc>
            <p>This field identifies the book pertaining to the fund, the value being the ID of the company in which the dealer book portfolio for the fund scheme is set.Incase of a fund management model,this field assumes significance since it enables the System to post profit and loss accounting entries that are raised, to the respective fund books.However the field FUND.GL.REQD in MF.PARAMETER should be set as 'Y' for this to take effect. </p>
            <p>    For a retail model, the field FUND.BOOK should be input with the ID of the company.</p>
            <p>
                <p>Validation Rules:</p>
            </p>
            <p>    Mandatory Input. Must be a valid COMPANY ID.</p>
            <p />
        </desc>
</t>
<t>
<field>MINIMUM.HOLDING</field>
<desc>
            <p>The minimum units that needs to be held at any point of time. While redeeming, the system would check the units being redeemed against the current holding to see whether the condition is met. </p>
            <p>
                <p>Validation Rules:</p>
            </p>
            <p>    Optional Input. Standard T24 nominal / amount ( NOMAMT ) format.</p>
            <p />
        </desc>
</t>
<t>
<field>START.DATE</field>
<desc>
            <p>Identifies the date when the fund was opened.</p>
            <p>   This field will be used for validation purposes in the application level in MF.ORDER.BY.CUST, MF.ORDER and MF.TRADE .i.e. Transactions cannot have a trade date / order date prior to this date. </p>
            <p>
                <p>Validation Rules:</p>
            </p>
            <p>   Mandatory Input. Standard T24 Date format.</p>
            <p />
        </desc>
</t>
<t>
<field>MIN.INIT.ACTION</field>
<desc>
            <p>Defines whether error or override needs to be raised when minimum condition as above is not met.</p>
            <p>    If MIN.INIT.SUBS is specified and this field is left blank,the system would raise override when the condition is not met.</p>
            <p>
                <p>Validation Rules:</p>
            </p>
            <p>    Optional Input. Allowed values are  'ERROR' or 'OVERRIDE'.</p>
            <p>    Would be defauled to 'OVERRIDE' when left blank and MIN.INIT.SUBS is specified.</p>
            <p />
        </desc>
</t>
<t>
<field>DISC.TYPE</field>
<desc>
            <p>This would specify whether discount, if any, is in terms of percentage or amount</p>
            <p>
                <p>Validation Rules:</p>
            </p>
            <p>    Allowed values are 'PERCENTAGE' or 'AMOUNT'</p>
            <p>    Fields from TRANS.TYPE to DISC.AMT would be associated multi-value fields and fields from HOLD.PERIOD to DISC.AMT would be associated sub value fields.  </p>
            <p />
        </desc>
</t>
<t>
<field>MIN.INIT.REDM.PRD</field>
<desc>
            <p>Defines minimum number of days to be held before the redemption of this position.</p>
            <p>
                <p>Validation Rules:</p>
            </p>
            <p>    Optional Input. Could be nD, nW, nM or nY where n is the number of calender days, Working days, Months or Years</p>
        </desc>
</t>
<t>
<field>MIN.ENSUING.SUBS</field>
<desc>
            <p>Defines the minimum amount of subscription if customer already has a holding in the fund. </p>
            <p>
                <p>Validation Rules:</p>
            </p>
            <p>    Optional Input.Standard T24 Amount format</p>
            <p />
        </desc>
</t>
<t>
<field>OVERRIDE</field>
<desc>
            <p>Help Text for this field is unavailable.  Please refer to the T24 User Guides for further information.</p>
        </desc>
</t>
<t>
<field>SETTLEMENT.ACCOUNT</field>
<desc>
            <p>The account used for investments by the fund. The proceeds from the control account would be transferred to the settlement account from where the investments would be made.</p>
            <p>
                <p>Validation Rules:</p>
            </p>
            <p>   Must be a valid ACCOUNT record</p>
            <p />
        </desc>
</t>
<t>
<field>MIN.PERIOD.ACTION</field>
<desc>
            <p>Defines whether error or override needs to be raised when minimum condition as above is not met.</p>
            <p>    If MIN.HLDG.PERIOD is specified and this field is left blank,the system would raise override when the condition is not met.</p>
            <p>
                <p>Validation Rules:</p>
            </p>
            <p>    Optional Input. Allowed values are  'ERROR' or 'OVERRIDE'.</p>
            <p>    Would be defauled to 'OVERRIDE' when left blank and MIN.HLDG.PERIOD is specified.</p>
            <p />
        </desc>
</t>
<t>
<field>FACE.VALUE</field>
<desc>
            <p>Defines the face value per unit of the fund.</p>
            <p>
                <p>Validation Rules:</p>
            </p>
            <p>    Mandatory Input. Standard T24 Amount format.</p>
            <p />
        </desc>
</t>
<t>
<field>PRICE.AT.INCEPTION</field>
<desc>
            <p>The price at inception, i.e. New Fund Offer price</p>
            <p>
                <p>Validation Rules:</p>
            </p>
            <p>   Mandatory Input. Standard T24 Price format.</p>
            <p />
        </desc>
</t>
<t>
<field>CONTROL.ACCOUNT</field>
<desc>
            <p>The account where the subscriptions would be credited to and redemptions would be made from.</p>
            <p>
                <p>Validation Rules:</p>
            </p>
            <p>    Must be a valid ACCOUNT record</p>
            <p />
        </desc>
</t>
<t>
<field>MIN.REDM.PRD.ACTN</field>
<desc>
            <p>Defines whether error or override needs to be raised when minimum condition as above is not met. </p>
            <p>
                <p>Validation Rules:</p>
            </p>
            <p>     Optional Input. Allowed values are 'ERROR' or 'OVERRIDE'.</p>
            <p>     If MIN.INIT.REDM.PRD is set and this field is null then override would be raised if the above condition is not met.</p>
            <p />
        </desc>
</t>
<t>
<field>TRUSTEE.NAME</field>
<desc>
            <p>Name of the trustee to the fund. </p>
            <p>
                <p>Validation Rules:</p>
            </p>
            <p>   Optional Input. Free format text. 1-35 alpha numeric characters.</p>
            <p />
        </desc>
</t>
<t>
<field>PORTFOLIO.CHG</field>
<desc>
            <p>These are add ons to NAV for determining the subscription/redemption price</p>
            <p>
                <p>Validation Rules:</p>
            </p>
            <p>   Must be a valid FT.COMMISSION.TYPE record</p>
            <p />
        </desc>
</t>
<t>
<field>ISSUE.SIZE</field>
<desc>
            <p>Defines the issue size in terms of amount for the fund and is used for information purpose.</p>
            <p>
                <p>Validation Rules:</p>
            </p>
            <p>    Standard T24 Amount format.</p>
            <p />
        </desc>
</t>
<t>
<field>OTH.FEE.TRN.TYP</field>
<desc>
            <p>The transaction type for which this charge would be applicable. If ALL is specified, this charge would be applicable for all transaction types, if ALL.CREDIT is specified, this would be applicable for all credit (subscription) transactions, if ALL.DEBIT is specified, this would be applicable for all redemptions. By using different transaction types, it is possible to levy different charges for initial subscription, partial redemptions, full redemptions, switches, etc.</p>
            <p>
                <p>Validation Rules:</p>
            </p>
            <p>    Allowed values are 'ALL' or 'ALL.CREDIT' or 'ALL.DEBIT' or a valid SC.TRANS.NAME record</p>
            <p>    Mandatory if OTHER.FEES.DESC is specified.</p>
            <p>    Fields OTHER.FEES.DESC to OTH.FEE.CHG.CDE form a related multi-value set.</p>
            <p />
        </desc>
</t>
<t>
<field>MIN.HLDG.PERIOD</field>
<desc>
            <p>The minimum holding period in days, months or years. At the time of redemption, the system would check whether the units being redeemed have been held for the period specified in this field. The system would check against the holdings being allocated towards the redemption</p>
            <p>
                <p>Validation Rules:</p>
            </p>
            <p>    Optional Input.Could be nD, nW, nM or nY where n is the number of calender days, Working days, Months or Years</p>
            <p />
        </desc>
</t>
<t>
<field>OTH.FEE.CHG.CDE</field>
<desc>
            <p>This is the ID of FT.COMMISSION.TYPE record where fee details are stored.</p>
            <p>
                <p>Validation Rules:</p>
            </p>
            <p>    Must be a valid FT.COMMISSION.TYPE record</p>
            <p>    Fields OTHER.FEES.DESC to OTH.FEE.CHG.CDE form a related multi-value set.</p>
            <p />
        </desc>
</t>
<t>
<field>SWITCH.TO</field>
<desc>
            <p>This is a multi value field to specify the funds to which the holdings in this fund could be switched. The input could either be ALL or Asset type or Sub asset type (fund families) or specific fund Ids. Switch would be allowed only to the funds specified here.</p>
            <p>   Valdation Rules</p>
            <p>   Multi-value field.</p>
            <p>   Allowed values are 'ALL' or 'A-' followed by an ASSET.TYPE or 'S-' followed by a SUB.ASSET.TYPE or a specific MF.FUND.MASTER ID.</p>
            <p />
        </desc>
</t>
<t>
<field>MIN.REDEM.UNIT.VAL</field>
<desc>
            <p>Defines whether the Minimum redemption specified is in terms of value or units. If VALUE is defined here and the redemption is in terms of units, the system would convert the units into value terms at order / trade stage based on prevailing NAV and raise override/error as the case may be and vice versa.</p>
            <p>
                <p>Validation Rules:</p>
            </p>
            <p>    Optional Input. Allowed values are 'UNITS' or 'VALUE'</p>
            <p />
        </desc>
</t>
<t>
<field>PAYABLE.ACCOUNT</field>
<desc>
            <p>The account from where various expenses and charges related to fund operations are met.</p>
            <p>
                <p>Validation Rules:</p>
            </p>
            <p>    Must be a valid ACCOUNT record</p>
            <p />
        </desc>
</t>
<t>
<field>HOLD.PERIOD</field>
<desc>
            <p>This is applicable only for redemption type transactions where exit load varies based on holding period. If this field is blank, exit load would be same irrespective of holding period. If this field has a value, the charge code given below would be applicable to the holding period specified here. For example, if the field has a value 6M, then all holdings redeemed on or before 6 months from subscriptions would have exit load as defined in the Charge Code field linked to this.</p>
            <p>
                <p>Validation Rules:</p>
            </p>
            <p>    Input allowed only for debit transactions. Accepted values would be nD, nW, nM or nY where n is the number of calender days, Working days, Months or Years. The last value should be left blank.</p>
            <p>    Fields from TRANS.TYPE to DISC.AMT would be associated multi-value fields and fields from HOLD.PERIOD to DISC.AMT would be associated sub value fields.  </p>
            <p />
        </desc>
</t>
<t>
<field>OTHER.FEES.DESC</field>
<desc>
            <p>This is the description of other fees levied. There could be certain types of fees specific to certain countries/fund companies or funds which could be defined in this field.</p>
            <p>
                <p>Validation Rules:</p>
            </p>
            <p>    1-35 Alpha-numeric characters.</p>
            <p>    Fields OTHER.FEES.DESC to OTH.FEE.CHG.CDE form a related multi-value set.</p>
            <p />
        </desc>
</t>
<t>
<field>PLAN.ALLOWED</field>
<desc>
            <p>Field to determine whether Systematic plans would be allowed for the fund. Systematic plans would not be allowed for funds that do not support systematic plans</p>
            <p>
                <p>Validation Rules:</p>
            </p>
            <p>   Allowed values are 'YES' or 'NO'</p>
            <p />
        </desc>
</t>
<t>
<field>FUND.TYPE</field>
<desc>
            <p>Defines whether the fund is open ended or closed ended.</p>
            <p>
                <p>Validation Rules:</p>
            </p>
            <p>    Mandatory Input. Allowed values are 'OPEN-ENDED' or 'CLOSED-ENDED'</p>
            <p />
        </desc>
</t>
<t>
<field>SALES.LOAD</field>
<desc>
            <p>These are add ons to NAV for determining the subscription/redemption price</p>
            <p>
                <p>Validation Rules:</p>
            </p>
            <p>   Must be a valid FT.COMMISSION.TYPE record</p>
            <p />
        </desc>
</t>
<t>
<field>MIN.INIT.SUBS</field>
<desc>
            <p>Defines the minimum initial subscription if any in terms of amount.</p>
            <p>
                <p>Validation Rules:</p>
            </p>
            <p>    Optional Input.Standard T24 Amount format</p>
            <p />
        </desc>
</t>
<t>
<field>MIN.REDEM.ACTION</field>
<desc>
            <p>Defines whether error or override needs to be raised when minimum condition as above is not met.</p>
            <p>    If MIN.REDEMPTION is specified and this field is left blank,the system would raise override when the condition is not met.</p>
            <p>
                <p>Validation Rules:</p>
            </p>
            <p>    Optional Input. Allowed values are  'ERROR' or 'OVERRIDE'.</p>
            <p>    Would be defauled to 'OVERRIDE' when left blank and MIN.REDEMPTION is specified.</p>
            <p />
        </desc>
</t>
<t>
<field>TRUSTEE.ADDR</field>
<desc>
            <p>Address of the Trustee.</p>
            <p>
                <p>Validation Rules:</p>
            </p>
            <p>   Multi-value field. 1-35 alpha numeric characters.</p>
            <p />
        </desc>
</t>
<t>
<field>MIN.REDEMPTION</field>
<desc>
            <p>The minimum amount or number of units that could be redeemed at any point of time. If the holdings are less than the minimum specified here, the transaction would be allowed without any checks</p>
            <p>
                <p>Validation Rules:</p>
            </p>
            <p>    Optional Input. Standard T24 nominal / amount ( NOMAMT ) format.</p>
            <p />
        </desc>
</t>
<t>
<field>ROUNDING.PARAM</field>
<desc>
            <p>Defines the rounding parameters for subscription, redemption and NAV.</p>
            <p>
                <p>Validation Rules:</p>
            </p>
            <p>   Must be a valid MF.ROUNDING.PARAM id.</p>
            <p />
        </desc>
</t>
<t>
<field>MIN.ENS.ACTION</field>
<desc>
            <p>Defines whether error or override needs to be raised when minimum condition as above is not met.</p>
            <p>    If MIN.ENSUING.SUBS is specified and this field is left blank,the system would raise override when the condition is not met.</p>
            <p>
                <p>Validation Rules:</p>
            </p>
            <p>    Optional Input. Allowed values are  'ERROR' or 'OVERRIDE'.</p>
            <p>    Would be defauled to 'OVERRIDE' when left blank and MIN.ENSUING.SUBS is specified.</p>
            <p />
        </desc>
</t>
<t>
<field>MIN.HLDG.ACTION</field>
<desc>
            <p>Defines whether error or override needs to be raised when minimum condition as above is not met.</p>
            <p>    If MINIMUM.HOLDING s specified and this field is left blank,the system would raise override when the condition is not met.</p>
            <p>
                <p>Validation Rules:</p>
            </p>
            <p>    Optional Input. Allowed values are  'ERROR' or 'OVERRIDE'.</p>
            <p>    Would be defauled to 'OVERRIDE' when left blank and MINIMUM.HOLDING is specified.</p>
            <p />
        </desc>
</t>
<t>
<field>NAV.CALC.START.DT</field>
<desc>
            <p>Date from which NAV would be available.</p>
            <p>
                <p>Validation Rules:</p>.</p>
            <p>    Should be greater than Start Date of the fund. Standard T24 Date format.</p>
            <p />
        </desc>
</t>
<t>
<field>FUND.NAME</field>
<desc>
            <p>Fund description which will appear on display screens.</p>
            <p>    As this field is limited to 35 characters only, a concise name,abbreviated where necessary should be included.</p>
            <p>    This field may be expanded to allow the user to enter the fund description in various languages.</p>
            <p>    Each expansion of the field will correspond to a new language on the LANGUAGE table and will indicate to the user the language in which the data is to be entered.</p>
            <p />
        </desc>
</t>
<t>
<field>INTERNAL.FUND</field>
<desc>
            <p>This field is to identify whether this is an internal fund.</p>
            <p>
                <p>Validation Rules:</p>
            </p>
            <p>    Optional Input. Allowed values are 'Y' or '' ( null )</p>
            <p />
        </desc>
</t>
<t>
<field>SETTLEMENT.DAYS</field>
<desc>
            <p>Specifies the number of  days for settlement. This would be used to arrive the value date of the trade.If no date is specified in the VALUE.DATE field, the system will check this field to arrive at the value date by adding the no of days ( working days ) specified to the DEAL.DATE field in the MF.TRADE application.</p>
            <p>
                <p>Validation Rules:</p>
            </p>
            <p>   3 Numeric characters.</p>
            <p />
        </desc>
</t>
<t>
<field>TRANS.TYPE</field>
<desc>
            <p>The transaction type for which this charge would be applicable. If ALL is specified, this charge would be applicable for all transaction types, if ALL.CREDIT is specified, this would be applicable for all credit (subscription) transactions, if ALL.DEBIT is specified, this would be applicable for all redemptions. By using different transaction types, it is possible to levy different charges for initial subscription, partial redemptions, full redemptions, switches, etc.</p>
            <p>
                <p>Validation Rules:</p>
            </p>
            <p>   Allowed values are 'ALL' or 'ALL.CREDIT' or 'ALL.DEBIT' or a valid SC.TRANS.NAME record</p>
            <p>   Fields from TRANS.TYPE to DISC.AMT would be associated multi-value fields and fields from HOLD.PERIOD to DISC.AMT would be associated sub value fields.  </p>
            <p />
        </desc>
</t>
<t>
<field>PRICING.METHOD</field>
<desc>
            <p>Determines whether NAV would be based on historical value or value to be obtained in future. If Historical, already available NAV would be used for allotting units else the units would be allotted only after subsequent NAV is available.</p>
            <p>
                <p>Validation Rules:</p>
            </p>
            <p>   Allowed values are 'FORWARD' or 'HISTORICAL'</p>
            <p />
        </desc>
</t>
<t>
<field>DISC.AMT</field>
<desc>
            <p>This is either discount percentage or amount. If DISC.TYPE is blank, then this would be considered in terms of percentage. The discount would be limited to the extent of fees calculated.</p>
            <p>
                <p>Validation Rules:</p>
            </p>
            <p>    If DISC.TYPE is percentage, this should be 1- 100 ( %) else any numeric character indicating amount. Standard T4 Amount format.</p>
            <p>    Fields from TRANS.TYPE to DISC.AMT would be associated multi-value fields and fields from HOLD.PERIOD to DISC.AMT would be associated sub value fields.  </p>
            <p />
        </desc>
</t>
<t>
<field>INIT.SUBS.CLOSE.DT</field>
<desc>
            <p>Identifies the date on which the Initial Subscription closes.</p>
            <p>
                <p>Validation Rules:</p>
            </p>
            <p>    Optional Input. Standard T24 Date format.</p>
            <p>    Should be greater than START.DATE and less than or equal to NAV.CALC.START.DT</p>
            <p>    For a CLOSED-ENDED fund, it would default to the CLOSURE.DATE if not entered.</p>
            <p />
        </desc>
</t>
<t>
<field>FUND.MANAGER</field>
<desc>
            <p>The customer id of the Fund Manager. </p>
            <p>
                <p>Validation Rules:</p>
            </p>
            <p>    Optional Input. Must be a valid CUSTOMER ID</p>
            <p />
        </desc>
</t>
<t>
<field>MIN.REDEM.AGE</field>
<desc>
            <p>The minimum period before which the holding cannot be redeemed initially.</p>
            <p>    The minimum redemption period could be specified in days, months or years.At the time of redemption, the system would check whether the units being redeemed have been held for this period from the initial subscription closure date ( field INIT.SUBS.CLOSE.DT). </p>
            <p>
                <p>Validation Rules:</p>
            </p>
            <p>    Optional Input.Could be nD, nW, nM or nY where n is the number of calender days, Working days, Months or Years</p>
            <p />
        </desc>
</t>
<t>
<field>ALLOW.FUND.SWITCH</field>
<desc>
            <p>Specifies whether fund switch would be allowed out of this fund</p>
            <p>
                <p>Validation Rules:</p>
            </p>
            <p>    Allowed values are 'YES' or 'NO'</p>
            <p />
        </desc>
</t>
<t>
<field>ALLOW.UNIT.SWITCH</field>
<desc>
            <p>Specifies whether unit switch would be allowed out of this fund</p>
            <p>
                <p>Validation Rules:</p>
            </p>
            <p>    Allowed values are 'YES' or 'NO'</p>
            <p />
        </desc>
</t>
<t>
<field>CHARGE.CODE</field>
<desc>
            <p>This is the ID of FT.COMMISSION.TYPE record where fee details are stored.</p>
            <p>
                <p>Validation Rules:</p>
            </p>
            <p>    Must be a valid FT.COMMISSION.TYPE record</p>
            <p>    Fields from TRANS.TYPE to DISC.AMT would be associated multi-value fields and fields from HOLD.PERIOD to DISC.AMT would be associated sub value fields.  </p>
            <p />
        </desc>
</t>
<t>
<field>CLOSURE.DATE</field>
<desc>
            <p>Identifies the date on which the fund would be closed or was closed.</p>
            <p>
                <p>Validation Rules:</p>
            </p>
            <p>    Optional Input. Standard T24 Date format.</p>
            <p>    Input mandatory for a CLOSED-ENDED fund.Should be greater than START.DATE.</p>
            <p />
        </desc>
</t>
</menu>
</t24help>

