<?xml version="1.0" encoding="utf-8"?>
<t24help>
<header>
<product>MF</product>
<table>MF.ROUNDING.PARAM</table>
</header>
<overview>
<ovdesc></ovdesc>
<ovimage></ovimage>
</overview>
<menu>
<t>
<field>SUBS.RNDG.TYPE</field>
<desc>
            <p>This determines the rounding method to be used for a Subscription transaction. Standard T24 rounding rules ROUNDUP, ROUNDDOWN or APPROXIMATION</p>
            <p>
                <p>Validation Rules:</p>
            </p>
            <p>Mandatory Input. Allowed values are ROUNDUP, ROUNDDOWN and APPROXIMATION</p>
            <p />
        </desc>
</t>
<t>
<field>SUBS.DECIMAL</field>
<desc>
            <p>Field is removed (Field doesnot exist)</p>
        </desc>
</t>
<t>
<field>SUBS.UNT.RNDG.TYPE</field>
<desc>
            <p>Field is removed (Field doesnot exist)</p>
        </desc>
</t>
<t>
<field>SUBS.AMT.RNDG.TYPE</field>
<desc>
            <p>Field is removed (Field doesnot exist)</p>
        </desc>
</t>
<t>
<field>REDM.UNIT.DECIMAL</field>
<desc>
            <p>The number of decimal units required to be rounded if the digit to the right of the required decimal places is greater than zero then the last required decimal will be rounded up to the next integer based on the rounding type ROUNDUP, ROUNDDOWN or APPROXIMATION</p>
            <p>
                <p>Validation Rules:</p>
            </p>
            <p>Mandatory Input</p>
            <p />
        </desc>
</t>
<t>
<field>REDM.AMT.DECIMAL</field>
<desc>
            <p>If the digit to the right of the required decimal places is greater than zero then the last required decimal will be rounded up to the next integer based on the rounding type ROUNDUP, ROUNDDOWN or APPROXIMATION</p>
            <p>
                <p>Validation Rules:</p>
            </p>
            <p>Mandatory Input</p>
            <p />
        </desc>
</t>
<t>
<field>SUBS.AMT.DECIMAL</field>
<desc>
            <p>Field is removed (Field doesnot exist)</p>
        </desc>
</t>
<t>
<field>SUBS.UNIT.DECIMAL</field>
<desc>
            <p>Field is removed (Field doesnot exist)</p>
        </desc>
</t>
<t>
<field>REDM.UNT.RNDG.TYPE</field>
<desc>
            <p>This determines the rounding method to be used for Redemption transactions expressed in units. Standard T24 rounding rules ROUNDUP, ROUNDDOWN or APPROXIMATION</p>
            <p>
                <p>Validation Rules:</p>
            </p>
            <p>Mandatory Input. Allowed values are ROUNDUP, ROUNDDOWN or APPROXIMATION</p>
            <p />
        </desc>
</t>
<t>
<field>REDM.AMT.RNDG.TYPE</field>
<desc>
            <p>This determines the rounding method to be used for Redemption transactions expressed as an Amount. Standard T24 rounding rules ROUNDUP, ROUNDDOWN or APPROXIMATION</p>
            <p>
                <p>Validation Rules:</p>
            </p>
            <p>Mandatory Input. Allowed values are ROUNDUP, ROUNDDOWN or APPROXIMATION</p>
            <p />
        </desc>
</t>
<t>
<field>DESCRIPTION</field>
<desc>
            <p>Description for the MF.ROUNDING.PARAM table</p>
        </desc>
</t>
<t>
<field>ID</field>
<desc>
            <p>This the key of the file MF.ROUNDING.PARAM. </p>
        </desc>
</t>
<t>
<field>NAV.PRICE.DECIMAL</field>
<desc>
            <p>If the digit to the right of the required decimal places is greater than zero then the last required decimal will be rounded up to the next integer based on the rounding type ROUNDUP, ROUNDDOWN or APPROXIMATION</p>
            <p>
                <p>Validation Rules:</p>
            </p>
            <p>Mandatory Input. </p>
            <p />
        </desc>
</t>
<t>
<field>NAV.RNDG.TYPE</field>
<desc>
            <p>This determines the rounding method to be used for the applicable NAV in a transaction. Standard T24 rounding rules ROUNDUP, ROUNDDOWN or APPROXIMATION</p>
            <p>
                <p>Validation Rules:</p>
            </p>
            <p>Mandatory Input. Allowed values are ROUNDUP, ROUNDDOWN or APPROXIMATION</p>
            <p />
        </desc>
</t>
</menu>
</t24help>

