<?xml version="1.0" encoding="utf-8"?>
<t24help>
<header>
<product>MF</product>
<table>MF.TXN.LINK</table>
</header>
<overview>
<ovdesc></ovdesc>
<ovimage></ovimage>
</overview>
<menu>
<t>
<field>DR.TXN.REF</field>
<desc>
            <p>When a redemption Trade is done, the Trade(s) reference is updated in this field.</p>
            <p>
                <p>Validation Rules:</p>
            </p>
            <p>No input field automatically updated by the system</p>
            <p />
        </desc>
</t>
<t>
<field>DR.VALUE.DT</field>
<desc>
            <p>A No Input field that is updated with the date when a Redemption transaction is processed against an existing Purchase transaction(S)</p>
            <p>
                <p>Validation Rules:</p>
            </p>
            <p>No input field automatically updated by the system</p>
            <p />
        </desc>
</t>
<t>
<field>DR.UNITS</field>
<desc>
            <p>The units that are redeemed from earlier purchase transaction(s) to meet the required units for redemption</p>
            <p>
                <p>Validation Rules:</p>
            </p>
            <p>No input field automatically updated by the system</p>
            <p />
        </desc>
</t>
<t>
<field>SEC.POS.KEY</field>
<desc>
            <p>ID of this file is held as Portfolio.ID.Fund.Master.Depository.  File is updated when a Redemption transaction is processed against an earlier Purchase. Holds details of the debit and credit transaction(s) with respect to the same portfolio, fund and depository combinations</p>
            <p>
                <p>Validation Rules:</p>
            </p>
            <p>No input field automatically updated by the system</p>
            <p />
        </desc>
</t>
<t>
<field>DR.PRICE</field>
<desc>
            <p>Multi-value set with update of the transaction price of each Trade, date wise when a Redemption in Funds is made for the same Portfolio vide the same Agent</p>
            <p>
                <p>Validation Rules:</p>
            </p>
            <p>No input field automatically updated by the system</p>
            <p />
        </desc>
</t>
<t>
<field>CR.UNITS</field>
<desc>
            <p>Multi-value set to update the units transaction and date wise when a Purchase in Funds is made for the same Portfolio vide the same Agent</p>
            <p>
                <p>Validation Rules:</p>
            </p>
            <p>No input field automatically updated by the system</p>
            <p />
        </desc>
</t>
<t>
<field>CR.VALUE.DT</field>
<desc>
            <p>Field contains the date on which the Purchase transaction was done, from which the units are redeemed to meet Redemption of units. Multi-value set is updated whenever the same Portfolio enters a Purchase Trade in the same Fund Scheme through the same Agent</p>
            <p>
                <p>Validation Rules:</p>
            </p>
            <p>No input field automatically updated by the system</p>
            <p />
        </desc>
</t>
<t>
<field>DR.AMOUNT</field>
<desc>
            <p>Reserved for future use</p>
        </desc>
</t>
<t>
<field>BALANCE.UNITS</field>
<desc>
            <p>Reflects the balance units after a Redemption Trade has been done for this Fund, Portfolio, Agent combination. Multi-value field and has details of balance units</p>
            <p>
                <p>Validation Rules:</p>
            </p>
            <p>No input field automatically updated by the system</p>
            <p />
        </desc>
</t>
<t>
<field>CR.AMOUNT</field>
<desc>
            <p>Multi-value set with credit amount of the redemption transaction(s) done against the purchases made earlier</p>
            <p>
                <p>Validation Rules:</p>
            </p>
            <p>No input field automatically updated by the system</p>
            <p />
        </desc>
</t>
<t>
<field>CR.PRICE</field>
<desc>
            <p>Multi-value set with update of the transaction price of each Trade, date wise when a Purchase in Funds is made for the same Portfolio vide the same Agent </p>
            <p>
                <p>Validation Rules:</p>
            </p>
            <p>No input field automatically updated by the system</p>
            <p />
        </desc>
</t>
<t>
<field>CR.TXN.REF</field>
<desc>
            <p>When a redemption Trade is done, the existing Trade(s) from which the units are redeemed is updated in this field </p>
            <p>
                <p>Validation Rules:</p>
            </p>
            <p>No input field automatically updated by the system</p>
            <p />
        </desc>
</t>
</menu>
</t24help>

