<?xml version="1.0" encoding="utf-8"?>
<t24help>
<header>
<product>MF</product>
<table>MF.TRAIL.FEE</table>
</header>
<overview>
<ovdesc></ovdesc>
<ovimage></ovimage>
</overview>
<menu>
<t>
<field>FEE.PAY.DATE</field>
<desc>
            <p>This field would hold the next date on which the trailer fee would be calculated based on the frequency</p>
            <p>
                <p>Validation Rules:</p>
            </p>
            <p>This is a No Input field.</p>
            <p />
        </desc>
</t>
<t>
<field>MIN.PERIOD</field>
<desc>
            <p>This is the minimal number of days the agent should hold this position to be eligible for trailer fees.</p>
            <p>
                <p>Validation Rules:</p>
            </p>
            <p>Mandatory Input.</p>
            <p />
        </desc>
</t>
<t>
<field>FEE.LAST.PAY.DATE</field>
<desc>
            <p>This field would hold the previous payment date on which the trailer fee was calculated.</p>
            <p>This is a No Input field </p>
            <p />
        </desc>
</t>
<t>
<field>FUND.ID</field>
<desc>
            <p>This the key of the file MF.TRAIL.FEE. This should be a valid MF.FUND.MASTER ID</p>
            <p>
                <p>Validation Rules:</p>
            </p>
            <p>Mandatory Input. Must be a valid FUND.MASTER record value.</p>
            <p />
        </desc>
</t>
<t>
<field>MIN.HOLDING</field>
<desc>
            <p>This is the minimal holding to be held by an agent in MF.AGENT.POSITION on the date of the calculation of trailer fees </p>
            <p>
                <p>Validation Rules:</p>
            </p>
            <p>Optional Input. Standard T24 nominal / amount (NOMAMT ) format.</p>
        </desc>
</t>
<t>
<field>CALC.BASIS</field>
<desc>
            <p>The base nominal for the calculation of trailer fees. LAST.HOLDING (holding as on the calculation date) is the only basis on which trailer fees would be calculated.</p>
            <p>
                <p>Validation Rules:</p>
            </p>
            <p>Mandatory Input. Allowed value is LAST.HOLDING</p>
            <p />
            <p />
        </desc>
</t>
<t>
<field>DEBIT.ACCOUNT</field>
<desc>
            <p>This should be a valid account and the debit entry of trailer fee would be raised to this account</p>
            <p>
                <p>Validation Rules:</p>
            </p>
            <p>Mandatory Input. This should be a valid account.</p>
            <p />
        </desc>
</t>
<t>
<field>FEE.CODE</field>
<desc>
            <p>This should be valid FT.COMMISSION.TYPE record and this would be used in calculation of trailer fees.</p>
            <p>
                <p>Validation Rules:</p>
            </p>
            <p>Mandatory Input. Must be a valid FT.COMMSSION.TYPE record.</p>
            <p />
        </desc>
</t>
<t>
<field>FEE.FREQUENCY</field>
<desc>
            <p>Specifies the frequency on which the trailer fees would be calculated for this fund.</p>
            <p>
                <p>Validation Rules:</p>
            </p>
            <p>Mandatory Input. Standard T24 Frequency format</p>
            <p />
        </desc>
</t>
</menu>
</t24help>

