<?xml version="1.0" encoding="utf-8"?>
<t24help>
<header>
<product>SW</product>
<table>PM.SW.PARAMETER</table>
</header>
<overview>
<ovdesc>

            <p />
            <p>This table defines the parameters governing the rules for the handling of the processing of Swap contracts in the Position Management (PM) module, by specifying the PM.POSN.CLASS to each schedule type. </p>
        </ovdesc>
<ovimage></ovimage>
</overview>
<menu>
<t>
<field>SW.PM.PARAM</field>
<desc>
            <p>Standard T24 alphanumeric field. </p>
            <p>
                <p>Validation Rules:</p>
            </p>
            <p>A maximum of 6 characters may be entered.</p>
            <p>Must be the key to a valid entry on the SWAP.TYPE file.</p>
        </desc>
</t>
<t>
<field>PM.MAX.PERIOD</field>
<desc>
            <p>Help Text for this field is unavailable.  Please refer to the T24 User Guides for further information.</p>
        </desc>
</t>
<t>
<field>TRADE.GAP</field>
<desc>
            <p>Help Text for this field is unavailable.  Please refer to the T24 User Guides for further information.</p>
        </desc>
</t>
<t>
<field>PM.POSN.CLASS</field>
<desc>
            <p>Allocate a unique PM.POSN.CLASS to the associated schedule type. </p>
            <p>The recommended value for this field is SWXaa. </p>
            <p>
                <p>Validation Rules:</p>
            </p>
            <p>5 alphanumeric characters. Mandatory input.</p>
            <p>must exist on the table 'PM.POSN.CLASS'</p>
            <p>The first two digits must be SW.</p>
        </desc>
</t>
<t>
<field>SCHEDULE.TYPE</field>
<desc>
            <p>Defines the schedule type which relates to individual activity within the Swap module. </p>
            <p>Can be any valid type as defined on the SWAP.SCHEDULE.TYPE file. </p>
            <p>
                <p>Validation Rules:</p>
            </p>
            <p>1-6 Alpha-numeric characters. Mandatory input.</p>
            <p>Must be a valid definition of the SWAP.SCHEDULE.TYPE file.</p>
            <p>The schedules AC, AM, AY, CI, and CM, which are system generated schedules, cannot be input by the user.</p>
        </desc>
</t>
<t>
<field>DESCRIPTION</field>
<desc>
            <p>Multi-language field allowing the user to specify a description for the record. </p>
            <p>
                <p>Validation Rules:</p>
            </p>
            <p>30 alphanumeric characters. Mandatory input.</p>
        </desc>
</t>
<t>
<field>FWD.FIXED.INT</field>
<desc>
            <p>Defines the PM.POSN.CLASS specifying the current and the future interest movements on the fixed side of the contract. </p>
            <p>The recommended value for this field is SWXFI. </p>
            <p>
                <p>Validation Rules:</p>
            </p>
            <p>5 alphanumeric characters. Mandatory input.</p>
            <p>must exist on the table 'PM.POSN.CLASS'</p>
            <p>The first two digits must be SW.</p>
        </desc>
</t>
<t>
<field>FWD.FLT.INT.CURR</field>
<desc>
            <p>Defines the PM.POSN.CLASS specifying the current period interest movements on the floating side of the contract. </p>
            <p>The recommended value for this field is SWXVC. </p>
            <p>
                <p>Validation Rules:</p>
            </p>
            <p>5 alphanumeric characters. Mandatory input.</p>
            <p>must exist on the table 'PM.POSN.CLASS'</p>
            <p>The first two digits must be SW.</p>
        </desc>
</t>
<t>
<field>FWD.FLT.INT.PROJ</field>
<desc>
            <p>Defines the PM.POSN.CLASS specifying the future period interest movements on the floating side of the contract. </p>
            <p>The recommended value for this field is SWXVP. </p>
            <p>
                <p>Validation Rules:</p>
            </p>
            <p>5 alphanumeric characters. Mandatory input.</p>
            <p>must exist on the table 'PM.POSN.CLASS'</p>
            <p>The first two digits must be SW.</p>
        </desc>
</t>
<t>
<field>AMORT.SCHED.RR</field>
       <desc>
            <p>Provides an option on how the residual principal amount of the floating rate side of an Amortizing swap needs to be shown in the Interest Rate Gap. </p>
            <p>The two options are a) each amortizing schedule of a floating rate side contract will be projected in the bucket corresponding to its value date with interest rate same as the current period .</p>
            <p> b) the entire residual amount will be projected to the end of the current Amortizing schedule as interest rate beyond the current amortizing schedule is still not available. </p>
            <p>
                <p>Validation Rules:</p>
                <p>Allowed values are YES, NO, NULL. </p>
            </p>
            <p>
            <p>When set to YES, the residual principal amount on the  floating rating  leg side will be shown up to next reset date only in the Interest Rate Gap Report.</p>
            <p>When set to No each amortizing schedule of a floating rate side contract will be projected in the bucket corresponding to its value date with interest rate same as the current period .</p>
            </p>
        </desc>
</t>
</menu>
</t24help>

