<?xml version="1.0" encoding="utf-8"?>
<t24help>
<header>
<product>SW</product>
<table>SWAP.TYPE</table>
</header>
<overview>
<ovdesc>

            <p>This file contains definitions of all types of Swap contracts allowed on the system. </p>
            <p>For example, </p>
            <p>  o  IRS   Interest Rate Swap   o  CIRS  Currency Rate Swap. </p>
            <p>It also holds the following details with regard to the Swap type : </p>
            <p>  o  Product Category code.   o  Forward rate method. </p>
        </ovdesc>
<ovimage></ovimage>
</overview>
<menu>
<t>
<field>RESERVED.11</field>
<desc>
            <p>Reserved for future use. </p>
        </desc>
</t>
<t>
<field>SOD.MAT</field>
<desc>
            <p>This field specifies whether the </p>
            <p>SWAP</p> contracts using this swap type are to be processed at the start of day or at the end of day.  <p>Input Yes to make the swap mature or take value during the start of day procedure (</p><p>SW.START.OF.DAY</p>) on the morning of the maturity or value date, instead of being processed in the end of day procedure (<p>SW.END.OF.DAY</p>) after the system has been closed down on the maturity or value date.   <p>Limit exposures for the swap are also updated during the start of day procedure (</p><p>SYSTEM.LIMIT.SOD</p>) on the morning of the maturity or value date, instead of being updated in the end of day procedure (<p>SYSTEM.LIMIT.EOD</p>) after the system has been closed down on the maturity or value date.  <p>All accounting entries, payments, payment messages and limit updates for deals maturing or taking value are raised during the start of day procedure.</p><p>There is a </p><p>SOD.MAT</p> field on <p>SWAP</p>. If it is left blank, the value of <p>SWAP.TYPE</p><p>SOD.MAT</p> is used. If <p>SWAP</p><p>SOD.MAT</p> is set, it overrides <p>SWAP.TYPE</p><p>SOD.MAT</p>.  <p><p>Validation Rules:</p></p><p /><p>Y or N (default = N)</p></desc>
</t>
<t>
<field>RESERVED.12</field>
<desc>
            <p>Reserved for future use. </p>
        </desc>
</t>
<t>
<field>REVAL.PROFIT.CAT</field>
<desc>
            <p>This specifies the P&amp;L category code for Swap NPV Revaluation profit. </p>
            <p>
                <p>Validation Rules:</p>
            </p>
            <p>5 numeric Category Code. (Default null;    Valid input: 50000 - 59999)</p>
            <p>Input not allowed if BOOK.REVAL.PROFIT = 'NO'.</p>
            <p>Otherwise, mandatory input field if INT.CAT.REVAL.PFT is defined.</p>
        </desc>
</t>
<t>
<field>SWAP.TYPE</field>
<desc>
            <p>SWAP.TYPE Id. </p>
            <p>Eg. IRS, CIRS etc. </p>
        </desc>
</t>
<t>
<field>REVAL.LOSS.CAT</field>
<desc>
            <p>This specifies the P&amp;L category code for Swap NPV Revaluation loss. </p>
            <p>
                <p>Validation Rules:</p>
            </p>
            <p>5 numeric Category Code. (Default null;    Valid input: 50000 - 59999)</p>
            <p>Mandatory input field if INT.CAT.REVAL.LOSS is defined.</p>
        </desc>
</t>
<t>
<field>RESERVED.1</field>
<desc>
            <p>Reserved for future use. </p>
        </desc>
</t>
<t>
<field>PRODUCT.CATEGORY</field>
<desc>
            <p>Defines the default product Category code for the type of Swap contract. </p>
            <p>On input of a Swap contract, should the category code not be specified, the default is retrieved from this field. </p>
            <p>The Category code must be within the range : </p>
            <p>  o  20000 - 49999 </p>
            <p>
                <p>Validation Rules:</p>
            </p>
            <p>5 Numeric character Category code. (Mandatory input.  No default value).</p>
            <p>Must be a valid definition on the CATEGORY file.</p>
        </desc>
</t>
<t>
<field>REVAL.TYPE</field>
<desc>
            <p>This field specifies the revaluation type for the Swap NPV Revaluation. </p>
            <p>
                <p>Validation Rules:</p>
            </p>
            <p>1-13 alpha-numeric characters.  Optional input field. (Default null;  valid input - null or ZERO.CPN.RATE)</p>
            <p>Must be null if INT.CAT.REVAL.LOSS is null.</p>
        </desc>
</t>
<t>
<field>RESERVED.3</field>
<desc>
            <p>Reserved for future use. </p>
        </desc>
</t>
<t>
<field>FWD.RATES.METHOD</field>
<desc>
            <p>Field reserved for future use. </p>
            <p>Contains straight line (SL) or rebate method (RB) for determining rates on a Swap contract. </p>
            <p>
                <p>Validation Rules:</p>
            </p>
            <p>2 Alphanumeric characters. (Mandatory input).</p>
        </desc>
</t>
<t>
<field>LOCAL.REF</field>
<desc>
            <p>Local reference field(s) defined by the user. </p>
            <p>Identifies any additional element which has been defined locally to meet a particular requirement. </p>
            <p>
                <p>Validation Rules:</p>
            </p>
            <p>Upto 11 Alphanumeric characters as defined in the local table definition for this local reference field. (Optional input.  Multivalued field).</p>
            <p>Optional or Mandatory input according to the LOCAL.TABLE definition for this field.</p>
        </desc>
</t>
<t>
<field>RESERVED.5</field>
<desc>
            <p>Reserved for future use. </p>
        </desc>
</t>
<t>
<field>RESERVED.9</field>
<desc>
            <p>Reserved for future use. </p>
        </desc>
</t>
<t>
<field>INT.CAT.REVAL.PFT</field>
<desc>
            <p>This field specifies the internal category code for the provision on the unrealised profit generated by the Swap NPV Revaluation. </p>
            <p>
                <p>Validation Rules:</p>
            </p>
            <p>5 numeric Category Code.  Optional input field. (Default null.)</p>
            <p>Valid input must be in the range 10000 - 19999.</p>
            <p>Category code must exist in CATEGORY table.</p>
        </desc>
</t>
<t>
<field>RESERVED.7</field>
<desc>
            <p>Reserved for future use. </p>
        </desc>
</t>
<t>
<field>INT.CAT.REVAL.LOSS</field>
<desc>
            <p>This field specifies the internal category code for the provision on the unrealised loss generated by the Swap NPV Revaluation. </p>
            <p>
                <p>Validation Rules:</p>
            </p>
            <p>5 numeric Category Code.  Optional input field. (Default null.)</p>
            <p>Valid input must be in the range 10000 - 19999.</p>
            <p>Category code must exist in CATEGORY table.</p>
            <p>Must be null if TRANSACTION.INDEX is defined.</p>
        </desc>
</t>
<t>
<field>RESERVED.8</field>
<desc>
            <p>Reserved for future use. </p>
        </desc>
</t>
<t>
<field>RESERVED.6</field>
<desc>
            <p>Reserved for future use. </p>
        </desc>
</t>
<t>
<field>BALANCE.SHEET</field>
<desc>
            <p>This field details whether the SWAP contracts using this swap type are to be treated as an ON balance sheet instrument or an OFF balance sheet instrument. This value is defaulted into the SWAP contract. </p>
            <p>When this field contains the value OFF the contracts will undergo the currency revaluation processing. Each night each leg of the contract id revalued against the local currency if </p>
            <p>  1) The leg is not notional (ie the NOTIONAL field on the SWAP.BALANCES       file is set to NO). </p>
            <p>  2) The currency of the leg is not the local currency. </p>
            <p>And any difference between this value and the value as of last night is posted as unreleasied profit and loss to the category specified on the SWAP.PARAMETER record. </p>
            <p>When this field contains the value of ON the contracts will not be revalued. </p>
            <p>
                <p>Validation Rules:</p>
            </p>
            <p>Input must either be ON or OFF. Mandatory Input.</p>
        </desc>
</t>
<t>
<field>BOOK.REVAL.PROFIT</field>
<desc>
            <p>This field specifies whether booking of unrealised profit is allowed. </p>
            <p>
                <p>Validation Rules:</p>
            </p>
            <p>1-3 characters.  Mandatory input field. (Valid input - YES/NO;   default = NO)</p>
        </desc>
</t>
<t>
<field>DESCRIPTION</field>
<desc>
            <p>Multi-valued field used to contain the Swap type description. </p>
            <p>The first line of the description is also used for enrichment purposes throughout the Swaps system. E.g. On the Swap contract (SWAP.TYPE). </p>
            <p>
                <p>Validation Rules:</p>
            </p>
            <p>1-25 Alphanumeric characters. (Mandatory field.  Multi-valued).</p>
        </desc>
</t>
<t>
<field>FLEX.PRIN.PAYMENT</field>
<desc>
            <p>This field defines whether the Flexible principal schedule is to be allowed with respective accounting. </p>
            <p />
            <p>
                <p>Validation Rules:</p>
            </p>
            <p />
            <p />
            <p>Valid       inputs are YES or NO</p>
            <p />
            <p>NOCHANGE       field</p>
            <p />
            <p>Default       set to No</p>
        </desc>
</t>
<t>
<field>TRANSACTION.INDEX</field>
<desc>
            <p>Defines the transaction characteristic of the Swap Type. </p>
            <p>  o  null  normal swap with both asset and liability sides.   o  "A"   asset side only, i.e. a loan.   o  "L"   liability side only, i.e. a deposit. </p>
            <p>
                <p>Validation Rules:</p>
            </p>
            <p>1 Alpha character. (Default = null).</p>
        </desc>
</t>
<t>
<field>RESERVED.10</field>
<desc>
            <p>Reserved for future use. </p>
        </desc>
</t>
<t>
<field>RESERVED.4</field>
<desc>
            <p>This field specifies whether the </p>
            <p>SWAP</p> contracts using this swap type default to be flexible currency swaps.   <p>Input Yes to make the swap a flexible currency swap. It may have PX without RX and vice versa, early maturity, and notional or real principal changes during the life of the deal.</p><p>Note that this field only provides the default. You can edit </p><p>FLEX.PRIN.PAYMENT</p> on the <p>SWAP</p> deal.   <p><p>Validation Rules:</p></p><p /><p>Yes or No (default = No)</p></desc>
</t>
<t>
<field>RESERVED.2</field>
<desc>
            <p>Reserved for future use. </p>
        </desc>
</t>
</menu>
</t24help>

