<?xml version="1.0" encoding="utf-8"?>
<t24help>
<header>
<product>SW</product>
<table>SWAP.ACTIVITY</table>
</header>
<overview>
<ovdesc>

            <p>This file is used to define and control the delivery output from the Swaps module. </p>
            <p>Activities that produce delivery output are defined by the records on this file.  These activities relate to specific events during the life the contract. </p>
            <p>The delivery relating to each of these events may, if required, be produced prior to the event itself.  If this is the case then the number of days in advance of the event that the advices are produced is defined on this file. </p>
            <p>Whenever delivery output is produced via the Swaps module, the activity code of the relevant advice is recorded on the contract. When the contract is subsequently viewed, these activity codes will be displayed and enriched with the description recorded on this file. </p>
        </ovdesc>
<ovimage></ovimage>
</overview>
<menu>
<t>
<field>RESERVED.4</field>
<desc>
            <p>Reserved for future use. </p>
        </desc>
</t>
<t>
<field>SWAP.ACT.CODE</field>
<desc>
            <p>Represents the reference number which uniquely identifies a particular activity. </p>
            <p>The Id is a three digit code identifying the activity. </p>
            <p>E.g. : </p>
            <p>101 Contract Confirmation        107 Contract Reversal 102 Principal Exchange           108 Rate Reset 103 Principal Increase/Decrease  109 Principal Re-exchange 104 Contract Amendment           110 Payment of premium 105 Interest Payment             111 Receipt of premium 106 Contract Maturity </p>
            <p>202 Payment 210 Advice to Receive </p>
            <p>
                <p>Validation Rules:</p>
            </p>
            <p>3 numeric characters. (Mandatory input).</p>
        </desc>
</t>
<t>
<field>RESERVED.3</field>
<desc>
            <p>Reserved for future use. </p>
        </desc>
</t>
<t>
<field>RESERVED.10</field>
<desc>
            <p>Reserved for future use. </p>
        </desc>
</t>
<t>
<field>RESERVED.1</field>
<desc>
            <p>Reserved for future use. </p>
        </desc>
</t>
<t>
<field>RESERVED.8</field>
<desc>
            <p>Reserved for future use. </p>
        </desc>
</t>
<t>
<field>RESERVED.5</field>
<desc>
            <p>Reserved for future use. </p>
        </desc>
</t>
<t>
<field>RESERVED.12</field>
<desc>
            <p>Reserved for future use. </p>
        </desc>
</t>
<t>
<field>DAYS.PRIOR.EVENT</field>
<desc>
            <p>Specifies the number of days prior to an event that Delivery output is produced. </p>
            <p>
                <p>Validation Rules:</p>
            </p>
            <p>1-3 Numeric characters. (Optional input.)</p>
        </desc>
</t>
<t>
<field>DESCRIPTION</field>
<desc>
            <p>This field describes the activity code. </p>
            <p>This is a descriptive field and is simply a way of recording the title of the activity code. </p>
            <p>
                <p>Validation Rules:</p>
            </p>
            <p>1-35 Type A (Alphanumeric) characters. (Mandatory input.  Multivalued.  Multilingual).</p>
        </desc>
</t>
<t>
<field>HANDOFF.ROUTINE</field>
<desc>
            <p>Identifies the routine to call to produce additional Delivery output information. </p>
            <p>
                <p>Validation Rules:</p>
            </p>
            <p>1 to 16 Alphanumeric characters. (Optional input).</p>
        </desc>
</t>
<t>
<field>LOCAL.REF</field>
<desc>
            <p>Local reference field(s) defined by the user. </p>
            <p>Identifies any additional element which has been defined locally to meet a particular requirement. </p>
            <p>
                <p>Validation Rules:</p>
            </p>
            <p>Upto 11 Alphanumeric characters as defined in the local table definition for this local reference field. (Optional input.  Multivalued field).</p>
            <p>Optional or mandatory input according to the LOCAL.TABLE defintion for this field.</p>
        </desc>
</t>
<t>
<field>RESERVED.6</field>
<desc>
            <p>Reserved for future use. </p>
        </desc>
</t>
<t>
<field>RESERVED.9</field>
<desc>
            <p>Reserved for future use. </p>
        </desc>
</t>
<t>
<field>RESERVED.7</field>
<desc>
            <p>Reserved for future use. </p>
        </desc>
</t>
<t>
<field>RESERVED.2</field>
<desc>
            <p>Reserved for future use. </p>
        </desc>
</t>
<t>
<field>RESERVED.11</field>
<desc>
            <p>Reserved for future use. </p>
        </desc>
</t>
</menu>
</t24help>

