<?xml version="1.0" encoding="utf-8"?>
<t24help>
<header>
<product>SW</product>
<table>SWAP.AGREEMENT.TYPE</table>
</header>
<overview>
<ovdesc>

            <p>This file is used to store the types of agreements used in Swap contracts. </p>
            <p>Eg. ISDA, BBAIRS, MASTER etc. </p>
            <p>Each contract must be linked to an agreement type.  The field AGREEMENT.TYPE on the Swap contract is validated against the agreement type definitions on this file and enriched with the associated description. </p>
        </ovdesc>
<ovimage></ovimage>
</overview>
<menu>
<t>
<field>RESERVED.10</field>
<desc>
            <p>Reserved for future use. </p>
        </desc>
</t>
<t>
<field>RESERVED.11</field>
<desc>
            <p>Reserved for future use. </p>
        </desc>
</t>
<t>
<field>RESERVED.6</field>
<desc>
            <p>Reserved for future use. </p>
        </desc>
</t>
<t>
<field>RESERVED.4</field>
<desc>
            <p>Reserved for future use. </p>
        </desc>
</t>
<t>
<field>RESERVED.5</field>
<desc>
            <p>Reserved for future use. </p>
        </desc>
</t>
<t>
<field>RESERVED.3</field>
<desc>
            <p>Reserved for future use. </p>
        </desc>
</t>
<t>
<field>RESERVED.7</field>
<desc>
            <p>Reserved for future use. </p>
        </desc>
</t>
<t>
<field>RESERVED.12</field>
<desc>
            <p>Reserved for future use. </p>
        </desc>
</t>
<t>
<field>DEFAULT.AGREEMENT</field>
<desc>
            <p>When the master agreement type is entered but no further information is supplied on the SWAP contract this field is used to specify the type of master agreement followed by the date on which the agreement was signed and also the version of the agreement. </p>
            <p>
                <p>Validation Rules:</p>
            </p>
            <p>Input must be a key to a valid full SWAP.AGREEMENT.TYPE record.</p>
        </desc>
</t>
<t>
<field>DESCRIPTION</field>
<desc>
            <p>Multi-valued field used to fully define the Swap agreement type. </p>
            <p>The first line of the description is used for field enrichments. Eg. On the swap contract field AGREEMENT.TYPE. </p>
            <p>
                <p>Validation Rules:</p>
            </p>
            <p>1-25 Alpha-numeric characters. (Mandatory field.  Multi-valued field).</p>
        </desc>
</t>
<t>
<field>ISDA.DEF.DATE</field>
<desc>
            <p>This field is used to show the year of the version of the ISDA definitions. The contents of this field are used in field 14C for SWIFT messages. </p>
            <p>
                <p>Validation Rules:</p>
            </p>
            <p>Input is only allowed for full agreement types.</p>
            <p>Standard T24 date field.</p>
        </desc>
</t>
<t>
<field>LOCAL.REF</field>
<desc>
            <p>Local reference field(s) defined by the user. </p>
            <p>Identifies any additional element(s) which have been defined locally to meet particular requirements. </p>
            <p>
                <p>Validation Rules:</p>
            </p>
            <p>Upto 11 Alpha-numeric characters as defined in the local table definition for this local reference field. (Optional input.  Multi-valued field).</p>
            <p>Optional or Mandatory input according to the LOCAL.TABLE definition for this field.</p>
        </desc>
</t>
<t>
<field>RESERVED.9</field>
<desc>
            <p>Reserved for future use. </p>
        </desc>
</t>
<t>
<field>RESERVED.1</field>
<desc>
            <p>Reserved for future use. </p>
        </desc>
</t>
<t>
<field>RESERVED.2</field>
<desc>
            <p>Reserved for future use. </p>
        </desc>
</t>
<t>
<field>RESERVED.8</field>
<desc>
            <p>Reserved for future use. </p>
        </desc>
</t>
<t>
<field>SW.AGREEMENT.TYPE</field>
<desc>
            <p>Id defines the type of agreement used in Swap contracts.</p>
            <p>Eg. ISDA, BBAIRS, MASTER etc.</p>
            <p>
                <p>
                    <p>Validation Rules:</p>:</p>
            </p>
            <p>1-30 Alpha-numeric characters. (Mandatory input) </p>
            <p>Input must be either TYPE for master agreement type or TYPE / DATE // VERSION for full agreement types.</p>
            <p />
            <p>For full agreement types TYPE,DATE and VERSION are mandatory</p>
            <p>TYPE can be up to six alphanumeric characters.</p>
            <p>DATE must be eight numeric characters in the form YYYYMMDD.</p>
            <p>VERSION must be four numeric characters. </p>
        </desc>
</t>
</menu>
</t24help>

