<?xml version="1.0" encoding="utf-8"?>
<t24help>
<header>
<product>SW</product>
<table>SWAP.CUSTOMER.CONCAT</table>
</header>
<overview>
<ovdesc>

        </ovdesc>
<ovimage></ovimage>
</overview>
<menu>
<t>
<field>CONTRACT.NUMBER</field>
<desc>
            <p>Standard T24 alphanumeric field. </p>
            <p>
                <p>Validation Rules:</p>
            </p>
            <p>A maximum of 12 characters may be entered.</p>
            <p>Must be the key to a valid entry on the SWAP file.</p>
        </desc>
</t>
<t>
<field>CUSTOMER</field>
<desc>
            <p>Standard T24 customer field. </p>
            <p>
                <p>Validation Rules:</p>
            </p>
            <p>A maximum of 10 characters may be entered.</p>
            <p>Must be the key to a valid entry on the CUSTOMER file.</p>
        </desc>
</t>
</menu>
</t24help>

