<?xml version="1.0" encoding="utf-8"?>
<t24help>
<header>
<product>SW</product>
<table>SWAP.SCHEDULES</table>
</header>
<overview>
<ovdesc>

            <p>To Store the Unprocessed Schedules of a Swap contract</p>
        </ovdesc>
<ovimage></ovimage>
</overview>
<menu>
<t>
<field>LEG.TYPE</field>
<desc>
            <p>Holds the Leg Type of a particular Schedule type.</p>
            <p />
            <p>Allowed Values   A  = Asset Side</p>
            <p>L  = Liability Side</p>
            <p />
        </desc>
</t>
<t>
<field>PROCESS.VALUE</field>
<desc>
            <p>Holds the amount (or Rate) of a particular Schedule type.</p>
            <p>Process value for different type of Schedules is as follows</p>
            <p />
            <p>SCHEDULE.TYPE  PROCESS VALUE</p>
            <p>PX/CI   Principal amount</p>
            <p>IP   Interest Amount</p>
            <p>PI/PD   Increase / Decrease Principal amount</p>
            <p>RR   RR Rate(If NULL, holds the CURRENT.RATE)</p>
            <p>RX/CM  Final Principal amount (With PI/PD)</p>
            <p />
            <p>Field Properties</p>
            <p />
            <p>Standard T24 amount field</p>
            <p>Maximum of 19 characters.</p>
            <p />
        </desc>
</t>
<t>
<field>ACTIVITY.CODE</field>
<desc>
            <p>Indicates the type of Activity to be triggered for a specific Schedule type in order to generate messages.</p>
            <p />
            <p>Presence of value in this field indicates that the details in this Multi-value are related to Message generation only.</p>
            <p />
            <p>The actual message that is generated for this activity code is specified in the SWAP.ADVICES file.</p>
            <p />
            <p />
            <p>Field Properties</p>
            <p />
            <p>Standard T24 alphanumeric field</p>
            <p>Maximum of 5 characters.</p>
            <p />
        </desc>
</t>
<t>
<field>ACTIVITY.DATE</field>
<desc>
            <p>Indicates the date on which the message will be generated.</p>
            <p />
            <p>This field will be present only if ACTIVITY.CODE field is present.</p>
            <p />
            <p />
            <p />
            <p>Field Properties</p>
            <p />
            <p>Standard T24 date field</p>
            <p>Maximum of 8 characters.</p>
            <p />
        </desc>
</t>
<t>
<field>CONTRACT.NO</field>
<desc>
            <p>A unique key by which unprocessed schedule of SWAP is identified.</p>
            <p>It is generated by the system for a SWAP contract and for a date, which corresponds to the Schedule date of a SWAP contract for particular Schedule type. </p>
            <p>The Schedule date will undergo a change in case the Day.Convention is 'Following' or 'Modified' and where the Process.Date is greater than the Orig.Sched.Date. </p>
            <p>The ID format is &lt;SWAP contract ID&gt;. &lt;Schedule Date&gt;</p>
            <p />
            <p>Field Properties</p>
            <p />
            <p>Standard T24 alphanumeric field</p>
            <p>Contains 21 characters with a decimal point after 12 characters.</p>
            <p>First 12 characters specifies ID of SWAP contract</p>
            <p>Last 8 characters specifies Schedule date</p>
            <p />
        </desc>
</t>
<t>
<field>EFFECTIVE.DATE</field>
<desc>
            <p>Holds the Period end date for an IP schedule. This will be the end date of current interest period. This is calculated based on the AS/LB.DATE.ADJUSTMENT.</p>
            <p />
            <p>For Example,</p>
            <p />
            <p>If DATE.ADJUSTMENT is</p>
            <p>NULL/VALUE the effective date is the same as the schedule date.</p>
            <p />
            <p>PERIOD  the effective date will be the process date determined by</p>
            <p>DAY.CONVENTION.</p>
            <p />
            <p>Field Properties</p>
            <p />
            <p>Standard T24 date field</p>
            <p>Maximum of 8 characters.</p>
            <p />
        </desc>
</t>
<t>
<field>PROCESS.DATE</field>
<desc>
            <p>This field determines the date when the schedules will be processed based on the DAY.CONVENTION and the BUSINESS.CENTRES</p>
            <p />
            <p>For Example,</p>
            <p />
            <p>If DAY.CONVENTION is</p>
            <p>NULL   the process date is the same as the schedule date.</p>
            <p />
            <p>"FOLLOWING" the process date will be the first following day that is a business day.</p>
            <p />
            <p>"PRECEDING" the process date will be the first preceding day that is a business day.</p>
            <p />
            <p>"MODIFIED"  the process date will be the first following day that is a business</p>
            <p>day unless the day falls in the next calendar month, in which case the process date will be</p>
            <p>the first preceding day that is a business day.</p>
            <p />
            <p>Field Properties</p>
            <p />
            <p>Standard T24 date field</p>
            <p>Maximum of 8 characters.</p>
            <p />
        </desc>
</t>
<t>
<field>NARRATIVE</field>
<desc>
            <p>Indicates narrative description of a particular Schedule type. Holds the contents of AS/LB.NARR field of a SWAP contract.</p>
            <p />
            <p>Field Properties</p>
            <p />
            <p>Standard T24 alphanumeric field</p>
            <p>Maximum of 35 characters.</p>
            <p />
            <p />
        </desc>
</t>
<t>
<field>ENTRY.DATE</field>
<desc>
            <p>Holds the Value date for the schedule, which is calculated based on the AS/LB.DATE.ADJUSTMENT.</p>
            <p />
            <p>For Example,</p>
            <p>If DATE.ADJUSTMENT is</p>
            <p>NULL   the entry date is the same as the schedule date.</p>
            <p />
            <p>VALUE/PERIOD the entry date will be the process date determined by DAY.CONVENTION.</p>
            <p />
            <p>Field Properties</p>
            <p />
            <p>Standard T24 date field</p>
            <p>Maximum of 8 characters.</p>
            <p />
            <p />
        </desc>
</t>
<t>
<field>K.TYPE</field>
<desc>
            <p>Help Text for this field is unavailable.  Please refer to the T24 User Guides for further information.</p>
        </desc>
</t>
<t>
<field>TYPE</field>
<desc>
            <p>Indicates SCHEDULE.TYPE of a SWAP contract for which processing will be done.</p>
            <p />
            <p>Field Properties</p>
            <p />
            <p>Standard T24 alphanumeric field</p>
            <p>Maximum of 6 characters.</p>
            <p>Must be a valid definition of SWAP.SCHEDULE.TYPE file.</p>
            <p />
            <p />
        </desc>
</t>
<t>
<field>ORIG.SCHED.DATE</field>
<desc>
            <p> Presence of this field is required to handle the processing of various Swap Schedules as per the </p>
            <p> Day.Convention and Date.Adjustment. It holds the Original date of the schedule.</p>
            <p>System compares the Orig.Sched.Date with the Process.Date and does the following. </p>
            <p />
            <p> a) If the Process.Date is greater than Orig.Sched.Date, then system creates a new Swap.Schedule </p>
            <p> with ID same as the Process.date, during the COB of the Orig.Sched.Date.</p>
            <p>Thus the Swap.Schedule is retained for processing at a future date. </p>
            <p />
            <p> b)If the Process.Date is less than the Orig.Sched.Date, then system processes the respective </p>
            <p> Swap.Schedule during the COB of the Process.Date itself. </p>
            <p />
            <p>Field Properties</p>
            <p />
            <p>Standard T24 date field</p>
            <p>Maximum of 8 characters.</p>
            <p />
        </desc>
</t>
</menu>
</t24help>

