<?xml version="1.0" encoding="utf-8"?>
<t24help>
<header>
<product>SW</product>
<table>SWAP.PARAMETER</table>
</header>
<overview>
<ovdesc>

            <p>This file holds the system level parameters for the processing of Swap contracts.</p>
            <p>The SWAP.PARAMETER file has a single record which defines the system parameters that control the processing of contracts.</p>
            <p>This is the highest level file within the Swaps module and must be set up before any data can be entered into the module.</p>
            <p>Only one record is permitted on this file and has the Id "SYSTEM".</p>
            <p>The "SYSTEM" record consists of three major groups :</p>
            <p>o  Various "period" Category codes for Asset side.</p>
            <p>o  Various "period" Category codes for Liability side.</p>
            <p>o  Additional data concerning both sides.      Eg. Transaction code to use on net payments, date and      freq. of accruals, etc.</p>
        </ovdesc>
<ovimage></ovimage>
</overview>
<menu>
<t>
<field>MKT.EX.PRD.LO.CAT</field>
<desc>
            <p>Used to specify the Suspence Account category which is used for posting the Market Exchange Loss</p>
            <p />
            <p>Field Properties:</p>
            <p>A maximum of 5 characters may be entered.</p>
            <p />
            <p>The following values are permitted:</p>
            <p>'1000...19999'</p>
            <p />
            <p>Must be the key to a valid entry on the CATEGORY file.</p>
            <p>Mandatory input</p>
            <p />
        </desc>
</t>
<t>
<field>LB.NEW.CURRENT</field>
<desc>
            <p>Defines the new Category code to be used for current month interest accruals on the Liability side of the Swap contract.</p>
            <p>
                <p>Validation Rules:</p>
            </p>
            <p>5 Numeric character Category code. (Optional input).</p>
            <p>Must be a valid definition on the CATEGORY table.</p>
        </desc>
</t>
<t>
<field>CCY.REVAL.CR.CODE</field>
<desc>
            <p>When a credit revaluation entry is made the transaction code on the entry is set from the value in this field.</p>
            <p>
                <p>Validation Rules:</p>
            </p>
            <p>Must be the key to a valid record on the TRANSACTION file.</p>
            <p>Mandatory Input.</p>
        </desc>
</t>
<t>
<field>INCOME.PREV.MONTH</field>
<desc>
            <p>Help Text for this field is unavailable.  Please refer to the T24 User Guides for further information.</p>
        </desc>
</t>
<t>
<field>MAT.PAYMENT.DATE</field>
<desc>
            <p>Specifies whether the value date (Payment date) for the schedules that fall on the maturity date should be updated with the next working day of the deal currency when the maturity date of the Swap contract is a holiday.</p>
            <p>This functionality will be applicable only for the schedules that fall on the maturity date, provided DAY.CONVENTION in SWAP is set as Following/ Modified. In case of Modified, if the last day of the month is a non-working day, then the value date will be the previous working day (as per PRECEDING).</p>
            <p>
                <p>
                    <p>Validation Rules:</p>:</p>
            </p>
            <p />
            <p>'YES' and 'NO' are the proposed values </p>
            <p>Once the field is set to 'YES' then it will be No input field.</p>
        </desc>
</t>
<t>
<field>EXPENSE.CURR.ACCRUAL</field>
<desc>
            <p>Help Text for this field is unavailable.  Please refer to the T24 User Guides for further information.</p>
        </desc>
</t>
<t>
<field>LOCAL.REF</field>
<desc>
            <p>Local reference field(s) defined by the user.</p>
            <p>Identifies any additional element which has been defined locally to meet a particular requirement.</p>
            <p>
                <p>Validation Rules:</p>
            </p>
            <p>Upto 11 Alphanumeric characters as defined in the local table definition for this local reference field. (Optional input.  Multi-valued field).</p>
            <p>Optional or Mandatory input according to the LOCAL.TABLE definition for this field.</p>
        </desc>
</t>
<t>
<field>RESERVED.9</field>
<desc>
            <p>Reserved for future use.</p>
        </desc>
</t>
<t>
<field>RESERVED.10</field>
<desc>
            <p>Reserved for future use.</p>
        </desc>
</t>
<t>
<field>RESERVED.8</field>
<desc>
            <p>Reserved for future use.</p>
        </desc>
</t>
<t>
<field>EXPENSE.PREV.YEAR</field>
<desc>
            <p>Help Text for this field is unavailable.  Please refer to the T24 User Guides for further information.</p>
        </desc>
</t>
<t>
<field>INCOME.NEW.CURRENT</field>
<desc>
            <p>Help Text for this field is unavailable.  Please refer to the T24 User Guides for further information.</p>
        </desc>
</t>
<t>
<field>RESERVED.6</field>
<desc>
            <p>Reserved for future use.</p>
        </desc>
</t>
<t>
<field>RESERVED.5</field>
<desc>
            <p>Reserved for future use.</p>
        </desc>
</t>
<t>
<field>MKT.EX.PL.LO.CAT</field>
<desc>
            <p>Used to specify the PL category which is used for posting the Market Exchange Loss</p>
            <p />
            <p>
                <p>
                    <p>Validation Rules:</p>:</p>
            </p>
            <p>A maximum of 5 characters may be entered.</p>
            <p />
            <p>The following values are permitted:</p>
            <p>50000...59999</p>
            <p />
            <p>Must be the key to a valid entry on the CATEGORY file.</p>
            <p>Mandatory input</p>
        </desc>
</t>
<t>
<field>LB.CURRENT.ACCRUAL</field>
<desc>
            <p>Defines the Category code to be used for current month interest accruals on the Liability side of the contract.</p>
            <p>
                <p>Validation Rules:</p>
            </p>
            <p>5 Numeric character Category code. (Optional input).</p>
            <p>Must be a valid CATEGORY file definition.</p>
        </desc>
</t>
<t>
<field>AS.PREVIOUS.YEAR</field>
<desc>
            <p>Defines the Category code to be used for previous year interest adjustments on the Asset side of the Swap contract.</p>
            <p>
                <p>Validation Rules:</p>
            </p>
            <p>5 Numeric character Category code. (Optional input).</p>
            <p>Must be a valid defintion on the CATEGORY file.</p>
        </desc>
</t>
<t>
<field>CCY.REVAL.PL.CATEG</field>
<desc>
            <p>When swap contracts undergo the currency revaluation process, any change in the revaluation amount of the contract is posted as unrealised P &amp; L, using the category specified in this field. A balancing entry is made to swap revaluation reserve using the category specified on the ACCOUNT.CLASS record SWREVAL.</p>
            <p>This unrealised P &amp; L is backed out when the contract matures.</p>
            <p>
                <p>Validation Rules:</p>
            </p>
            <p>Must be a valid P &amp; L category on the CATEGORY table.</p>
            <p>Mandatory Input.</p>
        </desc>
</t>
<t>
<field>AS.PREVIOUS.MONTH</field>
<desc>
            <p>Defines the Category code to be used for previous month interest adjustments on the Asset side of the Swap contract.</p>
            <p>
                <p>Validation Rules:</p>
            </p>
            <p>5 Numeric character Category code. (Optional input).</p>
            <p>Must be defined on the CATEGORY table.</p>
        </desc>
</t>
<t>
<field>INCOME.PREV.YEAR</field>
<desc>
            <p>Help Text for this field is unavailable.  Please refer to the T24 User Guides for further information.</p>
        </desc>
</t>
<t>
<field>SWAP.PARAM</field>
<desc>
            <p>This field identifies the parameter set used by the Swap module.</p>
            <p>Only one set of parameters is allowed.  The Id of this record is "SYSTEM".</p>
            <p>
                <p>Validation Rules:</p>
            </p>
            <p>The only allowable input is "SYSTEM".</p>
        </desc>
</t>
<t>
<field>LB.LONG.PER.RATE</field>
<desc>
            <p>This indicates for the Liability leg of a Swap which side of the rate from the PERIODIC.INTEREST table is to be used to calculate the future rate for the long period.</p>
            <p>
                <p>Validation Rules:</p>
            </p>
            <p>1-5 alpha-numeric characters.  Mandatory input field. (Valid input: BID, OFFER, MID;   default MID)</p>
            <p>Override if BID is specified.</p>
        </desc>
</t>
<t>
<field>AS.SHORT.PER.RATE</field>
<desc>
            <p>This indicates for the Asset leg of a Swap which side of the rate from the PERIODIC.INTEREST table is to be used to calculate the future rate for the short period.</p>
            <p>
                <p>Validation Rules:</p>
            </p>
            <p>1-5 alpha-numeric characters.  Mandatory input field. (Valid input: BID, OFFER, MID;   default MID)</p>
            <p>Override if BID is specified.</p>
        </desc>
</t>
<t>
<field>RESERVED.2</field>
<desc>
            <p>Reserved for future use.</p>
        </desc>
</t>
<t>
<field>MKT.EX.PRD.PR.CAT</field>
<desc>
            <p>Used to specify the Suspence Account category which is used for posting the Market Exchange Profit</p>
            <p />
            <p>
                <p>
                    <p>Validation Rules:</p>:</p>
            </p>
            <p>A maximum of 5 characters may be entered.</p>
            <p />
            <p>The following values are permitted:</p>
            <p>'1000...19999'</p>
            <p />
            <p>Must be the key to a valid entry on the CATEGORY file.</p>
            <p>Mandatory input</p>
            <p />
        </desc>
</t>
<t>
<field>INCOME.CURR.ACCRUAL</field>
<desc>
            <p>Help Text for this field is unavailable.  Please refer to the T24 User Guides for further information.</p>
        </desc>
</t>
<t>
<field>RESERVED.1</field>
<desc>
            <p>Reserved for future use.</p>
        </desc>
</t>
<t>
<field>DAYS.POST.MATURITY</field>
<desc>
            <p>This field states the number of days after maturity that a contract is removed from the live file and written to History. A typical input would be '30' so that monthly reports could include contracts that matured during the month without having to interrogate History files.</p>
            <p>
                <p>Validation Rules:</p>
            </p>
            <p>A maximum of 3 characters may be entered.</p>
            <p>The following values are permitted:       1...366</p>
        </desc>
</t>
<t>
<field>EXPENSE.PREV.MONTH</field>
<desc>
            <p>Help Text for this field is unavailable.  Please refer to the T24 User Guides for further information.</p>
        </desc>
</t>
<t>
<field>MKT.EX.CR.CODE</field>
<desc>
            <p>When there is a market exchange credit entry, the transaction code on the entry is set from this field</p>
            <p>
                <p>Validation Rules:</p>
            </p>
            <p>Must be the key to a valid record on the TRANSACTION file.</p>
            <p />
            <p>Standard T24 numeric field.</p>
            <p>  1-10(Max Value) numeric characters Transaction Code. </p>
            <p>  The Maximum value is specified in EB.OBJECT for TRANSACTION. </p>
            <p />
            <p />
        </desc>
</t>
<t>
<field>PM.POSN.IP.DT</field>
<desc>
            <p>Help Text for this field is unavailable.  Please refer to the T24 User Guides for further information.</p>
        </desc>
</t>
<t>
<field>EXPENSE.NEW.CURRENT</field>
<desc>
            <p>Help Text for this field is unavailable.  Please refer to the T24 User Guides for further information.</p>
        </desc>
</t>
<t>
<field>NPV.FWD.RATE</field>
<desc>
            <p>This field accepts input of YES, NO or NULL</p>
            <p>
                <p>Validation Rules:</p>
            </p>
            <p />
            <p>Default value is NULL</p>
            <p>No and NULL mean the same</p>
            <p>If set to yes, System will use the Future Rates formula for calculating the Future Interest Payments while computing Net Present Value of Swaps. For more                          information, please refer to User Guide on Interest Rate Swaps</p>
        </desc>
</t>
<t>
<field>ACCRUAL.CYCLE</field>
<desc>
            <p>Defines the default Date and Frequency of interest accruals for both sides of the Swap contract (Asset and Liability).</p>
            <p>
                <p>Validation Rules:</p>
            </p>
            <p>16 Character standard date/frequency code format. (Optional input).</p>
        </desc>
</t>
<t>
<field>AS.CURRENT.ACCRUAL</field>
<desc>
            <p>Defines the Category code to be used for current month interest accruals on the Asset side of the contract.</p>
            <p>
                <p>Validation Rules:</p>
            </p>
            <p>5 Numeric character Category code. (Optional input.  No default value).</p>
            <p>Must be defined on the CATEGORY table.</p>
        </desc>
</t>
<t>
<field>AS.LONG.PER.RATE</field>
<desc>
            <p>This indicates for the Asset leg of a Swap which side of the rate from the PERIODIC.INTEREST table is to be used to calculate the future rate for the long period.</p>
            <p>
                <p>Validation Rules:</p>
            </p>
            <p>1-5 alpha-numeric characters.  Mandatory input field. (Valid input: BID, OFFER, MID;   default MID)</p>
            <p>Override if OFFER is specified.</p>
        </desc>
</t>
<t>
<field>AS.NEW.CURRENT</field>
<desc>
            <p>Defines the new Category code to be used for current month interest accruals on the Asset side of the Swap contract.</p>
            <p>
                <p>Validation Rules:</p>
            </p>
            <p>5 Numeric characters Category code. (Optional input).</p>
            <p>Must be a valid definition on the CATEGORY file.</p>
        </desc>
</t>
<t>
<field>COUPON.CURVE.RATE</field>
<desc>
            <p>This field is to designate a valid sequence number of the file PERIODIC.INTEREST as the Coupon Curve Rate table.</p>
            <p>
                <p>Validation Rules:</p>
            </p>
            <p>1-2 numeric characters.  Optional input field. (Valid input must be between 02 and 99).</p>
        </desc>
</t>
<t>
<field>LB.PREVIOUS.YEAR</field>
<desc>
            <p>Define the Category code to be used for previous year interest adjustments on the Liability side of the Swap contract.</p>
            <p>
                <p>Validation Rules:</p>
            </p>
            <p>5 Numeric Character Category code. (Optional input).</p>
            <p>Must be a valid definition on the CATEGORY file.</p>
        </desc>
</t>
<t>
<field>NPV.ACCR.ADJ</field>
<desc>
            <p>Help Text for this field is unavailable.  Please refer to the T24 User Guides for further information.</p>
        </desc>
</t>
<t>
<field>OVERRIDE</field>
<desc>
            <p>Contains all the Override messages which the user agreed to during input of the contract.</p>
            <p>
                <p>Validation Rules:</p>
            </p>
            <p>1-35 Alphanumeric characters. (No-input field.)</p>
        </desc>
</t>
<t>
<field>MKT.EX.PL.PR.CAT</field>
<desc>
            <p>Used to specify the PL category which is used for posting the Market Exchange Profit</p>
            <p />
            <p>
                <p>
                    <p>Validation Rules:</p>:</p>
            </p>
            <p>A maximum of 5 characters may be entered.</p>
            <p />
            <p>The following values are permitted:</p>
            <p>50000...59999</p>
            <p />
            <p>Must be the key to a valid entry on the CATEGORY file.</p>
            <p>Mandatory input</p>
            <p />
            <p />
        </desc>
</t>
<t>
<field>RESERVED.3</field>
<desc>
            <p>Reserved for future use.</p>
        </desc>
</t>
<t>
<field>RESERVED.12</field>
<desc>
            <p>Reserved for future use.</p>
        </desc>
</t>
<t>
<field>LB.PREVIOUS.MONTH</field>
<desc>
            <p>Defines the Category code to be used for previous month interest adjustments on the Liability side of the Swap contract.</p>
            <p>
                <p>Validation Rules:</p>
            </p>
            <p>5 Numeric character Category code. (Optional input).</p>
            <p>Must be a valid definition on the CATEGORY file.</p>
        </desc>
</t>
<t>
<field>BROKERAGE.PAYABLE</field>
<desc>
            <p>This field specifies the profit and loss category code that is debited when brokerage is paid on a contract.</p>
            <p>When brokerage is recorded on a contract the system credits an internal account number created with the category code in the ACCOUNT.CLASS record BROKER, and debits the profit and loss category code entered in this field (typically called brokerage paid).</p>
            <p>
                <p>Validation Rules:</p>
            </p>
            <p>5 digit numeric field. (Mandatory input)</p>
            <p>Input must be a valid entry on the  Category Code Table and the System Indicator must be PL (i.e. Profit and Loss).</p>
            <p>NOCHANGE field.</p>
        </desc>
</t>
<t>
<field>CCY.REVAL.DR.CODE</field>
<desc>
            <p>When a debit revaluation entry is made the transaction code on the entry is set from the value in this field.</p>
            <p>
                <p>Validation Rules:</p>
            </p>
            <p>Must be the key to a valid record on the TRANSACTION file.</p>
            <p>Mandatory Input.</p>
        </desc>
</t>
<t>
<field>NET.TRANSACTION</field>
<desc>
            <p>Defines the Transaction code to be used on Swap net payment entries.</p>
            <p>Must be a valid definition on the TRANSACTION file.</p>
            <p>
                <p>Validation Rules:</p>
            </p>
            <p> 1-10(Max Value) numeric characters Transaction Code. (Optional Input)</p>
            <p> The Maximum value is specified in EB.OBJECT for TRANSACTION. </p> 
        </desc>
</t>
<t>
<field>RESERVED.4</field>
<desc>
            <p>Reserved for future use.</p>
        </desc>
</t>
<t>
<field>LB.SHORT.PER.RATE</field>
<desc>
            <p>This indicates for the Liability leg of a Swap which side of the rate from the PERIODIC.INTEREST table is to be used to calculate the future rate for the short period.</p>
            <p>
                <p>Validation Rules:</p>
            </p>
            <p>1-5 alpha-numeric characters.  Mandatory input field. (Valid input: BID, OFFER, MID;   default MID)</p>
            <p>Override if OFFER is specified.</p>
        </desc>
</t>
<t>
<field>RESERVED.11</field>
<desc>
            <p>Reserved for future use.</p>
        </desc>
</t>
<t>
<field>MKT.EX.DR.CODE</field>
<desc>
            <p>When there is a market exchange debit entry, the transaction code on the entry is set from this field</p>
            <p>
                <p>Validation Rules:</p>
            </p>
            <p>Must be the key to a valid record on the TRANSACTION file.</p>
            <p>Standard T24 numeric field.</p>
            <p>A maximum of 3 characters may be entered.</p>
            <p />
            <p />
        </desc>
</t>
<t>
<field>RESERVED.7</field>
<desc>
            <p>Reserved for future use.</p>
        </desc>
</t>
<t><field>FTT.COLL.CPTY.TAX</field><desc><p>Help Text for this field is unavailable.  Please refer to the T24 User Guides for further information.</p></desc></t></menu>
</t24help>
