<?xml version="1.0" encoding="utf-8"?>
<t24help>
<header>
<product>SW</product>
<table>SWAP.BALANCES.HIST</table>
</header>
<overview>
<ovdesc>

            <p>The SWAP.BALANCES.HIST file stores the reversed versions of Swap balance records (SWAP.BALANCES). </p>
            <p>For further information with regard to this file and its' associated fields, please see SWAP.BALANCES helptext. </p>
        </ovdesc>
<ovimage></ovimage>
</overview>
<menu>
<t>
<field>ACCR.TO.DATE</field>
<desc>
            <p>Fields ACCR.FROM.DATE to ACCR.ACT.AMT form a related multi value set. Standard T24 date field. </p>
            <p>
                <p>Validation Rules:</p>
            </p>
            <p>A maximum of 11 characters may be entered.</p>
        </desc>
</t>
<t>
<field>TOT.INT.AMT</field>
<desc>
            <p>Help Text for this field is unavailable.  Please refer to the T24 User Guides for further information.</p>
        </desc>
</t>
<t>
<field>CCY.REVAL.FCY</field>
<desc>
            <p>Help Text for this field is unavailable.  Please refer to the T24 User Guides for further information.</p>
        </desc>
</t>
<t>
<field>INTEREST.RATE</field>
<desc>
            <p>Fields EFFECTIVE.DATE to INTEREST.RATE form a related multi value set. Standard T24 rate field. </p>
            <p>
                <p>Validation Rules:</p>
            </p>
            <p>A maximum of 11 characters may be entered.</p>
        </desc>
</t>
<t>
<field>CRB.MATURITY.DATE</field>
<desc>
            <p>Standard T24 date field. </p>
            <p>
                <p>Validation Rules:</p>
            </p>
            <p>A maximum of 11 characters may be entered.</p>
        </desc>
</t>
<t>
<field>OUTS.PRIN.LCY</field>
<desc>
            <p>It holds the principal outstanding in local currency. </p>
            <p>All principal movements will update this field. </p>
            <p>
                <p>Validation Rules:</p>
            </p>
            <p>1-19 type AMT (standard amount format) characters plus a decimal point.</p>
        </desc>
</t>
<t>
<field>END.INT.PERIOD</field>
<desc>
            <p>Standard T24 date field. </p>
            <p>
                <p>Validation Rules:</p>
            </p>
            <p>A maximum of 11 characters may be entered.</p>
        </desc>
</t>
<t>
<field>ACCR.RATE</field>
<desc>
            <p>Fields ACCR.FROM.DATE to ACCR.ACT.AMT form a related multi value set. Standard T24 rate field. </p>
            <p>
                <p>Validation Rules:</p>
            </p>
            <p>A maximum of 11 characters may be entered.</p>
        </desc>
</t>
<t>
<field>PERIOD.END</field>
<desc>
            <p>Fields SCHEDULE.TYPE to VALUE.DATE form a related multi value set. Standard T24 date field. </p>
            <p>
                <p>Validation Rules:</p>
            </p>
            <p>A maximum of 11 characters may be entered.</p>
        </desc>
</t>
<t>
<field>CRB.VALUE.DATE</field>
<desc>
            <p>Standard T24 date field. </p>
            <p>
                <p>Validation Rules:</p>
            </p>
            <p>A maximum of 11 characters may be entered.</p>
        </desc>
</t>
<t>
<field>MKT.ACT.AMT</field>
<desc>
            <p>Help Text for this field is unavailable.  Please refer to the T24 User Guides for further information.</p>
        </desc>
</t>
<t>
<field>INTEREST.AMOUNT</field>
<desc>
            <p>
                <p>Validation Rules:</p>
            </p>
            <p>A maximum of 19 characters may be entered.</p>
        </desc>
</t>
<t>
<field>NPV.INC.TDY.IP</field>
<desc>
            <p>Help Text for this field is unavailable.  Please refer to the T24 User Guides for further information.</p>
        </desc>
</t>
<t>
<field>SCHED.EFF.DATE</field>
<desc>
            <p>Fields SCHEDULE.TYPE to VALUE.DATE form a related multi value set. Standard T24 date field. </p>
            <p>
                <p>Validation Rules:</p>
            </p>
            <p>A maximum of 11 characters may be entered.</p>
        </desc>
</t>
<t>
<field>NPV.INC.TDY.IPLCY</field>
<desc>
            <p>Help Text for this field is unavailable.  Please refer to the T24 User Guides for further information.</p>
        </desc>
</t>
<t>
<field>AMOUNT.DIFF</field>
<desc>
            <p>Fields SCHEDULE.TYPE to VALUE.DATE form a related multi value set. </p>
            <p>
                <p>Validation Rules:</p>
            </p>
            <p>A maximum of 19 characters may be entered.</p>
        </desc>
</t>
<t>
<field>MKT.ACCR.AMT</field>
<desc>
            <p>Help Text for this field is unavailable.  Please refer to the T24 User Guides for further information.</p>
        </desc>
</t>
<t>
<field>CCY.AMOUNT</field>
<desc>
            <p>Fields SCHEDULE.TYPE to VALUE.DATE form a related multi value set. </p>
            <p>
                <p>Validation Rules:</p>
            </p>
            <p>A maximum of 19 characters may be entered.</p>
        </desc>
</t>
<t>
<field>TOT.MKT.INT.AMT</field>
<desc>
            <p>Help Text for this field is unavailable.  Please refer to the T24 User Guides for further information.</p>
        </desc>
</t>
<t>
<field>MKT.ACCR.RATE</field>
<desc>
            <p>Help Text for this field is unavailable.  Please refer to the T24 User Guides for further information.</p>
        </desc>
</t>
<t>
<field>AMORT.END</field>
<desc>
            <p>Fields AMORT.SCHEDULE to AMORT.TO.DATE form a related multi value set. Standard T24 date field. </p>
            <p>
                <p>Validation Rules:</p>
            </p>
            <p>A maximum of 11 characters may be entered.</p>
        </desc>
</t>
<t>
<field>CUSTOMER.NO</field>
<desc>
            <p>Help Text for this field is unavailable.  Please refer to the T24 User Guides for further information.</p>
        </desc>
</t>
<t>
<field>NPV</field>
<desc>
            <p>
                <p>Validation Rules:</p>
            </p>
            <p>A maximum of 19 characters may be entered.</p>
        </desc>
</t>
<t>
<field>CONTRACT.NUMBER</field>
<desc>
            <p>Standard T24 alphanumeric field. </p>
            <p>
                <p>Validation Rules:</p>
            </p>
            <p>A maximum of 30 characters may be entered.</p>
        </desc>
</t>
<t>
<field>POSITION.LCY</field>
<desc>
            <p>Fields POSITION.DATE to  form a related multi value set. </p>
            <p>
                <p>Validation Rules:</p>
            </p>
            <p>A maximum of 19 characters may be entered.</p>
        </desc>
</t>
<t>
<field>INTEREST.KEY</field>
<desc>
            <p>Fields EFFECTIVE.DATE to INTEREST.RATE form a related multi value set. Standard T24 numeric field. </p>
            <p>
                <p>Validation Rules:</p>
            </p>
            <p>A maximum of 4 characters may be entered.</p>
        </desc>
</t>
<t>
<field>POSITION.FCY</field>
<desc>
            <p>Fields POSITION.DATE to  form a related multi value set. </p>
            <p>
                <p>Validation Rules:</p>
            </p>
            <p>A maximum of 19 characters may be entered.</p>
        </desc>
</t>
<t>
<field>SCHEDULE.TYPE</field>
<desc>
            <p>Fields SCHEDULE.TYPE to VALUE.DATE form a related multi value set. Standard T24 alphanumeric field. </p>
            <p>
                <p>Validation Rules:</p>
            </p>
            <p>A maximum of 12 characters may be entered.</p>
            <p>Must be the key to a valid entry on the SWAP.SCHEDULE.TYPE file.</p>
        </desc>
</t>
<t>
<field>NPV.BEF.ADJ.LCY</field>
<desc>
            <p>Help Text for this field is unavailable.  Please refer to the T24 User Guides for further information.</p>
        </desc>
</t>
<t>
<field>PRINCIPAL</field>
<desc>
            <p>Fields PRINCIPAL to PRIN.DATE form a related multi value set. </p>
            <p>
                <p>Validation Rules:</p>
            </p>
            <p>A maximum of 19 characters may be entered.</p>
        </desc>
</t>
<t>
<field>MKT.INT.RATE</field>
<desc>
            <p>Help Text for this field is unavailable.  Please refer to the T24 User Guides for further information.</p>
        </desc>
</t>
<t>
<field>AMORT.AMOUNT</field>
<desc>
            <p>Fields AMORT.SCHEDULE to AMORT.TO.DATE form a related multi value set. </p>
            <p>
                <p>Validation Rules:</p>
            </p>
            <p>A maximum of 19 characters may be entered.</p>
        </desc>
</t>
<t>
<field>AMORT.TO.DATE</field>
<desc>
            <p>Fields AMORT.SCHEDULE to AMORT.TO.DATE form a related multi value set. Standard T24 amount field. </p>
            <p>
                <p>Validation Rules:</p>
            </p>
            <p>A maximum of 19 characters may be entered.</p>
        </desc>
</t>
<t>
<field>ACCR.PRIN</field>
<desc>
            <p>Fields ACCR.FROM.DATE to ACCR.ACT.AMT form a related multi value set. Standard T24 amount field. </p>
            <p>
                <p>Validation Rules:</p>
            </p>
            <p>A maximum of 19 characters may be entered.</p>
        </desc>
</t>
<t>
<field>NOTIONAL</field>
<desc>
            <p>
                <p>Validation Rules:</p>
            </p>
            <p>A maximum of 2 characters may be entered.</p>
        </desc>
</t>
<t>
<field>INITIAL.XRATE</field>
<desc>
            <p>This field will only become populated when the leg of the swap contract has undergone the currency revaluation processing. The leg of the swap contract must meet all of the following criteria to undergo the currency revaluation processing; </p>
            <p>  1) The contract must be OFF balance sheet.   2) The leg must be non notional.   3) The currency of the leg must not be the local currency. </p>
            <p>When a leg of a swap contract has undergone the currency revaluation processing, this field will hold the exchange rate which was applicable to the currency at the time the leg became non notional. </p>
            <p>
                <p>Validation Rules:</p>
            </p>
            <p>Standard T24 rate field.</p>
        </desc>
</t>
<t>
<field>NPV.BEF.ACC.ADJ</field>
<desc>
            <p>Help Text for this field is unavailable.  Please refer to the T24 User Guides for further information.</p>
        </desc>
</t>
<t>
<field>NPV.LCY</field>
<desc>
            <p>
                <p>Validation Rules:</p>
            </p>
            <p>A maximum of 19 characters may be entered.</p>
        </desc>
</t>
<t>
<field>VALUE.DATE</field>
<desc>
            <p>Fields SCHEDULE.TYPE to VALUE.DATE form a related multi value set. Standard T24 date field. </p>
            <p>
                <p>Validation Rules:</p>
            </p>
            <p>A maximum of 11 characters may be entered.</p>
        </desc>
</t>
<t>
<field>CRB.INTEREST.DATE</field>
<desc>
            <p>Standard T24 date field. </p>
            <p>
                <p>Validation Rules:</p>
            </p>
            <p>A maximum of 11 characters may be entered.</p>
        </desc>
</t>
<t>
<field>PERIOD.START</field>
<desc>
            <p>Fields SCHEDULE.TYPE to VALUE.DATE form a related multi value set. Standard T24 date field. </p>
            <p>
                <p>Validation Rules:</p>
            </p>
            <p>A maximum of 11 characters may be entered.</p>
        </desc>
</t>
<t>
<field>ACCOUNT.OFFICER</field>
<desc>
            <p>Help Text for this field is unavailable.  Please refer to the T24 User Guides for further information.</p>
        </desc>
</t>
<t>
<field>ACCR.ACT.AMT</field>
<desc>
            <p>Fields ACCR.FROM.DATE to ACCR.ACT.AMT form a related multi value set. Standard T24 numeric field. </p>
            <p>
                <p>Validation Rules:</p>
            </p>
            <p>A maximum of 19 characters may be entered.</p>
        </desc>
</t>
<t>
<field>ACCR.AMT</field>
<desc>
            <p>Fields ACCR.FROM.DATE to ACCR.ACT.AMT form a related multi value set. </p>
            <p>
                <p>Validation Rules:</p>
            </p>
            <p>A maximum of 19 characters may be entered.</p>
        </desc>
</t>
<t>
<field>ACCR.DAYS</field>
<desc>
            <p>Fields ACCR.FROM.DATE to ACCR.ACT.AMT form a related multi value set. Standard T24 numeric field. </p>
            <p>
                <p>Validation Rules:</p>
            </p>
            <p>A maximum of 4 characters may be entered.</p>
        </desc>
</t>
<t>
<field>OLD.OUTS.PRIN.LCY</field>
<desc>
            <p>Help Text for this field is unavailable.  Please refer to the T24 User Guides for further information.</p>
        </desc>
</t>
<t>
<field>CURRENCY</field>
<desc>
            <p>Standard T24 currency field. </p>
            <p>
                <p>Validation Rules:</p>
            </p>
            <p>A maximum of 3 characters may be entered.</p>
        </desc>
</t>
<t>
<field>CHARGE.CODE</field>
<desc>
            <p>Fields SCHEDULE.TYPE to VALUE.DATE form a related multi value set. </p>
            <p>
                <p>Validation Rules:</p>
            </p>
            <p>A maximum of 12 characters may be entered.</p>
        </desc>
</t>
<t>
<field>CONF.SENT</field>
<desc>
            <p>Help Text for this field is unavailable.  Please refer to the T24 User Guides for further information.</p>
        </desc>
</t>
<t>
<field>POSITION.DATE</field>
<desc>
            <p>Fields POSITION.DATE to  form a related multi value set. Standard T24 date field. </p>
            <p>
                <p>Validation Rules:</p>
            </p>
            <p>A maximum of 11 characters may be entered.</p>
        </desc>
</t>
<t>
<field>PRIN.DATE</field>
<desc>
            <p>Fields PRINCIPAL to PRIN.DATE form a related multi value set. Standard T24 date field. </p>
            <p>
                <p>Validation Rules:</p>
            </p>
            <p>A maximum of 11 characters may be entered.</p>
        </desc>
</t>
<t>
<field>MKT.INT.AMOUNT</field>
<desc>
            <p>Help Text for this field is unavailable.  Please refer to the T24 User Guides for further information.</p>
        </desc>
</t>
<t>
<field>MKT.CCY.AMT</field>
<desc>
            <p>Help Text for this field is unavailable.  Please refer to the T24 User Guides for further information.</p>
        </desc>
</t>
<t>
<field>RESET.RATE</field>
<desc>
            <p>Fields SCHEDULE.TYPE to VALUE.DATE form a related multi value set. Standard T24 rate field. </p>
            <p>
                <p>Validation Rules:</p>
            </p>
            <p>A maximum of 11 characters may be entered.</p>
        </desc>
</t>
<t>
<field>PROCESS.DATE</field>
<desc>
            <p>Fields SCHEDULE.TYPE to VALUE.DATE form a related multi value set. Standard T24 date field. </p>
            <p>
                <p>Validation Rules:</p>
            </p>
            <p>A maximum of 11 characters may be entered.</p>
        </desc>
</t>
<t>
<field>CCY.REVAL.PL</field>
<desc>
            <p>This field holds the net amount which has been posted as unrealised P&amp;L in local currency. </p>
            <p>The amount is derived by the formula:- Principal outstanding * (current.xrate - initial.xrate) </p>
            <p>
                <p>Validation Rules:</p>
            </p>
            <p>1-19 type AMT (standard amount format) characters plus a decimal point.</p>
        </desc>
</t>
<t>
<field>START.INT.PERIOD</field>
<desc>
            <p>Standard T24 date field. </p>
            <p>
                <p>Validation Rules:</p>
            </p>
            <p>A maximum of 11 characters may be entered.</p>
        </desc>
</t>
<t>
<field>CONSOL.KEY</field>
<desc>
            <p>Standard T24 alphanumeric field. </p>
            <p>
                <p>Validation Rules:</p>
            </p>
            <p>A maximum of 16 characters may be entered.</p>
        </desc>
</t>
<t>
<field>AMORT.START</field>
<desc>
            <p>Fields AMORT.SCHEDULE to AMORT.TO.DATE form a related multi value set. Standard T24 date field. </p>
            <p>
                <p>Validation Rules:</p>
            </p>
            <p>A maximum of 11 characters may be entered.</p>
        </desc>
</t>
<t>
<field>AMORT.SCHEDULE</field>
<desc>
            <p>Fields AMORT.SCHEDULE to AMORT.TO.DATE form a related multi value set. Standard T24 alphanumeric field. </p>
            <p>
                <p>Validation Rules:</p>
            </p>
            <p>A maximum of 12 characters may be entered.</p>
        </desc>
</t>
<t>
<field>SCHEDULE.DATE</field>
<desc>
            <p>Fields SCHEDULE.TYPE to VALUE.DATE form a related multi value set. Standard T24 date field. </p>
            <p>
                <p>Validation Rules:</p>
            </p>
            <p>A maximum of 11 characters may be entered.</p>
        </desc>
</t>
<t>
<field>EFFECTIVE.DATE</field>
<desc>
            <p>Fields EFFECTIVE.DATE to INTEREST.RATE form a related multi value set. Standard T24 date field. </p>
            <p>
                <p>Validation Rules:</p>
            </p>
            <p>A maximum of 11 characters may be entered.</p>
        </desc>
</t>
<t>
<field>PRODCAT</field>
<desc>
            <p>Help Text for this field is unavailable.  Please refer to the T24 User Guides for further information.</p>
        </desc>
</t>
<t>
<field>LCL.AMOUNT</field>
<desc>
            <p>Fields SCHEDULE.TYPE to VALUE.DATE form a related multi value set. </p>
            <p>
                <p>Validation Rules:</p>
            </p>
            <p>A maximum of 19 characters may be entered.</p>
        </desc>
</t>
<t>
<field>ACCR.FROM.DATE</field>
<desc>
            <p>Fields ACCR.FROM.DATE to ACCR.ACT.AMT form a related multi value set. Standard T24 date field. </p>
            <p>
                <p>Validation Rules:</p>
            </p>
            <p>A maximum of 11 characters may be entered.</p>
        </desc>
</t>
</menu>
</t24help>

