<?xml version="1.0" encoding="utf-8"?>
<t24help>
<header>
<product>SW</product>
<table>SWAP.ADVICES</table>
</header>
<overview>
<ovdesc>

            <p>This file controls the output of delivery messages for a Swap activity (SWAP.ACTIVITY). </p>
            <p>The key to this file is the SWAP.ACTIVITY-SWAP.TYPE (the latter being optional). </p>
            <p>For example : </p>
            <p>  o  101      (Contract confirmation) or,      101-CIRS (Cross currency confirmation) </p>
            <p>  o  106      (Contract maturity) or,      106-CIRS (CIRS contract maturity) </p>
            <p>  o  202      (Payment). </p>
            <p>The following details are held for each Swap advice : </p>
            <p>  o  Description   o  Message to produce (DE.MESSAGE)   o  Delivery print format   o  Optional deal slips to produce </p>
        </ovdesc>
<ovimage></ovimage>
</overview>
<menu>
<t>
<field>RESERVED.1</field>
<desc>
            <p>Reserved for future use. </p>
        </desc>
</t>
<t>
<field>RESERVED.10</field>
<desc>
            <p>Reserved for future use. </p>
        </desc>
</t>
<t>
<field>RESERVED.11</field>
<desc>
            <p>Reserved for future use. </p>
        </desc>
</t>
<t>
<field>RESERVED.12</field>
<desc>
            <p>Reserved for future use. </p>
        </desc>
</t>
<t>
<field>RESERVED.8</field>
<desc>
            <p>Reserved for future use. </p>
        </desc>
</t>
<t>
<field>RESERVED.5</field>
<desc>
            <p>Reserved for future use. </p>
        </desc>
</t>
<t>
<field>USE.RECORD</field>
<desc>
            <p>This field identifies the linked SWAP.ADVICES record to use. </p>
            <p>Each Swap advice produced can be linked to another defined Swap advice, therefore using the same parameters as defined on the linked advice. </p>
            <p>This field allows an existing definition to be utilised without any further definition. </p>
            <p>
                <p>Validation Rules:</p>
            </p>
            <p>3 Numeric characters. (Optional input).</p>
            <p>Must be a valid definition on the SWAP.ADVICES file.</p>
        </desc>
</t>
<t>
<field>SWAP.ADV.CODE</field>
<desc>
            <p>Swap advices record Id to identify the advice type. </p>
            <p>The Id is keyed by SWAP.ACTIVITY-SWAP.TYPE (the latter being optional). </p>
            <p>Eg. 101      (Contract confirmation) or,     101-CIRS (Cross currency contract confirmation). </p>
            <p>
                <p>Validation Rules:</p>
            </p>
            <p>3 - 15 Alphanumeric characters. (Mandatory input).</p>
            <p>Keyed by the associated Swap activity and Swap type. Id must be of format SWAP.ACTIVITY-SWAP.TYPE). SWAP.ACTIVITY must must a valid defintion on the SWAP.ACTIVITY file and SWAP.TYPE on the SWAP.TYPE file.</p>
        </desc>
</t>
<t>
<field>RESERVED.7</field>
<desc>
            <p>Reserved for future use. </p>
        </desc>
</t>
<t>
<field>RESERVED.4</field>
<desc>
            <p>Reserved for future use. </p>
        </desc>
</t>
<t>
<field>RESERVED.2</field>
<desc>
            <p>Reserved for future use. </p>
        </desc>
</t>
<t>
<field>RESERVED.3</field>
<desc>
            <p>Reserved for future use. </p>
        </desc>
</t>
<t>
<field>DEAL.SLIP</field>
<desc>
            <p>Multi-valued field to identifiy optional Deal slips to produce. </p>
            <p>Must exist on DEAL.SLIP.PARAMETER. </p>
            <p>
                <p>Validation Rules:</p>
            </p>
            <p>1 to 25 Alpha-numeric characters. (Optional input).</p>
        </desc>
</t>
<t>
<field>DESCRIPTION</field>
<desc>
            <p>Multi-valued description field of the Swap Advices to produce. </p>
            <p>
                <p>Validation Rules:</p>
            </p>
            <p>1-35 Alpha-numeric characters. (Mandatory input.  Free format text).</p>
        </desc>
</t>
<t>
<field>LOCAL.REF</field>
<desc>
            <p>Local reference field(s) defined by the user. </p>
            <p>Identifies any additional element which has been defined locally to meet a particular requirement. </p>
            <p>
                <p>Validation Rules:</p>
            </p>
            <p>Upto 11 Alpha-numeric characters as defined in the local table definition for this local reference field. (Optional input.  Multivalued field).</p>
            <p>Optional or Mandatory input according to the LOCAL.TABLE definition for this field.</p>
        </desc>
</t>
<t>
<field>MESSAGE.TYPE</field>
<desc>
            <p>Identifies the Delivery message to produce. </p>
            <p>Must be a valid definition on the DE.MESSAGE file. </p>
            <p>This field can be null, which signifies that no delivery messages are to be produced for this Swap advice. </p>
            <p>
                <p>Validation Rules:</p>
            </p>
            <p>3 Numeric characters. (Optional input.  Default = null).</p>
        </desc>
</t>
<t>
<field>RESERVED.6</field>
<desc>
            <p>Reserved for future use. </p>
        </desc>
</t>
<t>
<field>PRINT.FORMAT</field>
<desc>
            <p>Specifies which Delivery format to be used by the activity. </p>
            <p>This field allows the user to define different formats of the same basic message type for different activities.  The element defined will become the second element of the resultant DE.FORMAT.PRINT record key. </p>
            <p>
                <p>Validation Rules:</p>
            </p>
            <p>1-6 Alphanumeric characters. (Optional input.  Default = null).</p>
        </desc>
</t>
<t>
<field>RESERVED.9</field>
<desc>
            <p>Reserved for future use. </p>
        </desc>
</t>
</menu>
</t24help>

