<?xml version="1.0" encoding="utf-8"?>
<t24help>
<header>
<product>VP</product>
<table>AML.TXN.PARAMETER</table>
</header>
<overview>
<ovdesc>

        </ovdesc>
<ovimage></ovimage>
</overview>
<menu>
<t>
<field>AML.TXN.PAR.ID</field>
<desc>
            <p>Help Text for this field is unavailable.  Please refer to the T24 User Guides for further information.</p>
        </desc>
</t>
<t>
<field>APPLICATION</field>
<desc>
            <p>Help Text for this field is unavailable.  Please refer to the T24 User Guides for further information.</p>
        </desc>
</t>
<t>
<field>DESCRIPTION</field>
<desc>
            <p>Help Text for this field is unavailable.  Please refer to the T24 User Guides for further information.</p>
        </desc>
</t>
</menu>
</t24help>

