<?xml version="1.0" encoding="utf-8"?>
<t24help>
<header>
<product>TX</product>
<table>TX.MAPPING</table>
</header>
<overview>
<ovdesc>

        </ovdesc>
<ovimage></ovimage>
</overview>
<menu>
<t>
<field>ROUTINE</field>
<desc>
            <p>Defines the routine to do some special processing on the returned/ passed data for IN/OUT mapping.</p>
            <p>For IN mapping,</p>
            <p />it performs special processing on the value returned by the Black Box  in the RET.FLD.POS.  For OUT mapping, it  returns data from multiple files that needs to be passed to the Black Box, in the form of a Dynamic array.<p /><p>Validations :</p><p /><p /><p /><p>Should     have a valid PGM.FILE entry with TYPE = S.</p><p /><p><p /><p>       The routine should return a dynamic array for the above said processing.</p></p><p /><p /><p>The routine has the following parameters :</p><p /><p>                     CONTRACT.ID</p><p>,  </p>APPL.RECORD<p>    -  In parameters</p><p /><p /><p>RETURN.VALUE       - In/Out parameter</p><p /><p>                 CONTRACT.ID     -   The transaction Id for which the mapping is done.</p><p>                 APPL.RECORD     -   The transaction record for which the mapping is done.</p><p>                 RETURN.VALUE  -    The passed to routine and updated by the routine.</p><p /></desc>
</t>
<t>
<field>HANDOFF.PATH</field>
<desc>
            <p>Specifies the path for the output file.</p>
            <p>Validations :</p>
            <p />
            <p />
            <p>For CSV output style it contains the entire file     path. The output record is created in the path specified. </p>
            <p />
            <p>For  T24 output style it contains the valid     T24 work file     name with a file control.</p>
        </desc>
</t>
<t>
<field>TAX.AMT.POS</field>
<desc>
            <p>The position in the workfile where the Black box processing returns the Tax amount.</p>
            <p>Validations :</p>
            <p />
            <p>Numeric value of 2 characters long.</p>
        </desc>
</t>
<t>
<field>OUTPUT.STYLE</field>
<desc>
            <p>Specifies the style in which data is sent or received from T24 for Tax engine </p>
            <p>processing.</p>
            <p />
            <p>Validations :</p>
            <p />
            <p />
            <p>Should contain the following valid data CSV/T24/XML</p>
            <p>                    CSV         - Sends data separated by Comma to a Unix file</p>
            <p>                    T24 - Sends the data to a T24 Work file.</p>
            <p>                    XML        - Sends the data in XML format. (currently not supported)</p>
            <p />
            <p />
            <p />
        </desc>
</t>
<t>
<field>SCHEDULE</field>
<desc>
            <p>This field specifies when the Tax processing is going to happen. Whether immediate or</p>
            <p> through phantom jobs.</p>
            <p />
            <p>Validations :</p>
            <p />
            <p />
            <p>Should contains the following     values,</p>
            <p>            LAUNCH.AND.WAIT - This triggers the Tax engine processing immediately when the </p>
            <p>                                                     transaction is input.</p>
            <p>            LAUNCH.AND.RETURN - Tax engine is not triggered immediately. It is carried over by the </p>
            <p>                                                          phantom jobs after the transaction is committed. Currently </p>
            <p>                                                          this is not supported</p>
        </desc>
</t>
<t>
<field>K.CONVERSION</field>
<desc>
            <p>Help Text for this field is unavailable.  Please refer to the T24 User Guides for further information.</p>
        </desc>
</t>
<t>
<field>RECORD.ID</field>
<desc>
            <p>Defines the ID with which the file name give in the field FILE.NAME is read.</p>
            <p>Validations : </p>
            <p />
            <p />
            <p>A valid field in the file given in     TRANSACTION.FILE.</p>
            <p />
            <p />
            <p>Can     also be a valid routine in the format  @ROUTINE.NAME .</p>
            <p />
            <p />
            <p />
            <p>The routine should have a valid PGM.FILE entry with TYPE = S.</p>
            <p />
            <p>
                <p />
                <p>       The routine should return a value </p>
                <p>with which the   above said application is read. </p>
            </p>
            <p />
            <p />
            <p>The routine has the following parameters :</p>
            <p />
            <p>                     CONTRACT.ID</p>
            <p>,  </p>APPL.RECORD,<p>      -  In parameters</p><p /><p /><p>RETURN.VALUE       - Out parameter</p><p /><p>                 Contract  Id   -   The transaction Id for which the mapping is done.</p><p>                 APPL.RECORD  -   The transaction record for which the mapping is done.</p><p>                 RETURN.VALUE  -    The value returned by routine.</p><p /><p /><p /><p>If the FILE.NAME is equal to the TRANSACTION.FILE,</p><p />then this field is defaulted with the value @ID and should not     be input with any other value.   <p /><p /><p>When     FROM.FIELD,  TO.FIELD or FIELD.NAME is not specified for OUT mapping     record, then the Entire record of file specified in FILE.NAME is passed for     tax processing.</p><p /><p>Mandatory     Input.</p></desc>
</t>
<t>
<field>ID</field>
<desc>
            <p>Defines the ID of the mapping record used for Tax processing.</p>
            <p>Validations :</p>
            <p />
            <p>Should in the format String*IN/OUT</p>
            <p />
            <p />
            <p />
            <p>IN  indicates that the mapping is from the external system into T24</p>
            <p />
            <p />
            <p>                OUT- indicates that the mapping is from T24 to the external system</p>
            <p />
            <p />
        </desc>
</t>
<t>
<field>RET.FLD.POS</field>
<desc>
            <p>Specifies the position of returned data in the workfile which is to be updated in the file specified in FILE.NAME.</p>
            <p>Validations :</p>
            <p />
            <p />
            <p>Numeric value of 2 characters long.</p>
            <p />
            <p>Mandatory input for IN mapping record.</p>
            <p />
            <p />
        </desc>
</t>
<t>
<field>TO.FIELD</field>
<desc>
            <p>Specifies the End Field from the file specified in FILE.NAME when set of fields are to be passed for tax processing.</p>
            <p>Validations :</p>
            <p />
            <p />
            <p>A valid Field name or number from the file     specified in FILE.NAME</p>
            <p />
            <p>Should be given only of Out mapping record.</p>
        </desc>
</t>
<t>
<field>TAX.CCY.POS</field>
<desc>
            <p>The position in the workfile where the Black box processing returns the Tax currency.</p>
            <p>Validations :</p>
            <p />
            <p>Numeric value of 2 characters long.</p>
        </desc>
</t>
<t>
<field>FROM.FIELD</field>
<desc>
            <p>Specifies the Starting Field from the file specified in FILE.NAME when set of fields are to be passed for tax processing.</p>
            <p>Validations :</p>
            <p />
            <p />
            <p>A valid Field name or number from the file     specified in FILE.NAME</p>
            <p />
            <p>Should be given only of Out mapping record.</p>
            <p />
        </desc>
</t>
<t>
<field>TRANSACTION.FILE</field>
<desc>
            <p>Gives the Application for which the mapping belongs.</p>
            <p>Validations :</p>
            <p />
            <p>Valid T24 application name with </p>
            <p>a valid PGM.FILE of      TYPE = L/U/H</p>
            <p />
        </desc>
</t>
<t>
<field>FILE.NAME</field>
<desc>
            <p>Specifies the file name from which the data to be passed in/out from T24 to External tax processing system.</p>
            <p>Validations :</p>
            <p />
            <p>Valid T24 application name with </p>
            <p>a valid PGM.FILE of      TYPE = L/U/H</p>
        </desc>
</t>
<t>
<field>FIELD.NAME</field>
<desc>
            <p>Specifies the field  from the file specified in FILE.NAME which is passed for tax processing.</p>
            <p>Validation :</p>
            <p />
            <p />
            <p>A valid Field name or number from the file     specified in FILE.NAME</p>
            <p />
            <p>Should be given only of Out mapping record.</p>
        </desc>
</t>
<t>
<field>RET.FLD.CONV</field>
<desc>
            <p>Currently not in use.</p>
        </desc>
</t>
<t>
<field>BLACK.BOX</field>
<desc>
            <p>The name of the Black box  routine triggered for Tax processing. The routine can be a T24 or an external routine.</p>
            <p>Validations :</p>
            <p />
            <p />
            <p>The routine should have a valid PGM.FILE entry with TYPE = S if the Output style is 'T24'.</p>
            <p />
            <p />
        </desc>
</t>
<t>
<field>COMPLETE.STATUS</field>
<desc>
            <p>Specifies the position in the workfile where the Black box routine updates the status of </p>
            <p>tax engine processing.</p>
            <p />
            <p>Validations :</p>
            <p />
            <p>Numeric value of 2 characters length.</p>
            <p />
        </desc>
</t>
<t>
<field>CONVERSION</field>
<desc>
            <p>Defines the ID with which the file name give in the field FILE.NAME is read an is specified only when the ID has to be retrieved from some other application. </p>
            <p>Validations : </p>
            <p />
            <p />
            <p>In the format     L APPL FIELD </p>
            <p>            Where APPL = Application to be read to get ID</p>
            <p>                        FIELD - Field in the above application to form ID.</p>
            <p />
            <p />
            <p />
            <p />Eg. If we need to read SUB.ASSET.TYPE, when the mapping is defined for SEC.TRADE,<p />:<p /><p /><p /><p>FILE.NAME</p><p />:<p />SUB.ASSET.TYPE<p /><p /><p /><p>            RECORD.ID</p><p />:<p />SEC.CODE<p />( Field in SEC.TRADE ).<p /><p /><p /><p>            CONVERSION :</p><p />L<p />SEC.MASTER <p />SUB.ASSET.CODE <p /><p /><p /><p /><p /><p>(Sub asset code retrieved from SEC.MASTER ).</p><p /><p /><p /><p>Can     also be a valid routine in the format  @ROUTINE.NAME .</p><p /><p /><p /><p>The routine should have a valid PGM.FILE entry with TYPE = S.</p><p /><p><p /><p>       The routine should return a value </p><p>with which the   above said application is read. </p></p><p /><p /><p>The routine has the following parameters :</p><p /><p>                     CONTRACT.ID</p><p>,  </p>APPL.RECORD,<p>  RECORD.ID    -  In parameters</p><p /><p /><p>RETURN.VALUE       - Out parameter</p><p /><p>                 Contract  Id   -   The transaction Id for which the mapping is done.</p><p>                 Appl.Record  -   The transaction record for which the mapping is done.</p><p>                 Record Id      -    The Value for the field specified in the RECORD.ID.</p><p>                 RETURN.VALUE  -    The value returned by routine.</p><p /><p /><p /><p>Should     not be specified when File specified in TRANSACTION.FILE &amp; FILE.NAME are     same.</p></desc>
</t>
<t>
<field>DESCRIPTION</field>
<desc>
            <p>Description of the Tx Mapping record.</p>
            <p>Validations :</p>
            <p />
            <p />
            <p>0 - 40  type A (alphanumeric) characters.</p>
        </desc>
</t>
<t>
<field>LOCAL.REF</field>
<desc>
        <p>This is a multi valued field. Standard T24 alphanumeric field. </p>
        <p>
           <p>Validation Rules:</p>
        </p>
        <p> A maximum of 35 characters may be entered.</p>
    </desc>
</t>
</menu>
</t24help>

