<?xml version="1.0" encoding="utf-8"?>
<t24help>
<header>
<product>TX</product>
<table>TX.TXN.BASE.PARMS</table>
</header>
<overview>
<ovdesc>

        </ovdesc>
<ovimage></ovimage>
</overview>
<menu>
<t>
<field>SVAL</field>
<desc>
            <p />
            <p>Specifies if the field entered in FIELD.NAME is a sub-value field or not.</p>
            <p />
            <p>Validations :</p>
            <p />
            <p />
            <p>'YES' or 'NO'</p>
            <p />
            <p>If the field entered in FIELD.NAME is of TOTAL type     (check its FIELD.TYPE in TX.TXN.BASE.PARMS file), then input in this field     must be 'NO'.</p>
            <p />
            <p />
            <p />
            <p />
        </desc>
</t>
<t>
<field>TXN.BASE.ID</field>
<desc>
            <p>This is the ID field name of the TXN.BASE file to be created.This is used for mapping the Record  ID of the data populated in the Txn base file created.</p>
            <p />
            <p>Validations :</p>
            <p />
            <p />
            <p />
            <p>Input mandatory.</p>
        </desc>
</t>
<t>
<field>PREFIX</field>
<desc>
            <p>Help Text for this field is unavailable.  Please refer to the T24 User Guides for further information.</p>
        </desc>
</t>
<t>
<field>REV.ACTION</field>
<desc>
            <p />
            <p>This field indicates whether the history details need to stored or not in the TXN.BASE file that is being created.</p>
            <p />
            <p>Validations :</p>
            <p />
            <p>'ACTION' or 'DELETE'</p>
            <p>'ACTION' - stores the history details whereas 'DELETE' does not.</p>
        </desc>
</t>
<t>
<field>SORT.FIELD</field>
<desc>
            <p />
            <p>Specifies the Sorting field, based on which TXN.BASE file data will be sorted.  </p>
            <p />
            <p>Validations :</p>
            <p />
            <p />
            <p>Should be a valid field defined in FIELD.NAME other     than the defaulted fields (TXN.ID, TXN.STATUS ,EVENT.ID,COMPANY)</p>
            <p />
            <p />
        </desc>
</t>
<t>
<field>ID</field>
<desc>
            <p />
            <p>This is the ID of the transaction base file.  </p>
            <p />
            <p>Validations :</p>
            <p />
            <p>1. Characters of 1-30 length.</p>
        </desc>
</t>
<t>
<field>MAINT.HIST</field>
<desc>
            <p>Help Text for this field is unavailable.  Please refer to the T24 User Guides for further information.</p>
        </desc>
</t>
<t>
<field>FLD.VAL.RTN</field>
<desc>
            <p />
            <p>Specifies the validation routine to be called to modify the user input.</p>
            <p>A standard 'T24'  IN2 routine can be specified here (i.e. to convert customer mnemonic etc. ).</p>
            <p />
            <p>Validations :</p>
            <p />
            <p />
            <p>IN2xxxx where xxxx is a valid suffix, i.e. CUS, AMT     etc.</p>
            <p />
            <p>Input should have valid PGM.FILE entry with TYPE = 'S'.</p>
            <p />
            <p />
            <p>The data of this field is updated in SYS.VAL.PROG field of the Standard.Selection which is will created for the TXN.BASE file.</p>
            <p />
            <p>Input mandatory.</p>
            <p />
            <p />
            <p />
            <p />
        </desc>
</t>
<t>
<field>MVAL</field>
<desc>
            <p />
            <p>Specifies if the field entered in FIELD.NAME is a multi-value field or not.</p>
            <p />
            <p>Validations :</p>
            <p />
            <p />
            <p>'YES' or 'NO'</p>
            <p />
            <p>If input = 'YES' then 'M' (Multi-valued field) is     updated in SYS.SINGLE.MULT field of the Standard.Selection which will be     created for the TXN.BASE file.</p>
            <p />
            <p>If the field entered in FIELD.NAME is of TOTAL type     (check its FIELD.TYPE in TX.TXN.BASE.PARMS file), then input in this field     must be 'NO'.</p>
            <p />
            <p>Input mandatory.</p>
            <p />
        </desc>
</t>
<t>
<field>ASOCFLD</field>
<desc>
            <p>Currently not handled.</p>
        </desc>
</t>
<t>
<field>FIELD.FMT</field>
<desc>
            <p />
            <p>Specifies the output format (i.e. the length and justification) for the data of this field when it is being displayed. </p>
            <p />
            <p />
            <p>Validations :</p>
            <p />
            <p />
            <p>Specified in the fomat   'Field.size Just'     like 10L</p>
            <p>        Field.size    - Size (width) of the display field.</p>
            <p>        Just           -  Justification ( R, L , or T )</p>
            <p />
            <p />
            <p>The data of this field is updated in SYS.DISPLAY.FMT     field of the Standard.Selection which will be created for the TXN.BASE file.</p>
            <p />
            <p>Input mandatory.</p>
            <p />
            <p />
            <p />
            <p />
        </desc>
</t>
<t>
<field>FIELD.NAME</field>
<desc>
            <p />
            <p>Provides the list of FIELD NAMES for the TXN.BASE file to be created, which is subsequently mapped in TX.TXN.BASE.MAPPING.</p>
            <p />
            <p>Validations :</p>
            <p />
            <p />
            <p>Input mandatory.</p>
            <p />
            <p>The data of this field is updated in SYS.FIELD.NAME     field of the Standard.Selection which will be created for the TXN.BASE file.</p>
            <p />
            <p />
            <p />
        </desc>
</t>
<t>
<field>FIELD.TYPE</field>
<desc>
            <p />
            <p>Input in this field describes the type (nature) of the field mentioned in FIELD.NAME.</p>
            <p />
            <p>Validations :</p>
            <p />
            <p />
            <p>Is either TOTAL or NULL. </p>
            <p>          "NULL"  - is specified for normal fields </p>
            <p />
            <p>         "TOTAL" - for fields which are used for maintaining sum of field mapped TX.TXN.BASE.MAPPING.</p>
            <p />
        </desc>
</t>
<t>
<field>LOCAL.REF</field>
<desc>
        <p>This is a multi valued field. Standard T24 alphanumeric field. </p>
        <p>
           <p>Validation Rules:</p>
        </p>
        <p> A maximum of 35 characters may be entered.</p>
    </desc>
</t>
</menu>
</t24help>

