<?xml version="1.0" encoding="utf-8"?>
<t24help>
<header>
<product>TX</product>
<table>TX.TXN.BASE.MAPPING</table>
</header>
<overview>
<ovdesc>

        </ovdesc>
<ovimage></ovimage>
</overview>
<menu>
<t>
<field>TXN.BASE.FIELD</field>
<desc>
            <p />
            <p />
            <p>This is the actual field for which mapping is done. The   value for this field is taken from FIELD.NAME (a field  of TXN.BASE.PARMS   file.)</p>
            <p />
            <p>Validations :</p>
            <p />
            <p />
            <p>Data of FIELD.NAME (a field of TXN.BASE.PARMS file).</p>
            <p />
            <p>Cannot take these (TXN.ID, TXN.STATUS or EVENT.ID)       FIELD.NAME from TXN.BASE.PARMS. They are the defaulted field names.</p>
            <p />
            <p>If the field name is a TOTAL       type field (check its FIELD.TYPE in TX.TXN.BASE.PARMS file), only       TXN.APPL.FIELD need to be inputted other fields in this multi-value set must be       blank.</p>
        </desc>
</t>
<t>
<field>LINK.ID.ROUTINE</field>
<desc>
            <p>Help Text for this field is unavailable.  Please refer to the T24 User Guides for further information.</p>
        </desc>
</t>
<t>
<field>TXN.APPLN</field>
<desc>
            <p />
            <p>This field has value only when fields are to be mapped from an application apart from the ID application.</p>
            <p />
            <p>Validations :</p>
            <p />
            <p />
            <p>A valid T24 application.</p>
        </desc>
</t>
<t>
<field>FIELD.POSN</field>
<desc>
            <p>Help Text for this field is unavailable.  Please refer to the T24 User Guides for further information.</p>
        </desc>
</t>
<t>
<field>TXN.BASE.ID</field>
<desc>
            <p />
            <p>   This field specifies the Mapping ID for the Transaction base file.   </p>
            <p>Validations :</p>
            <p />
            <p>Should be given in the format APPL * TXN.BASE.ID where</p>
            <p />
            <p>APPL   </p>
            <p />-<p />is the Valid Application.<p />Eg.<p />MM.MONEY.MARKET etc.<p /><p /><p /><p />TXN.BASE.ID  is the Id of the TXN.Base file<p>   specified in TX.TXN.BASE.PARMS.     </p><p /><p /><p /></desc>
</t>
<t>
<field>LINK.DATA</field>
<desc>
            <p />
            <p>This field has value when data is to be retrieved from other application apart from that in the ID.</p>
            <p />
            <p>Validations :</p>
            <p />
            <p />
            <p>L APPL.NAME     FIELD.NAME, where </p>
            <p>            APPL.NAME     - a valid T24 application</p>
            <p>            FIELD.NAME    - valid field of APPL.NAME.</p>
            <p>            The application in APPL.NAME is read using the value in APPL.RECORD.ID field if TXN.APPL is   </p>
            <p>            given else it uses TXN.APPL.FIELD   </p>
            <p>            Space is the delimiter.</p>
            <p />
            <p />
            <p>Can also accept     a routine name in the format @ROUTINE.NAME. </p>
            <p>           The routine needs to have a PGM.FILE entry, with TYPE = 'S'.</p>
            <p>           It accepts four parameters -</p>
            <p>              Out parameters -</p>
            <p>              CONTRACT.ID  - is the Id of the Application for which mapping is done.</p>
            <p>              APPL.REC          - application record for which mapping is done.</p>
            <p>              FLD.NAME        -  either APPL.RECORD.ID if TXN.APPL is given or of TXN.APPL.FIELD</p>
            <p>              Out Parameter - </p>
            <p>              RETURN.VALUE - value (data) of FLD.NAME</p>
            <p />
            <p />
        </desc>
</t>
<t>
<field>INPUT.ROUTINE</field>
<desc>
            <p>This routine is called at input stage when updating the Transaction Base file.</p>
            <p>Validations :</p>
            <p />
            <p>Need to have an entry in the PGM.FILE with TYPE = 'S'.</p>
            <p />
            <p>The parameters to the routine are -</p>
            <p />
            <p>Routine (CONTRACT.ID, Y.APPL.RECORD, MAPPING.REC, MAPPING.ID, Y.RETURN.ARRAY )</p>
            <p />
            <p>Where -</p>
            <p />
            <p>CONTRACT.ID            - is the ID of the current Transaction (current record) for which is mapping is done.</p>
            <p />
            <p>Y.APPL.RECORD        - is the Application (contract) record details.</p>
            <p />
            <p>MAPPING.REC            - is the mapped record based on the fields in TXN.BASE.FIELD.</p>
            <p />
            <p>MAPPING.ID                - is the ID of the current TX.TXN.BASE.MAPPING record which is being mapped.</p>
            <p />
            <p>Y.RETURN.ARRAY     - is the updated array returned by the routine, which is used to update the      </p>
            <p> Transaction Base file.</p>
        </desc>
</t>
<t>
<field>LINK.SEPARATOR</field>
<desc>
            <p>Help Text for this field is unavailable.  Please refer to the T24 User Guides for further information.</p>
        </desc>
</t>
<t>
<field>ID.FIELD.NAME</field>
<desc>
            <p />
            <p>This field takes the value present in TXN.BASE.ID field of TX.TXN.BASE.PARMS, which is used as the ID for  mapping.</p>
            <p />
            <p>Validations :</p>
            <p />
            <p />
            <p>Must be a value defined in TXN.BASE.ID field in     TX.TXN.BASE.PARMS.</p>
            <p />
        </desc>
</t>
<t>
<field>TXN.APPL.FIELD</field>
<desc>
            <p />
            <p>The field name mentioned in this field is used for mapping.</p>
            <p />
            <p>Validations :</p>
            <p />
            <p />
            <p>It must be a valid field of the application provided in the     ID. (or)</p>
            <p />
            <p>If field# 4(TXN.APPL) is given,     then input is a valid field     of the application in field# 4. (or)</p>
            <p />
            <p>If the field     name in TXN.BASE.FIELD is of TOTAL type (check its FIELD.TYPE in     TXN.BASE.PARMS file), then value of this field should be a TXN.BASE.FIELD     which is already mapped. (i.e.- the value in this field should have been     previously defined in any of the multi-values of TXN.BASE.FIELD)</p>
            <p>NOTE - If the Application in the ID is a SECURITY one (i.e. - if the PRODUCT is 'SC' in the    </p>
            <p>              respected  application's PGM.FILE record), then input in this field can either be a valid</p>
            <p>              field of SECURITY.TRANS or of the Security application in the ID. This holds good even</p>
            <p>              for the field name (appl.fld) variable  if  !FIELD option is being used.</p>
            <p />
            <p />
        </desc>
</t>
<t>
<field>ID</field>
<desc>
            <p>This field specifies the Mapping ID for the Transaction base file.</p>
            <p>Validations :</p>
            <p />
            <p>Should be given in the format APPL * TXN.BASE.ID where</p>
            <p />
            <p>APPL </p>
            <p />-<p />is the Valid Application.<p />Eg.<p />MM.MONEY.MARKET etc.<p /><p /><p /><p />TXN.BASE.ID  is the Id of the TXN.Base file<p> specified in TX.TXN.BASE.PARMS.     </p><p /><p /><p /><p /></desc>
</t>
<t>
<field>ID.APPL.FIELD</field>
<desc>
            <p />
            <p>  Specifies the corresponding field of  the APPLICATION in the ID, with which mapping is done.</p>
            <p />
            <p>Validations :</p>
            <p />
            <p />
            <p>Must be a SINGLE-VALUE (NO multi/sub-value) field of     the APPLICATION provided in     the ID (or)</p>
            <p />
            <p />
            <p>It can also accept a valid routine in the format  @ROUTINE .</p>
            <p />
            <p />
            <p />
            <p />
            <p />The routine should have a valid PGM.FILE entry with TYPE = S.<p /><p /><p /><p>The routine should accept the following parameters :</p><p /><p>             CONTRACT.ID</p><p>,  </p>APPL.RECORD,<p />PASS.DATA, RETURN.VALUE  <p /><p /><p>         CONTRACT.ID - Transaction ID</p><p /><p>         APPL.RECORD - Transaction record.</p><p /><p>         PASS.DATA      -  Any other info need to be passed.Currently Null value is passed.</p><p /><p>        RETURN VALUE - Returned data from the routine which is used in the formation of ID.</p><p /><p /><p>In the     format given below -</p><p>          ! FIELD appl.fld,separator,part.no  where </p><p>            - appl.fld  its a valid single-value field of application in the ID.</p><p>            - separator field delimiter.</p><p>            - part.no if  delimiter present, then which part of the field is to be retrieved.</p><p /><p>   NOTE  - For SC applications input in this field can either be a valid field of SECURITY.TRANS or  </p><p>                  from the application in the ID. This holds good even for the field name (appl.fld) used in              </p><p>                  the ! FIELD option. </p><p /></desc>
</t>
<t>
<field>APPL.RECORD.ID</field>
<desc>
            <p />
            <p>The application in field# 4 is read using the value of this field, which needs to be a field of the Application in the ID.</p>
            <p />
            <p>Validations :</p>
            <p />
            <p />
            <p>Can be a field of the Application in the ID (or)</p>
            <p />
            <p>User-defined value within quotes. (eg -     "SYSTEM") (or)</p>
            <p />
            <p>A valid routine in the format -     @ROUTINE.NAME,&lt;Field&gt;, where </p>
            <p>              'FIELD' - is a valid field of the     Application     given in the ID. Input after the coma I.e.&lt;Field&gt; is optional, </p>
            <p>          if     given the VALUE of this field is passed as the 3rd parameter inside the Routine.</p>
            <p>          The Routine must have a PGM.FILE entry, whose type = 'S'.  </p>
            <p>          It has 4 arguments - </p>
            <p>          In Parameter - CONTRACT.ID, APPL.REC, FLD.VALUE</p>
            <p>          CONTRACT.ID - is the Id of the Application for which mapping is done.</p>
            <p>          APPL.REC         - application record for which mapping is done.</p>
            <p>          FLD.VALUE      - value of &lt;field&gt; if given, else its left blank.   </p>
            <p>          Out Parameter - </p>
            <p>          RETURN.VALUE - Value with which Application in the ID is read.</p>
            <p />
            <p />
        </desc>
</t>
<t>
<field>CHECK.ROUTINE</field>
<desc>
            <p>The input in this field is a user-defined routine, which specifies whether the TXN.BASE.FIELD should be updated in the TXN.BASE file.</p>
            <p>Validations :</p>
            <p />
            <p>Routine should have an entry in PGM.FILE with TYPE = 'S'</p>
            <p>It accepts 4 parameters - </p>
            <p>        IN parameters are - CONTRACT.ID, APPL.REC, FLD.VALUE</p>
            <p />
            <p>        CONTRACT.ID - is the Id of the Application for which mapping is done.</p>
            <p>        APPL.REC         - application record for which mapping is done.</p>
            <p>        FLD.VALUE      - the mapped data of the field.</p>
            <p />
            <p>       Out Parameter - </p>
            <p>       RETURN.VALUE - the value in this field determines if the TXN.BASE.FIELD needs to updated or not  </p>
            <p>                                        in the TXN.BASE file. If 0 is returned then the field is not updated. If 1 then its         </p>
            <p>                                        updated.</p>
            <p />
            <p />
        </desc>
</t>
<t>
<field>DELETE.ROUTINE</field>
<desc>
            <p>  This routine is called during updation (deletion/reversal) of the Transaction Base file.  </p>
            <p>Validations :</p>
            <p />
            <p>Need to have an entry in the PGM.FILE with TYPE = 'S'</p>
            <p />
            <p>The parameters to the routine would be</p>
            <p />
            <p>Routine (CONTRACT.ID, Y.APPL.RECORD, MAPPING.REC,     MAPPING.ID, Y.RETURN.ARRAY )</p>
            <p />
            <p>Where -</p>
            <p />
            <p>CONTRACT.ID    - is the ID of the current Transaction (current record) for which is mapping     is  done.</p>
            <p />
            <p>Y.APPL.RECORD - is the Application (contract) record details.</p>
            <p />
            <p>MAPPING.REC     - is the Transaction Base record which is being deleted.</p>
            <p />
            <p>MAPPING.ID      - is the ID of the current TX.TXN.BASE.MAPPING record which is     being mapped.</p>
            <p />
            <p>Y.RETURN.ARRAY     - is the     updated array returned by the routine, Currently no processing is done with     the returned array.     </p>
            <p />
            <p />
        </desc>
</t>
<t>
<field>FIELD.NAME</field>
<desc>
            <p>Help Text for this field is unavailable.  Please refer to the T24 User Guides for further information.</p>
        </desc>
</t>
</menu>
</t24help>

