<?xml version="1.0" encoding="utf-8"?>
<t24help>
<header>
<product>RE</product>
<table>CONSOLIDATE.PRFT.LOSS</table>
</header>
<overview>
<ovdesc>

        </ovdesc>
<ovimage></ovimage>
</overview>
<menu>
<t>
<field>CCY.BALANCE.YTD</field>
<desc>
            <p>Fields CURRENCY to  form a related multi value set. </p>
            <p>
                <p>Validation Rules:</p>
            </p>
            <p>A maximum of 19 characters may be entered.</p>
        </desc>
</t>
<t>
<field>CCY.CREDT.MVE</field>
<desc>
            <p>Fields CURRENCY to  form a related multi value set. </p>
            <p>
                <p>Validation Rules:</p>
            </p>
            <p>A maximum of 19 characters may be entered.</p>
        </desc>
</t>
<t>
<field>VARIABLE.5</field>
<desc>
            <p>Standard T24 alphanumeric field. </p>
            <p>
                <p>Validation Rules:</p>
            </p>
            <p>A maximum of 35 characters may be entered.</p>
        </desc>
</t>
<t>
<field>VARIABLE.6</field>
<desc>
            <p>Standard T24 alphanumeric field. </p>
            <p>
                <p>Validation Rules:</p>
            </p>
            <p>A maximum of 35 characters may be entered.</p>
        </desc>
</t>
<t>
<field>VARIABLE.4</field>
<desc>
            <p>Standard T24 alphanumeric field. </p>
            <p>
                <p>Validation Rules:</p>
            </p>
            <p>A maximum of 35 characters may be entered.</p>
        </desc>
</t>
<t>
<field>VARIABLE.10</field>
<desc>
            <p>Standard T24 alphanumeric field. </p>
            <p>
                <p>Validation Rules:</p>
            </p>
            <p>A maximum of 35 characters may be entered.</p>
        </desc>
</t>
<t>
<field>DATE.LAST.UPDATE</field>
<desc>
            <p>Standard T24 date field. </p>
            <p>
                <p>Validation Rules:</p>
            </p>
            <p>A maximum of 11 characters may be entered.</p>
        </desc>
</t>
<t>
<field>VARIABLE.12</field>
<desc>
            <p>Standard T24 alphanumeric field. </p>
            <p>
                <p>Validation Rules:</p>
            </p>
            <p>A maximum of 35 characters may be entered.</p>
        </desc>
</t>
<t>
<field>CREDIT.MOVEMENT</field>
<desc>
            <p>Fields CURRENCY to  form a related multi value set. </p>
            <p>
                <p>Validation Rules:</p>
            </p>
            <p>A maximum of 19 characters may be entered.</p>
        </desc>
</t>
<t>
<field>VARIABLE.8</field>
<desc>
            <p>Standard T24 alphanumeric field. </p>
            <p>
                <p>Validation Rules:</p>
            </p>
            <p>A maximum of 35 characters may be entered.</p>
        </desc>
</t>
<t>
<field>VARIABLE.7</field>
<desc>
            <p>Standard T24 alphanumeric field. </p>
            <p>
                <p>Validation Rules:</p>
            </p>
            <p>A maximum of 35 characters may be entered.</p>
        </desc>
</t>
<t>
<field>CURRENCY</field>
<desc>
            <p>Fields CURRENCY to  form a related multi value set. Standard T24 currency field. </p>
            <p>
                <p>Validation Rules:</p>
            </p>
            <p>A maximum of 3 characters may be entered.</p>
            <p>Must be the key to a valid entry on the CURRENCY file.</p>
        </desc>
</t>
<t>
<field>DEBIT.MOVEMENT</field>
<desc>
            <p>Fields CURRENCY to  form a related multi value set. </p>
            <p>
                <p>Validation Rules:</p>
            </p>
            <p>A maximum of 19 characters may be entered.</p>
        </desc>
</t>
<t>
<field>VARIABLE.9</field>
<desc>
            <p>Standard T24 alphanumeric field. </p>
            <p>
                <p>Validation Rules:</p>
            </p>
            <p>A maximum of 35 characters may be entered.</p>
        </desc>
</t>
<t>
<field>VARIABLE.1</field>
<desc>
            <p>Standard T24 alphanumeric field. </p>
            <p>
                <p>Validation Rules:</p>
            </p>
            <p>A maximum of 35 characters may be entered.</p>
        </desc>
</t>
<t>
<field>CONSOL.KEY</field>
<desc>
            <p>Standard T24 alphanumeric field. </p>
            <p>
                <p>Validation Rules:</p>
            </p>
            <p>A maximum of 65 characters may be entered.</p>
        </desc>
</t>
<t>
<field>VARIABLE.11</field>
<desc>
            <p>Standard T24 alphanumeric field. </p>
            <p>
                <p>Validation Rules:</p>
            </p>
            <p>A maximum of 35 characters may be entered.</p>
        </desc>
</t>
<t>
<field>VARIABLE.2</field>
<desc>
            <p>Standard T24 alphanumeric field. </p>
            <p>
                <p>Validation Rules:</p>
            </p>
            <p>A maximum of 35 characters may be entered.</p>
        </desc>
</t>
<t>
<field>CCY.DEBIT.MVE</field>
<desc>
            <p>Fields CURRENCY to  form a related multi value set. </p>
            <p>
                <p>Validation Rules:</p>
            </p>
            <p>A maximum of 19 characters may be entered.</p>
        </desc>
</t>
<t>
<field>VARIABLE.3</field>
<desc>
            <p>Standard T24 alphanumeric field. </p>
            <p>
                <p>Validation Rules:</p>
            </p>
            <p>A maximum of 35 characters may be entered.</p>
        </desc>
</t>
<t>
<field>APPLIC.ID</field>
<desc>
            <p>Standard T24 alphanumeric field. </p>
            <p>
                <p>Validation Rules:</p>
            </p>
            <p>A maximum of 2 characters may be entered.</p>
        </desc>
</t>
<t>
<field>BALANCE</field>
<desc>
            <p>Fields CURRENCY to  form a related multi value set. </p>
            <p>
                <p>Validation Rules:</p>
            </p>
            <p>A maximum of 19 characters may be entered.</p>
        </desc>
</t>
<t>
<field>BALANCE.YTD</field>
<desc>
            <p>Fields CURRENCY to  form a related multi value set. </p>
            <p>
                <p>Validation Rules:</p>
            </p>
            <p>A maximum of 19 characters may be entered.</p>
        </desc>
</t>
<t>
<field>CCY.BALANCE</field>
<desc>
            <p>Fields CURRENCY to  form a related multi value set. </p>
            <p>
                <p>Validation Rules:</p>
            </p>
            <p>A maximum of 19 characters may be entered.</p>
        </desc>
</t>
</menu>
</t24help>

