<?xml version="1.0" encoding="utf-8"?>
<t24help>
<header>
<product>RE</product>
<table>EB.SYSTEM.SUMMARY</table>
</header>
<overview>
<ovdesc></ovdesc>
<ovimage></ovimage>
</overview>
<menu>
<t>
<field>CON.LCL.BAL</field>
<desc>
            <p>Amount from CONT.LCL.BEF in EU.PARAMETER.</p>
        </desc>
</t>
<t>
<field>AL.POS.ADJUST</field>
<desc>
            <p>Contains the automatic adjustment raised to the POSITION record of the associated AL.CCY.MKT. The adjustment amount will be raised to bring the CRB balance into line with the Position balance for that currency, market and position type. Automatic adjustments are only raised when the associated CORRECT.EXCEP is set to Y.</p>
            <p>  The adjustment amount is calculated as follows:</p>
            <p />
            <p />
            <p>  (AL.CCY.EXCEP - AL.CCY.COR.AMT) * -1</p>
            <p>
                <p>Validation Rules:</p>
            </p>
            <p />
            <p />
            <p>  No input amount field</p>
        </desc>
</t>
<t>
<field>AL.CCY.POSN</field>
<desc>
            <p>Contains the balance of the currency POSITION records for the associated AL.CCY.MKT in the currency itself.</p>
            <p>
                <p>Validation Rules:</p>
            </p>
            <p />
            <p />
            <p>  No input field</p>
        </desc>
</t>
<t>
<field>PL.TOTAL.LCY</field>
<desc>
            <p>Contains the local currency total of Profit and Loss for the system. The total is calculated from the CONSOLIDATE.PRFT.LOSS application.</p>
            <p>
                <p>Validation Rules:</p>
            </p>
            <p />
            <p />
            <p>  Local currency field</p>
            <p>  No input allowed</p>
        </desc>
</t>
<t>
<field>AL.LCY.EXCEP</field>
<desc>
            <p>Contains the exception amount when there is a difference between the associated AL.LCL.BAL, the CRB balance and AL.LCL.POS, the position balance. </p>
            <p>
                <p>Validation Rules:</p>
            </p>
            <p />
            <p />
            <p>  No input field</p>
        </desc>
</t>
<t>
<field>AL.CCY.MKT</field>
<desc>
            <p>Contains the market, position type and currency for which the associated position system check totals are specified.</p>
            <p>
                <p>Validation Rules:</p>
            </p>
            <p />
            <p />
            <p>  No input field</p>
            <p />
            <p />
            <p />
        </desc>
</t>
<t>
<field>CORRECT.LCY.EXCEP</field>
<desc>
            <p>Specifies if an exception occurs between the profit and loss and asset and liablilty balances, that the difference should be automatically corrected.</p>
            <p>  If set to Y the system will raise the difference to the suspense account in local currency of the category defined in the CONSOLIDATE.COND record ASSET&amp;LIAB in the field ADJ.ACCT.CAT. The posting will be made with the transaction code defined in the field ADJ.ACCT.TXN.</p>
            <p>  The difference amount can be found in the field EXCEPT.AMT.LCY.</p>
            <p>
                <p>Validation Rules:</p>
            </p>
            <p />
            <p />
            <p>  Optional Input</p>
            <p>  Valid entry of Y only</p>
            <p>  Entry of Y is only allowed if the record key is the last working day</p>
            <p>  Entry of Y is only allowed if the  EXECPT.AMT.LCY is not null</p>
        </desc>
</t>
<t>
<field>AL.TOTAL.LCY</field>
<desc>
            <p>Specifies the total local currency asset and liability balance of the system. The total is calculated from the CONSOLIDATE.ASST.LIAB records for all non-contingent types.</p>
            <p>
                <p>Validation Rules:</p>
            </p>
            <p />
            <p />
            <p>  Local currency amount field</p>
            <p>  No input field</p>
        </desc>
</t>
<t>
<field>COMP.SYSTEM.DATE</field>
<desc>
            <p>Help Text for this field is unavailable.  Please refer to the T24 User Guides for further information.</p>
        </desc>
</t>
<t>
<field>AL.LCL.BAL</field>
<desc>
            <p>Contains the local equivalent balance of the AL.CCY.BAL.AMT field.</p>
            <p>
                <p>Validation Rules:</p>
            </p>
            <p />
            <p />
            <p>  No input field</p>
            <p>  Local currency amount field</p>
        </desc>
</t>
<t>
<field>CORRECT.EXCEP</field>
<desc>
            <p>Specifies if the exception amounts held in the associated AL.CCY.EXCEP and AL.LCY.EXCEP are to be automatically adjusted so that the position total matches the CRB total.</p>
            <p>  If set to Y the system will adjust the values and the adjustment amount raised will be held in the AL.POS.ADJUST and AL.POS.LCY.ADJ fields.</p>
            <p>  Automatic adjustment is only possible on the next working day after an exception occurs. </p>
            <p>
                <p>Validation Rules:</p>
            </p>
            <p />
            <p />
            <p>  Optional field</p>
            <p>  Valid input is Y</p>
            <p>  Input only allowed if system date defined in the key is equal to the last working day</p>
            <p>  Input is only allowed if AL.CCY.EXCEP is not null.</p>
        </desc>
</t>
<t>
<field>AL.POS.LCY.ADJ</field>
<desc>
            <p>Contains the local equivalent of the automatic adjustment raised to the POSITION record of the associated AL.CCY.MKT. The adjustment amount will be raised to bring the CRB balance into line with the Position balance for that currency, market and position type. Automatic adjustments are only raised when the associated CORRECT.EXCEP is set to Y.</p>
            <p>  The adjustment amount is calculated as follows:</p>
            <p />
            <p />
            <p>  (AL.LCY.EXCEP - AL.LCY.COR.AMT) * -1</p>
            <p>
                <p>Validation Rules:</p>
            </p>
            <p />
            <p />
            <p>  No Input Field</p>
        </desc>
</t>
<t>
<field>CON.CCY.POS</field>
<desc>
            <p>Amount from CON.POS.BEF in EU.PARAMETER.</p>
        </desc>
</t>
<t>
<field>AL.LCY.COR.AMT</field>
<desc>
            <p>Contains the local equivalent of the correction amounts in foreign currency in the associated AL.CCY.COR.AMT field.</p>
            <p>
                <p>Validation Rules:</p>
            </p>
            <p />
            <p />
            <p>  No input field</p>
        </desc>
</t>
<t>
<field>EXCEPT.AMT.LCY</field>
<desc>
            <p>Contains the exception amount when there is a difference between the asset and liability and profit and loss local currency  balances.</p>
            <p>
                <p>Validation Rules:</p>
            </p>
            <p />
            <p />
            <p>  Local currency field</p>
            <p>  No input allowed</p>
        </desc>
</t>
<t>
<field>CON.LCL.POS</field>
<desc>
            <p>Amount from CON.POS.LCL.BEF in EU.PARAMETER.</p>
        </desc>
</t>
<t>
<field>SYS.LCL.ADJUST</field>
<desc>
            <p>The adjustment amount raised when the CORRECT.LCY.EXCEP field is set to Y to automatically bring the Asset and Liability balance in line woth the profit and loss balance.</p>
            <p>
                <p>Validation Rules:</p>
            </p>
            <p />
            <p />
            <p>  Local currency field</p>
            <p>  No input allowed</p>
        </desc>
</t>
<t>
<field>CON.CCY.BAL</field>
<desc>
            <p>Amount from CONT.BAL.BEF in EU.PARAMETER.</p>
        </desc>
</t>
<t>
<field>AL.LCL.POS</field>
<desc>
            <p>Contains the local currency equivalent of the foreign currency position balance held in the associated AL.CCY.BAL.AMT field.</p>
            <p>
                <p>Validation Rules:</p>
            </p>
            <p />
            <p />
            <p>  No Input field</p>
        </desc>
</t>
<t>
<field>POSITION.ENTRY</field>
<desc>
            <p>Value ACCOUNT from CONSOLIDATE.COND.</p>
        </desc>
</t>
<t>
<field>AL.CCY.BAL.AMT</field>
<desc>
            <p>Contains the CRB non-contingent Asset and Liability total for the associated AL.CCY.MKT. The total is calculated from the CONSOLIDATE.ASST.LIAB application.</p>
            <p>
                <p>Validation Rules:</p>
            </p>
            <p />
            <p />
            <p>  No input field</p>
            <p>  Amount field</p>
        </desc>
</t>
<t>
<field>AL.CCY.COR.AMT</field>
<desc>
            <p>Contains the total of correction movements raised to the CRB for the associated market, position type and currency, in the actual currency itself.</p>
            <p>  Correction movements are generated by the RE.CONTRACT.EXCEPTION application.</p>
            <p>
                <p>Validation Rules:</p>
            </p>
            <p />
            <p />
            <p>  No input field</p>
        </desc>
</t>
<t>
<field>AL.CCY.EXCEP</field>
<desc>
            <p>Contains the exception amount when there is a difference between the associated AL.CCY.BAL.AMT, the CRB balance and AL.CCY.POSN, the position balance. </p>
            <p>
                <p>Validation Rules:</p>
            </p>
            <p />
            <p />
            <p>  No input field</p>
        </desc>
</t>
<t>
<field>AL.CCY</field>
<desc>
            <p>Contains the currency code for the associated system total fields.</p>
            <p>
                <p>Validation Rules:</p>
            </p>
            <p />
            <p />
            <p>  No input field</p>
        </desc>
</t>
</menu>
</t24help>

