<?xml version="1.0" encoding="utf-8"?>
<t24help>
<header>
<product>RE</product>
<table>PL.CLOSE.PARAMETER</table>
</header>
<overview>
<ovdesc>

            <p>This application controls the year end financial processing where the PL balances are transferred to Assets &amp; Liabilities.</p>
            <p />
            <p>  The financial year end, grouping of the totals and special reports to be run are defined here.</p>
        </ovdesc>
<ovimage></ovimage>
</overview>
<menu>
<t>
<field>POSITION.TYPE</field>
<desc>
            <p>GAAP types existing in FX.POS.TYPE to be used when posting accounting entries.</p>
            <p />
            <p>  Validation rules </p>
            <p />
            <p>  Can only be the ID of FX.POS.TYPE </p>
            <p />
        </desc>
</t>
<t>
<field>PROCESSING.DATE</field>
<desc>
            <p>System field updated when the close out has been run. It contains the date as of which the close out is being run and will have 'CL' appended to it. For example if the close out is to be run as year end December 2007 then the PL.PROCESSING.DATE will hold a value of '20071231CL'.</p>
        </desc>
</t>
<t>
<field>LAST.HALT.DATE</field>
<desc>
            <p>Help Text for this field is unavailable.  Please refer to the T24 User Guides for further information.</p>
        </desc>
</t>
<t>
<field>ITEMS.TO.EXCLUDE</field>
<desc>
            <p>Reserved for future use.</p>
        </desc>
</t>
<t>
<field>REPORT</field>
<desc>
            <p>The name of the report to be run. Based on the REPORT.TYPE this will be an ENQUIRY, REPGEN, CRF or Program based report.</p>
            <p />
            <p>
                <p>Validation Rules:</p>
            </p>
            <p>    Based on the type must either have:</p>
            <p />
            <p>    - Valid record on EB.STAT.REQUEST for CRF type</p>
            <p>    - Valid record on ENQUIRY.REPORT for ENQ type</p>
            <p>    - Valid record on REPGEN.CREATE for CRF type *</p>
            <p>    - Valid record on PGM.FILE for RTN type **</p>
            <p />
            <p>    * Make sure associated REPGEN.COMPILE, REPGEN.SORT &amp; REPGEN.OUTPUT have been set.</p>
            <p />
            <p>    ** Sub-routines must have been compiled.</p>
        </desc>
</t>
<t>
<field>CLOSE.OUT.RUN</field>
<desc>
            <p>System field set to 'Y' when PL.CLOSE.OUT has been run during the cob. It will be set to 'Y' when the job is launched and set to 'N'  once the job has been completed.</p>
        </desc>
</t>
<t>
<field>TYPES.TO.EXCLUDE</field>
<desc>
            <p>Non contingent PL prefixes present in FX.POS.TYPE which will be excluded from PL to AL process</p>
            <p />
            <p>  Validation rules </p>
            <p />
            <p>  Can only be PL.PREFIX present in FX.POS.TYPE </p>
            <p />
        </desc>
</t>
<t>
<field>REPORT.TYPE</field>
<desc>
            <p>The type of reports that can be run are:</p>
            <p />
            <p>    CRF - a valid record on EB.STAT.REQUEST detailing one or more CRF reports</p>
            <p>    ENQ - a valid record on ENQUIRY.REPORT detailing one or more ENQUIRY records.</p>
            <p>    RPG - a specific REPGEN.CREATE record</p>
            <p>    RTN - a user defined sub-routine (with or without parameters) created for PL to AL requirements.</p>
        </desc>
</t>
<t>
<field>AL.GROUPING</field>
<desc>
            <p>The accounting entries raised for each APPLIC.ID/PLCATEGORY will be grouped by default. However, the groups can be further sub-divided based on the elements making up the PL CRF key.</p>
            <p />
            <p>  As default one accounting entry will be raised for each currency by APPLIC.ID/PLCATEGORY. The user can further specifiy the parts of the key which are used for grouping based on their settings in the PROFIT&amp;LOSS record in CONSOLIDATE.COND.</p>
            <p />
            <p>  So it will be possible to group the entries with the same key elements (such as NATIONALITY, SECTOR, INDUSTRY etc) but in so doing the number of accounting entries will increase.</p>
            <p />
            <p>
                <p>Validation Rules:</p>
            </p>
            <p>  Must be a valid name from PROFIT&amp;LOSS record in CONSOLIDATE.COND</p>
            <p>  No duplicates allowed</p>
            <p />
        </desc>
</t>
<t>
<field>CLOSE.CATEGORY</field>
<desc>
            <p>The Internal category to which accounting entries to be posted.</p>
            <p />
            <p>  Validation rules </p>
            <p />
            <p>  Category code should have GAAP type as given in the respective POSITION.TYPE field. </p>
            <p />
        </desc>
</t>
<t>
<field>CLOSE.FREQ.DATE</field>
<desc>
            <p>The year end and subsequent cycle frequency for this particular company. When this is set the field FINANCIAL.YEAR.END on the COMPANY record is changed to match this date.</p>
            <p />
            <p>   This field is in two parts:</p>
            <p>   1) Next Financial Year End: 1-9 Date characters. Default value calculated by the system from the Frequency.  </p>
            <p>   2) Frequency:    2-5 type FQU (standard frequency format).  </p>
            <p />
            <p>
                <p>Validation Rules:</p>
            </p>
            <p>  Mandatory input</p>
            <p>  Must be a month end date.</p>
            <p>  Frequency must be Monthly, Quarterly, Half-yearly or Yearly.</p>
            <p />
            <p />
            <p>  The frequency cycle must start with M12.</p>
            <p>  The day in the date and the day in the frequency (last two digits) must be the same.</p>
            <p>  The date cannot be more than twelve months in front of the run date.</p>
        </desc>
</t>
<t>
<field>CLOSE.HALT.PRCSS</field>
<desc>
            <p>Setting this field to Yes will instruct the COB to halt so any appropriate reports or records can be checked before the year end processing clears any files and resets the totals ready for the next financial year.</p>
            <p />
            <p />
        </desc>
</t>
<t>
<field>COMPANY.ID</field>
<desc>
            <p>A record is required for each Lead Company. </p>
        </desc>
</t>
<t>
<field>CLOSE.HLT.PRCSS</field>
<desc>
            <p>Help Text for this field is unavailable.  Please refer to the T24 User Guides for further information.</p>
        </desc>
</t>
<t>
<field>REPORT.DATA</field>
<desc>
            <p>When the REPORT.TYPE is set as RTN then this field is used to pass across a data parameter for use in the program. The program will get the parameter from reading the BATCH.DETAIL variable.</p>
            <p> For example if the program can produce a report based on a currency using GBP in this field can be used to request a GBP report.</p>
            <p />
            <p>  Validation rules</p>
            <p />
            <p>  Can only be used with REPORT.TYPE set as RTN</p>
        </desc>
</t>
<t>
<field>LAST.RUN.DATE</field>
<desc>
            <p>The date the PL to AL process was last run.</p>
        </desc>
</t>
<t>
<field>LOCAL.REF</field>
<desc>
            <p>This is a multi valued field. Standard T24 alphanumeric field. </p>
            <p>
                <p>Validation Rules:</p>
            </p>
            <p>A maximum of 35 characters may be entered.</p>
        </desc>
</t>
</menu>
</t24help>

