<?xml version="1.0" encoding="utf-8"?>
<t24help>
<header>
<product>RE</product>
<table>PR.CUSTOMER.BALANCE</table>
</header>
<overview>
<ovdesc>

            <p>Live file to record the static details of the third party customer for Payable and Receivable asset type balances </p>
            <p>This file is updated when the entry is processed with target account in TDGL.DETAILS field. </p>
            <p>Currently target account is passed by SEC.TRADE only. </p>
        </ovdesc>
<ovimage></ovimage>
</overview>
<menu>
<t>
<field>PR.CUSTOMER.BALANCE.ID</field>
<desc>
            <p>Format of the ID is PR-Customer number-Transaction Reference</p>
        </desc>
</t>
<t>
<field>CUSTOMER</field>
<desc>
            <p>The customer to which the PR.CUSTOMER.BALANCE record belongs</p>
            <p>Third Party Customer id, who is not holding any account.</p>
        </desc>
</t>
<t>
<field>CURRENCY</field>
<desc>
            <p>Indicates the currency of the transaction. </p>
            <p>
                            <p>Validation Rules:</p>
            </p>
            <p />
            <p>     3 Alpha-numeric Currency code.</p>
            <p>     Internal file, no input</p>
        </desc>
</t>
<t>
<field>CATEGORY</field>
<desc>
            <p>Category that will be applied to the Payable / Receivable  movements for the underlying transaction.</p>
            <p>For SEC.TRADE it will be set to '22000'.</p>
            <p>
                <p>Validation Rules:</p>
            </p>
            <p>		1 - 5 Character Category Code. (Internal System field.)</p>     
            <p>     Internal file, no input</p>       
        </desc>
</t>
<t>
<field>PRODUCT</field>
<desc>
            <p>Product for PR.CUSTOMER.BALANCE is 'PR' which is PAYABLE / RECEIVABLE</p>
  
        </desc>
</t>
<t>
<field>TXN.SUB.ASST.TYPE</field>
<desc>
            <p>The Sub Asset Type of the underlying transaction if it is used.</p>
            <p>For Securities, this is the Sub Asset Type defined in the SECURITY.MASTER record corresponding to the Security Code defined in the SEC.TRADE.</p>
      
        </desc>
</t>
<t>
<field>CRF.TYPES</field>
<desc>
            <p>The asset types of the balances maintained for the transaction.</p>
       
        </desc>
</t>
<t>
<field>MATURITY.DATE</field>
<desc>
            <p>Maturity date is the value date of the transaction.</p>
            <p>Records in PR.CUSTOMER.BALANCE will be held upto the maturity date and no balance left for Payable / Receivable asset types</p>
            <p>
                <p>Validation Rules:</p>
            </p>
            <p>		Standard Date Format</p>     
            <p>     Internal file, no input</p>       
        </desc>
</t>
<t>
<field>LAST.AMEND.DATE</field>
<desc>
            <p>Date when the PR.CUSTOMER.BALANCE table is last updated with a change in CRF.TYPE or MATURITY.DATE fields.</p>
            <p>
                <p>Validation Rules:</p>
            </p>
            <p>		Standard Date Format</p>     
            <p>     Internal file, no input</p>       
        </desc>
</t>
<t><field>TXN.SUB.ASST.TYP</field><desc><p>Help Text for this field is unavailable.  Please refer to the T24 User Guides for further information.</p></desc></t></menu>
</t24help>
