<?xml version="1.0" encoding="utf-8"?>
<t24help>
<header>
<product>RE</product>
<table>RE.AMT.ABBREV</table>
</header>
<overview>
<ovdesc>

            <p>Overview Consolidation/Reporting-Amount Abbreviation </p>
            <p>This file holds the descriptions for amount format displays (e.g. "In Thousand's of Local Currency) to be printed in a specified user language (up to 12) at the top of a report. </p>
            <p>               FIELD NO        FIELD NAME </p>
            <p>                  0            ID                  1.1           DESCRIPTION </p>
        </ovdesc>
<ovimage></ovimage>
</overview>
<menu>
<t>
<field>AMOUNT.UNITS</field>
<desc>
            <p>Display format of amounts in a report. </p>
            <p>The values defined in this field are linked with Field 9 AMOUNT.UNITS on the RE.STAT.REPORT.HEAD file. </p>
            <p>Note:        (i) Hundreds are printed as decimals of                  thousands. </p>
            <p>            (ii) Part Millions are printed as                  decimals of millions. </p>
            <p>           (iii) Units, Thousands and Millions are                  printed without decimal place. </p>
            <p>
                <p>Validation Rules:</p>
            </p>
            <p>Up to 13 type A (alphanumeric) characters.   The following values are accepted: .     ALL .     UNITS .     HUNDREDS .     THOUSANDS .     PART.MILLIONS .     MILLIONS Mandatory input.</p>
        </desc>
</t>
<t>
<field>DESCRIPTION</field>
<desc>
            <p>Narrative (description) of the amount formats to be printed at the top of a report. </p>
            <p>
                <p>Validation Rules:</p>
            </p>
            <p>Up to 35 type A (alphanumeric) characters. Mandatory input. Multivalue field to cater for the printing of the description in several languages.</p>
        </desc>
</t>
</menu>
</t24help>

