<?xml version="1.0" encoding="utf-8"?>
<t24help>
<header>
<product>RE</product>
<table>RE.BASE.CCY.PARAM</table>
</header>
<overview>
<ovdesc>

            <p>         RE.BASE.CCY.PARAM </p>
            <p />
            <p>This file contains information necessary for producing CRB/CRF reports in a currency other than the local currency. </p>
            <p>To convert a report enter the key of this record in the BASE.CCY.PARAM field of the appropriate record in the RE.STAT.REQUEST file. This alone is not enough to provide the report. To enable the information to be extractecd for reporting, a record must be entered in RE.BASE.CCY.REQ (q.v.) and the extract must be run by either: </p>
            <p>    a. Verifying the RE.BASE.CCY.REQ record online </p>
            <p>       or </p>
            <p>    b. Inputting and authorising the BATCH record        EOD.RE.BASE.CCY.CRF so that it runs daily and the        currency code of the RE.BASE.CCY.PARAM record        is in the DATA field. </p>
            <p>CRF REPORT :- </p>
            <p>Verifying the RE.STAT.REQUEST record or indentifying it in the BATCH job EB.STAT.PRINT will produce the report. </p>
            <p>CRB REPORT :- </p>
            <p>To convert a CRB report append an asterisk and the currency code to the report name in the BATCH record  EOD.RE.BALANCE.PRINT, e.g. SBSUSA*USD. </p>
        </ovdesc>
<ovimage></ovimage>
</overview>
<menu>
<t>
<field>NON.CONTING.CATEG</field>
<desc>
            <p>Category for non-contingent conversion/reval differences </p>
            <p>Amounts in base currency are not converted for reporting. This can lead to a difference from the local currency revaluation equivalent. This difference from non-contingent items is reported as belonging to the category entered here. </p>
            <p>
                <p>Validation Rules:</p>
            </p>
            <p>4 or 5 numeric characters: a)  Product/P&amp;L classification in the range 1-99. b)  Sub-classification of product/P&amp;L in the range 000-999. (Mandatory input) Must exist on the CATEGORY file</p>
        </desc>
</t>
<t>
<field>RATE.TYPE</field>
<desc>
            <p>This field is a part of the multi-value set, associated with the fields ORIGINAL.CCY and RATE.</p>
            <p>In this field the user specifies the method for calculating the exchange rate i.e. MULTIPLY or DIVIDE</p>
            <p>
                <p>Validation Rules:</p>
            </p>
            <p />
            <p>Optional input</p>
            <p>Default value is MULITPLY</p>
        </desc>
</t>
<t>
<field>RATE</field>
<desc>
            <p>This field is a part of the mulitvalue set, associated with the fields ORIGINAL.CCY and RATE.TYPE.</p>
            <p>This is the rate by which the original currency amount will be multiplied or divided(operands defined in the field RATE.TYPE) to give report in the new reporting currency amounts.</p>
            <p>
                <p>Validation Rules:</p>
            </p>
            <p />
            <p>Mandatory when ORIGINAL.CCY is entered.</p>
            <p>Upto 10 type Numeric characters plus a decimal point.</p>
            <p />
            <p />
        </desc>
</t>
<t>
<field>ORIGINAL.CCY</field>
<desc>
            <p>This field is a part of multi-value set, associated with the fields RATE and RATE.TYPE</p>
            <p>In this field the user specifies the currency they wish to convert into the reporting currency .</p>
            <p>
                <p>Validation Rules:</p>
            </p>
            <p />
            <p>Local Currency is a mandatory input into one of the         multivalue sets.</p>
        </desc>
</t>
<t>
<field>BASE.CCY</field>
<desc>
            <p>The alpha currency code for reporting </p>
            <p>Base currency for CRB/CRF reporting in place of the local currency. Used as a key from                   RE.BASE.CCY.REQ  -  PARAM.ID                   RE.STAT.REQUEST  -  BASE.CCY.PARAM                   BATCH  -  EB.STAT.PRINT  -  DATA                   BATCH  -  EOD.RE.BALANCE.PRINT  -  DATA </p>
            <p>
                <p>Validation Rules:</p>
            </p>
            <p>3 type SSS (uppercase alpha) characters (Mandatory input) Must exist on the CURRENCY file</p>
        </desc>
</t>
<t>
<field>CONTING.CATEG</field>
<desc>
            <p>Category for contingent conversion/reval differences </p>
            <p>Amounts in base currency are not converted for reporting. This can lead to a difference from the local currency revaluation equivalent. The difference from contingent items is reported as belonging to the category entered here. </p>
            <p>
                <p>Validation Rules:</p>
            </p>
            <p>4 or 5 numeric characters: a)  Product/P&amp;L classification in the range 1-99. b)  Sub-classification of product/P&amp;L in the range 000-999. (Mandatory input) Must exist on the CATEGORY file</p>
        </desc>
</t>
<t>
<field>DESCRIPTION</field>
<desc>
            <p>Description </p>
            <p>Description and enrichment where the ID is used </p>
            <p>
                <p>Validation Rules:</p>
            </p>
            <p>Up to 35 type A (alphanumeric) characters (Mandatory input)</p>
        </desc>
</t>
<t>
<field>EXCH.RATE</field>
<desc>
            <p>Rate for local currency to base currency conversion (multplier) </p>
            <p>This is the rate by which the local currency amounts will be multiplied to give the reporting base currency amounts. No account is taken of the currency quotation codes. </p>
            <p>
                <p>Validation Rules:</p>
            </p>
            <p />
            <p>Mandatory input, when original currency rate is not         entered</p>
            <p>Up to 10 type Numeric characters plus a decimal point. (Mandatory         input)</p>
        </desc>
</t>
</menu>
</t24help>

