<?xml version="1.0" encoding="utf-8"?>
<t24help>
<header>
<product>RE</product>
<table>RE.BASE.CCY.REQ</table>
</header>
<overview>
<ovdesc>

            <p>         RE.BASE.CCY.REQ </p>
            <p />
            <p>This file controls the extraction of information necessary for producing CRB/CRF reports in a currency other than the local currency. Each record on this file is linked to a record on RE.BASE.CCY.PARAM via the PARAM.ID field. </p>
            <p>Verification of a record on this file causes the extraction of CRF report information. Verification of a RE.STAT.REQUEST record with the appropriate currency code in the BASE.CCY.PARAM field then causes the report to be printed. </p>
        </ovdesc>
<ovimage></ovimage>
</overview>
<menu>
<t>
<field>DESCRIPTION</field>
<desc>
            <p>Description </p>
            <p>Description used enrichment where the ID is used </p>
            <p>
                <p>Validation Rules:</p>
            </p>
            <p>Up to 35 type A (alphanumeric) characters (Mandatory input)</p>
        </desc>
</t>
<t>
<field>PARAM.ID</field>
<desc>
            <p>Currency code of the record in RE.BASE.CCY.PARAM that specifies the conversion rate for the report. </p>
            <p>This code is used as a key to access a record in RE.BASE.CCY.PARAM </p>
            <p>
                <p>Validation Rules:</p>
            </p>
            <p>Currency code. (Mandatory input)</p>
        </desc>
</t>
<t>
<field>REQUEST.ID</field>
<desc>
            <p>The indentifying code of the report. </p>
            <p>Base currency for CRB/CRF reporting in place of the local currency. </p>
            <p>
                <p>Validation Rules:</p>
            </p>
            <p>35 type SSS (uppercase alpha) characters (Mandatory input) Must exist on the CURRENCY file</p>
        </desc>
</t>
</menu>
</t24help>

