<?xml version="1.0" encoding="utf-8"?>
<t24help>
<header>
<product>RE</product>
<table>RE.CCY.CONSOL</table>
</header>
<overview>
<ovdesc>

        </ovdesc>
<ovimage></ovimage>
</overview>
<menu>
<t>
<field>CCY.KEY</field>
<desc>
            <p>Standard T24 alphanumeric field. </p>
            <p>
                <p>Validation Rules:</p>
            </p>
            <p>A maximum of 8 characters may be entered.</p>
        </desc>
</t>
<t>
<field>CONSOL.KEY</field>
<desc>
            <p>Standard T24 alphanumeric field. </p>
            <p>
                <p>Validation Rules:</p>
            </p>
            <p>A maximum of 65 characters may be entered.</p>
        </desc>
</t>
</menu>
</t24help>

