<?xml version="1.0" encoding="utf-8"?>
<t24help>
<header>
<product>RE</product>
<table>RE.CONSOL.IC.SEQU</table>
</header>
<overview>
<ovdesc>

            <p>This application is a concat file to view the linked RE.CONSOL.IC records against the CONSOL.KEY</p>
            <p>Validation Rules</p>
            <p />
        </ovdesc>
<ovimage></ovimage>
</overview>
<menu>
<t>
<field>CONSOL.KEY</field>
<desc>
            <p>This field contains the CRF key</p>
            <p>
                <p>Validation Rules:</p>
            </p>
            <p />
            <p>Up to 65 characters</p>
            <p />
        </desc>
</t>
<t>
<field>RECORD.ID</field>
<desc>
            <p>Help Text for this field is unavailable.  Please refer to the T24 User Guides for further information.</p>
        </desc>
</t>
</menu>
</t24help>

