<?xml version="1.0" encoding="utf-8"?>
<t24help>
<header>
<product>RE</product>
<table>RE.CONSOL.IC</table>
</header>
<overview>
<ovdesc>

            <p>This application is a concat file to view the GROUP.ACCRUAL.BALANCES records against the CONSOL.KEY</p>
            <p>Validation Rules</p>
            <p />
        </ovdesc>
<ovimage></ovimage>
</overview>
<menu>
<t>
<field>CONSOL.KEY</field>
<desc>
            <p>This field holds the CRF key</p>
            <p>
                <p>Validation Rules:</p>
            </p>
            <p />
            <p>Up to 65 characters</p>
            <p />
        </desc>
</t>
<t>
<field>RECORD.ID</field>
<desc>
            <p>This field holds the key to the GROUP.ACCRUAL.BALANCES record</p>
            <p>
                <p>Validation Rules:</p>
            </p>
            <p />
            <p>Must be a valid key</p>
        </desc>
</t>
</menu>
</t24help>

