<?xml version="1.0" encoding="utf-8"?>
<t24help>
<header>
<product>AC</product>
<table>RE.CLOSED.ACCT.CONCAT</table>
</header>
<overview>
<ovdesc>

        </ovdesc>
<ovimage></ovimage>
</overview>
<menu>
<t>
<field>AC.NO.DATE</field>
<desc>
            <p>Help Text for this field is unavailable.  Please refer to the T24 User Guides for further information.</p>
        </desc>
</t>
<t>
<field>CONSOL.KEY.TYPE</field>
<desc>
            <p>Help Text for this field is unavailable.  Please refer to the T24 User Guides for further information.</p>
        </desc>
</t>
</menu>
</t24help>

