<?xml version="1.0" encoding="utf-8"?>
<t24help>
<header>
<product>RE</product>
<table>RE.CONTRACT.EXTRACT</table>
</header>
<overview>
<ovdesc>

        </ovdesc>
<ovimage></ovimage>
</overview>
<menu>
<t>
<field>CET.MVMT.TOTAL</field>
<desc>
            <p>Fields CONSOL.KEY.TYPE to SPEC.ENT.ID form a related multi value set. </p>
            <p>
                <p>Validation Rules:</p>
            </p>
            <p>A maximum of 19 characters may be entered.</p>
        </desc>
</t>
<t>
<field>DATE.LAST.UPDATE</field>
<desc>
            <p>Standard T24 date field. </p>
            <p>
                <p>Validation Rules:</p>
            </p>
            <p>A maximum of 11 characters may be entered.</p>
        </desc>
</t>
<t>
<field>CET.LCL.MVT.TOT</field>
<desc>
            <p>Help Text for this field is unavailable.  Please refer to the T24 User Guides for further information.</p>
        </desc>
</t>
<t>
<field>CONTRACT.BAL</field>
<desc>
            <p>Fields CONSOL.KEY.TYPE to SPEC.ENT.ID form a related multi value set. </p>
            <p>
                <p>Validation Rules:</p>
            </p>
            <p>A maximum of 019 characters may be entered.</p>
        </desc>
</t>
<t>
<field>CONSOL.KEY.TYPE</field>
<desc>
            <p>Fields CONSOL.KEY.TYPE to SPEC.ENT.ID form a related multi value set. Standard T24 alphanumeric field. </p>
            <p>
                <p>Validation Rules:</p>
            </p>
            <p>A maximum of 60 characters may be entered.</p>
        </desc>
</t>
<t>
<field>UNBROKEN.LINK</field>
<desc>
            <p>Fields CONSOL.KEY.TYPE to SPEC.ENT.ID form a related multi value set. Standard T24 alphanumeric field. </p>
            <p>
                <p>Validation Rules:</p>
            </p>
            <p>A maximum of 1 characters may be entered.</p>
        </desc>
</t>
<t>
<field>OPEN.LCL.BAL</field>
<desc>
            <p>Fields CONSOL.KEY.TYPE to SPEC.ENT.ID form a related multi value set. </p>
            <p>
                <p>Validation Rules:</p>
            </p>
            <p>A maximum of 19 characters may be entered.</p>
        </desc>
</t>
<t>
<field>OPEN.BALANCE</field>
<desc>
            <p>Fields CONSOL.KEY.TYPE to SPEC.ENT.ID form a related multi value set. </p>
            <p>
                <p>Validation Rules:</p>
            </p>
            <p>A maximum of 19 characters may be entered.</p>
        </desc>
</t>
<t>
<field>FCY.MVMT.TOT</field>
<desc>
            <p>Fields POS.CCY to  form a related multi value set. </p>
            <p>
                <p>Validation Rules:</p>
            </p>
            <p>A maximum of 19 characters may be entered.</p>
        </desc>
</t>
<t>
<field>CREDIT.LCL.MVMT</field>
<desc>
            <p>Fields CONSOL.KEY.TYPE to SPEC.ENT.ID form a related multi value set. </p>
            <p>
                <p>Validation Rules:</p>
            </p>
            <p>A maximum of 19 characters may be entered.</p>
        </desc>
</t>
<t>
<field>CREDIT.MVMT</field>
<desc>
            <p>Fields CONSOL.KEY.TYPE to SPEC.ENT.ID form a related multi value set. </p>
            <p>
                <p>Validation Rules:</p>
            </p>
            <p>A maximum of 19 characters may be entered.</p>
        </desc>
</t>
<t>
<field>FCY.ENTRY.ID</field>
<desc>
            <p>Fields POS.CCY to  form a related multi value set. Standard T24 alphanumeric field. </p>
            <p>
                <p>Validation Rules:</p>
            </p>
            <p>A maximum of 25 characters may be entered.</p>
        </desc>
</t>
<t>
<field>TXN.MVMT.TOTAL</field>
<desc>
            <p>
                <p>Validation Rules:</p>
            </p>
            <p>A maximum of 19 characters may be entered.</p>
        </desc>
</t>
<t>
<field>POS.CCY</field>
<desc>
            <p>Fields POS.CCY to  form a related multi value set. Standard T24 currency field. </p>
            <p>
                <p>Validation Rules:</p>
            </p>
            <p>A maximum of 3 characters may be entered.</p>
            <p>Must be the key to a valid entry on the CURRENCY file.</p>
        </desc>
</t>
<t>
<field>POS.MVMT.TOTAL</field>
<desc>
            <p>Fields POS.CCY to  form a related multi value set. </p>
            <p>
                <p>Validation Rules:</p>
            </p>
            <p>A maximum of 19 characters may be entered.</p>
        </desc>
</t>
<t>
<field>DEBIT.MVMT</field>
<desc>
            <p>Fields CONSOL.KEY.TYPE to SPEC.ENT.ID form a related multi value set. </p>
            <p>
                <p>Validation Rules:</p>
            </p>
            <p>A maximum of 19 characters may be entered.</p>
        </desc>
</t>
<t>
<field>ENTRY.TYPE</field>
<desc>
            <p>Fields ENTRY.ID to  form a related multi value set. Standard T24 alphanumeric field. </p>
            <p>
                <p>Validation Rules:</p>
            </p>
            <p>A maximum of 1 characters may be entered.</p>
        </desc>
</t>
<t>
<field>ENTRY.ID</field>
<desc>
            <p>Fields ENTRY.ID to  form a related multi value set. Standard T24 alphanumeric field. </p>
            <p>
                <p>Validation Rules:</p>
            </p>
            <p>A maximum of 25 characters may be entered.</p>
        </desc>
</t>
<t>
<field>CONTRACT.ID</field>
<desc>
            <p>
                <p>Validation Rules:</p>
            </p>
            <p>A maximum of 40 characters may be entered.</p>
        </desc>
</t>
<t>
<field>AMOUNT.FCY</field>
<desc>
            <p>Fields POS.CCY to  form a related multi value set. </p>
            <p>
                <p>Validation Rules:</p>
            </p>
            <p>A maximum of 19 characters may be entered.</p>
        </desc>
</t>
<t>
<field>AMOUNT.LCY</field>
<desc>
            <p>Fields ENTRY.ID to  form a related multi value set. </p>
            <p>
                <p>Validation Rules:</p>
            </p>
            <p>A maximum of 19 characters may be entered.</p>
        </desc>
</t>
<t>
<field>APPLICATION</field>
<desc>
            <p>Standard T24 alphanumeric field. </p>
            <p>
                <p>Validation Rules:</p>
            </p>
            <p>A maximum of 25 characters may be entered.</p>
        </desc>
</t>
<t>
<field>CET.IDS</field>
<desc>
            <p>Fields CONSOL.KEY.TYPE to SPEC.ENT.ID form a related multi value set. Standard T24 alphanumeric field. </p>
            <p>
                <p>Validation Rules:</p>
            </p>
            <p>A maximum of 25 characters may be entered.</p>
        </desc>
</t>
<t>
<field>CONSOL.IND</field>
<desc>
            <p>Help Text for this field is unavailable.  Please refer to the T24 User Guides for further information.</p>
        </desc>
</t>
<t>
<field>CURRENCY</field>
<desc>
            <p>Fields CONSOL.KEY.TYPE to SPEC.ENT.ID form a related multi value set. Standard T24 currency field. </p>
            <p>
                <p>Validation Rules:</p>
            </p>
            <p>A maximum of 3 characters may be entered.</p>
            <p>Must be the key to a valid entry on the CURRENCY file.</p>
        </desc>
</t>
<t>
<field>FCY.ENT.TYPE</field>
<desc>
            <p>Fields POS.CCY to  form a related multi value set. Standard T24 alphanumeric field. </p>
            <p>
                <p>Validation Rules:</p>
            </p>
            <p>A maximum of 1 characters may be entered.</p>
        </desc>
</t>
<t>
<field>DEBIT.LCL.MVMT</field>
<desc>
            <p>Fields CONSOL.KEY.TYPE to SPEC.ENT.ID form a related multi value set. </p>
            <p>
                <p>Validation Rules:</p>
            </p>
            <p>A maximum of 19 characters may be entered.</p>
        </desc>
</t>
</menu>
</t24help>

