<?xml version="1.0" encoding="utf-8"?>
<t24help>
<header>
<product>RE</product>
<table>RE.CONSOL.PROFIT.LINE</table>
</header>
<overview>
<ovdesc>

        </ovdesc>
<ovimage></ovimage>
</overview>
<menu>
<t>
<field>VARIABLE.10</field>
<desc>
            <p>Fields VARIABLE.1 to  form a related multi value set. Standard T24 alphanumeric field. </p>
            <p>
                <p>Validation Rules:</p>
            </p>
            <p>A maximum of 35 characters may be entered.</p>
        </desc>
</t>
<t>
<field>VARIABLE.2</field>
<desc>
            <p>Fields VARIABLE.1 to  form a related multi value set. Standard T24 alphanumeric field. </p>
            <p>
                <p>Validation Rules:</p>
            </p>
            <p>A maximum of 35 characters may be entered.</p>
        </desc>
</t>
<t>
<field>REPORT.NAME</field>
<desc>
            <p>Fields VARIABLE.1 to  form a related multi value set. Standard T24 alphanumeric field. </p>
            <p>
                <p>Validation Rules:</p>
            </p>
            <p>A maximum of 10 characters may be entered.</p>
        </desc>
</t>
<t>
<field>VARIABLE.12</field>
<desc>
            <p>Fields VARIABLE.1 to  form a related multi value set. Standard T24 alphanumeric field. </p>
            <p>
                <p>Validation Rules:</p>
            </p>
            <p>A maximum of 35 characters may be entered.</p>
        </desc>
</t>
<t>
<field>VARIABLE.1</field>
<desc>
            <p>Fields VARIABLE.1 to  form a related multi value set. Standard T24 alphanumeric field. </p>
            <p>
                <p>Validation Rules:</p>
            </p>
            <p>A maximum of 35 characters may be entered.</p>
        </desc>
</t>
<t>
<field>VARIABLE.9</field>
<desc>
            <p>Fields VARIABLE.1 to  form a related multi value set. Standard T24 alphanumeric field. </p>
            <p>
                <p>Validation Rules:</p>
            </p>
            <p>A maximum of 35 characters may be entered.</p>
        </desc>
</t>
<t>
<field>VARIABLE.8</field>
<desc>
            <p>Fields VARIABLE.1 to  form a related multi value set. Standard T24 alphanumeric field. </p>
            <p>
                <p>Validation Rules:</p>
            </p>
            <p>A maximum of 35 characters may be entered.</p>
        </desc>
</t>
<t>
<field>PROFIT.SIGN</field>
<desc>
            <p>Fields VARIABLE.1 to  form a related multi value set. Standard T24 alphanumeric field. </p>
            <p>
                <p>Validation Rules:</p>
            </p>
            <p>A maximum of 6 characters may be entered.</p>
        </desc>
</t>
<t>
<field>VARIABLE.5</field>
<desc>
            <p>Fields VARIABLE.1 to  form a related multi value set. Standard T24 alphanumeric field. </p>
            <p>
                <p>Validation Rules:</p>
            </p>
            <p>A maximum of 35 characters may be entered.</p>
        </desc>
</t>
<t>
<field>VARIABLE.6</field>
<desc>
            <p>Fields VARIABLE.1 to  form a related multi value set. Standard T24 alphanumeric field. </p>
            <p>
                <p>Validation Rules:</p>
            </p>
            <p>A maximum of 35 characters may be entered.</p>
        </desc>
</t>
<t>
<field>VARIABLE.7</field>
<desc>
            <p>Fields VARIABLE.1 to  form a related multi value set. Standard T24 alphanumeric field. </p>
            <p>
                <p>Validation Rules:</p>
            </p>
            <p>A maximum of 35 characters may be entered.</p>
        </desc>
</t>
<t>
<field>VARIABLE.4</field>
<desc>
            <p>Fields VARIABLE.1 to  form a related multi value set. Standard T24 alphanumeric field. </p>
            <p>
                <p>Validation Rules:</p>
            </p>
            <p>A maximum of 35 characters may be entered.</p>
        </desc>
</t>
<t>
<field>REPORT.LINE</field>
<desc>
            <p>Fields VARIABLE.1 to  form a related multi value set. Standard T24 numeric field. </p>
            <p>
                <p>Validation Rules:</p>
            </p>
            <p>A maximum of 4 characters may be entered.</p>
        </desc>
</t>
<t>
<field>APPLIC.ID</field>
<desc>
            <p>Fields VARIABLE.1 to  form a related multi value set. Standard T24 alphanumeric field. </p>
            <p>
                <p>Validation Rules:</p>
            </p>
            <p>A maximum of 2 characters may be entered.</p>
        </desc>
</t>
<t>
<field>CURRENCY</field>
<desc>
            <p>Fields VARIABLE.1 to  form a related multi value set. Standard T24 currency field. </p>
            <p>
                <p>Validation Rules:</p>
            </p>
            <p>A maximum of 3 characters may be entered.</p>
        </desc>
</t>
<t>
<field>K.CURRENCY</field>
<desc>
            <p>Help Text for this field is unavailable.  Please refer to the T24 User Guides for further information.</p>
        </desc>
</t>
<t>
<field>KEY.VARIABLE.1</field>
<desc>
            <p>Standard T24 alphanumeric field. </p>
            <p>
                <p>Validation Rules:</p>
            </p>
            <p>A maximum of 35 characters may be entered.</p>
        </desc>
</t>
<t>
<field>VARIABLE.11</field>
<desc>
            <p>Fields VARIABLE.1 to  form a related multi value set. Standard T24 alphanumeric field. </p>
            <p>
                <p>Validation Rules:</p>
            </p>
            <p>A maximum of 35 characters may be entered.</p>
        </desc>
</t>
<t>
<field>VARIABLE.3</field>
<desc>
            <p>Fields VARIABLE.1 to  form a related multi value set. Standard T24 alphanumeric field. </p>
            <p>
                <p>Validation Rules:</p>
            </p>
            <p>A maximum of 35 characters may be entered.</p>
        </desc>
</t>
</menu>
</t24help>

