<?xml version="1.0" encoding="utf-8"?>
<t24help>
<header>
<product>RE</product>
<table>RE.DEAL.BALANCES</table>
</header>
<overview>
<ovdesc>

        </ovdesc>
<ovimage></ovimage>
</overview>
<menu>
<t>
<field>DEAL.CCY.AMT</field>
<desc>
            <p>Fields CON.KEY.TYPE to  form a related multi value set. </p>
            <p>
                <p>Validation Rules:</p>
            </p>
            <p>A maximum of 19 characters may be entered.</p>
        </desc>
</t>
<t>
<field>LCY.AMOUNT</field>
<desc>
            <p>
                <p>Validation Rules:</p>
            </p>
            <p>A maximum of 19 characters may be entered.</p>
        </desc>
</t>
<t>
<field>DEAL.BAL.ID</field>
<desc>
            <p>Standard T24 alphanumeric field. </p>
            <p>
                <p>Validation Rules:</p>
            </p>
            <p>Mandatory input.</p>
            <p>A maximum of 70 characters may be entered.</p>
        </desc>
</t>
<t>
<field>MAT.DATE</field>
<desc>
            <p>
                <p>Validation Rules:</p>
            </p>
            <p>A maximum of 11 characters may be entered.</p>
        </desc>
</t>
<t>
<field>NARR</field>
<desc>
            <p>Help Text for this field is unavailable.  Please refer to the T24 User Guides for further information.</p>
        </desc>
</t>
<t>
<field>INT.BASIS</field>
<desc>
            <p>Standard T24 alphanumeric field. </p>
            <p>
                <p>Validation Rules:</p>
            </p>
            <p>A maximum of 09 characters may be entered.</p>
        </desc>
</t>
<t>
<field>VALUE.DATE</field>
<desc>
            <p>Standard T24 date field. </p>
            <p>
                <p>Validation Rules:</p>
            </p>
            <p>A maximum of 11 characters may be entered.</p>
        </desc>
</t>
<t>
<field>CURRENCY</field>
<desc>
            <p>This is a multi valued field. Standard T24 currency field. </p>
            <p>
                <p>Validation Rules:</p>
            </p>
            <p>A maximum of 03 characters may be entered.</p>
            <p>Must be the key to a valid entry on the CURRENCY file.</p>
        </desc>
</t>
<t>
<field>INT.RATE</field>
<desc>
            <p>Standard T24 numeric field. </p>
            <p>
                <p>Validation Rules:</p>
            </p>
            <p>A maximum of 11 characters may be entered.</p>
        </desc>
</t>
<t>
<field>CCY.AMOUNT</field>
<desc>
            <p>
                <p>Validation Rules:</p>
            </p>
            <p>A maximum of 19 characters may be entered.</p>
        </desc>
</t>
<t>
<field>CON.CCY.AMT</field>
<desc>
            <p>Fields CON.KEY.TYPE to  form a related multi value set. </p>
            <p>
                <p>Validation Rules:</p>
            </p>
            <p>A maximum of 19 characters may be entered.</p>
        </desc>
</t>
<t>
<field>CON.KEY.TYPE</field>
<desc>
            <p>Fields CON.KEY.TYPE to  form a related multi value set. Standard T24 alphanumeric field. </p>
            <p>
                <p>Validation Rules:</p>
            </p>
            <p>A maximum of 65 characters may be entered.</p>
        </desc>
</t>
<t>
<field>CONTRACT.NO</field>
<desc>
            <p>Standard T24 alphanumeric field. </p>
            <p>
                <p>Validation Rules:</p>
            </p>
            <p>A maximum of 15 characters may be entered.</p>
        </desc>
</t>
<t>
<field>CUST.TITLE</field>
<desc>
            <p>Standard T24 alphanumeric field. </p>
            <p>
                <p>Validation Rules:</p>
            </p>
            <p>A maximum of 20 characters may be entered.</p>
        </desc>
</t>
<t>
<field>LL.NARR</field>
<desc>
            <p>This is a multi valued field. Standard T24 alphanumeric field. </p>
            <p>
                <p>Validation Rules:</p>
            </p>
            <p>A maximum of 35 characters may be entered.</p>
        </desc>
</t>
</menu>
</t24help>

