<?xml version="1.0" encoding="utf-8"?>
<t24help>
<header>
<product>RE</product>
<table>RE.DF.PARAMETER</table>
</header>
<overview>
<ovdesc>
<p>Parameterization to define the mapping of T24 Cash flow transaction to Reporting Line for each company. </p>

        </ovdesc>
<ovimage></ovimage>
</overview>
<menu>
<t>
<field>ID</field> 
<desc> 
	<p> ID should be a Lead company id </p>
	</desc>
</t>
<t>
<field>CASHFLOW.API</field>
<desc>
           <p>This will allow the user to plug in an API to assess the transaction and assign a cash flow activity and reporting group.</p>
<p>Validation Rules:</p>
 <p>A valid record in EB.API table</p> 
        </desc>
</t>
<t>
<field>CASHFLOW.RULE</field>
<desc>
            <p>This will allow the user to link a rule as defined in the Rules engine, to apply the rules and assign a cashflow activity and reporting group</p>
<p>Validation Rules:</p>
<p>A valid record in EB.RULE.GATEWAY table</p>
        </desc>
</t>
<t>
<field>FINANCIAL.REPORT</field>
<desc>
            <p>This is the list of Financial reports for which the details need to be loaded into the Operational Reporting database.</p>
<p>Validation Rules:</p>

<p>Should be a valid key of RE.STAT.REPORT.HEAD</p>
        </desc>
</t>
</menu>
</t24help>