<?xml version="1.0" encoding="utf-8"?>
<t24help>
<header>
<product>RE</product>
<table>RE.IMPORT.REQUEST</table>
</header>
<overview>
<ovdesc>

        </ovdesc>
<ovimage></ovimage>
</overview>
<menu>
<t>
<field>REQ.NAME</field>
<desc>
            <p>
                <p>Validation Rules:</p>
            </p>
            <p>Mandatory input.</p>
            <p>A maximum of 14 characters may be entered.</p>
        </desc>
</t>
<t>
<field>TRANSFER.CMD</field>
<desc>
            <p>The command used to transfer the CRB data has to be entered in this field. </p>
            <p>This field is Multi- and Sub- valued to enter more than one long transfer command. </p>
            <p>It is it be noted that each Multi value will be treated as a separate executable command. The Sub-value markers will be removed prior to execution of the Transfer command. </p>
            <p>Unix commands MUST be entered in the format SH -c "unix.command" (the double quotes are mandatory). Windows NT uses the format DOS /c [command pathname].</p>
            <p>UniVerse VOC paragraphs or User-written programs can also be entered in this field. </p>
            <p>
                <p>Validation Rules:</p>
            </p>
            <p />
            <p>Up to 50 characters. </p>
            <p>Optional Input. Multivalued and sub valued.</p>
        </desc>
</t>
<t>
<field>CO.TO.IMPORT</field>
<desc>
            <p>The company whose CRB data has to be imported has to be specified here. </p>
            <p>Multi-valued field listing each company for which the CRB data has to be imported. </p>
            <p>The value "ALL.COMP" can be entered in this field so that ALL companies defined in the "SYSTEM" record in RE.TRANSFER.PARAMETER will be used to import the CRB data. </p>
            <p>This field will enable the user to import data from a few of the companies defined on the RE.TRANSFER.PARAMETER file i.e. if the user wants to import the CRB data of only one of the three companies defined in RE.TRANSFER.PARAMETER then that company can be entered in this field. </p>
            <p>
                <p>Validation Rules:</p>
            </p>
            <p />
            <p>The 9 digit Company code or the 3 digit company mnemonic         for each of the companies. </p>
            <p>Multi-value field to allow input of more than one Company.         Optional field. If left blank, no action will be taken on         any of the CRB data.</p>
            <p>If a company code is entered here, it will be checked         against RE.TRANSFER.PARAMETER to see if it has been         defined there.</p>
        </desc>
</t>
<t>
<field>DESCRIPTION</field>
<desc>
            <p>Used for free format notes, perhaps the explanation of the commands used in the next fields.</p>
            <p>
                <p>Validation Rules:</p>
            </p>
            <p />
            <p>3 to 35 alphanumeric characters. </p>
            <p>Multivalued to allow for Language dependent Description.</p>
            <p>Mandatory input.</p>
        </desc>
</t>
<t>
<field>RECALCULATE</field>
<desc>
            <p>Decides whether the CRB data is recalculted after import of the data.</p>
            <p>
                <p>Validation Rules:</p>
            </p>
            <p />
            <p>A maximum of 1 characters may be entered.</p>
            <p>The following values are permitted: Y N</p>
        </desc>
</t>
</menu>
</t24help>

