<?xml version="1.0" encoding="utf-8"?>
<t24help>
<header>
<product>RE</product>
<table>RE.KEY.DETAIL</table>
</header>
<overview>
<ovdesc>

        </ovdesc>
<ovimage></ovimage>
</overview>
<menu>
<t>
<field>CON.ON.FILE</field>
<desc>
            <p>Fields FILE to CON.ON.END form a related multi value set. Standard T24 alphanumeric field. </p>
            <p>
                <p>Validation Rules:</p>
            </p>
            <p>A maximum of 21 characters may be entered.</p>
        </desc>
</t>
<t>
<field>K.FILE</field>
<desc>
            <p>Help Text for this field is unavailable.  Please refer to the T24 User Guides for further information.</p>
        </desc>
</t>
<t>
<field>FIELD</field>
<desc>
            <p>Fields FILE to CON.ON.END form a related multi value set. Standard T24 alphanumeric field. </p>
            <p>
                <p>Validation Rules:</p>
            </p>
            <p>A maximum of 40 characters may be entered.</p>
        </desc>
</t>
<t>
<field>KEY.NAME</field>
<desc>
            <p>Standard T24 alphanumeric field. </p>
            <p>
                <p>Validation Rules:</p>
            </p>
            <p>Mandatory input.</p>
            <p>A maximum of 12 characters may be entered.</p>
        </desc>
</t>
<t>
<field>DESCRIPTION</field>
<desc>
            <p>This is a multi valued field. This is a sub valued language field. </p>
            <p>
                <p>Validation Rules:</p>
            </p>
            <p>Mandatory input.</p>
            <p>A maximum of 35 characters may be entered.</p>
        </desc>
</t>
<t>
<field>CON.ON.START</field>
<desc>
            <p>Fields FILE to CON.ON.END form a related multi value set. Standard T24 alphanumeric field. </p>
            <p>
                <p>Validation Rules:</p>
            </p>
            <p>A maximum of 35 characters may be entered.</p>
        </desc>
</t>
<t>
<field>START</field>
<desc>
            <p>Fields FILE to CON.ON.END form a related multi value set. Standard T24 alphanumeric field. </p>
            <p>
                <p>Validation Rules:</p>
            </p>
            <p>A maximum of 35 characters may be entered.</p>
        </desc>
</t>
<t>
<field>FILE</field>
<desc>
            <p>Fields FILE to CON.ON.END form a related multi value set. Standard T24 alphanumeric field. </p>
            <p>
                <p>Validation Rules:</p>
            </p>
            <p>A maximum of 21 characters may be entered.</p>
        </desc>
</t>
<t>
<field>END</field>
<desc>
            <p>Fields FILE to CON.ON.END form a related multi value set. Standard T24 alphanumeric field. </p>
            <p>
                <p>Validation Rules:</p>
            </p>
            <p>A maximum of 35 characters may be entered.</p>
        </desc>
</t>
<t>
<field>CCY</field>
<desc>
            <p>Fields FILE to CON.ON.END form a related multi value set. Standard T24 currency field. </p>
            <p>
                <p>Validation Rules:</p>
            </p>
            <p>A maximum of 3 characters may be entered.</p>
        </desc>
</t>
<t>
<field>COMBINED</field>
<desc>
            <p>Fields FILE to CON.ON.END form a related multi value set. Standard T24 alphanumeric field. </p>
            <p>
                <p>Validation Rules:</p>
            </p>
            <p>A maximum of 35 characters may be entered.</p>
        </desc>
</t>
<t>
<field>CON.ON.END</field>
<desc>
            <p>Fields FILE to CON.ON.END form a related multi value set. Standard T24 alphanumeric field. </p>
            <p>
                <p>Validation Rules:</p>
            </p>
            <p>A maximum of 35 characters may be entered.</p>
        </desc>
</t>
<t>
<field>CON.ON.FIELD</field>
<desc>
            <p>Fields FILE to CON.ON.END form a related multi value set. Standard T24 alphanumeric field. </p>
            <p>
                <p>Validation Rules:</p>
            </p>
            <p>A maximum of 9 characters may be entered.</p>
        </desc>
</t>
</menu>
</t24help>

