<?xml version="1.0" encoding="utf-8"?>
<t24help>
<header>
<product>RE</product>
<table>RE.MNEMONIC.LINE</table>
</header>
<overview>
<ovdesc>

        </ovdesc>
<ovimage></ovimage>
</overview>
<menu>
<t>
<field>LINE.MNEMONIC</field>
<desc>
            <p>
                <p>Validation Rules:</p>
            </p>
            <p>Mandatory input.</p>
            <p>A maximum of 10 characters may be entered.</p>
        </desc>
</t>
<t>
<field>REPORT.LINE</field>
<desc>
            <p>Standard T24 numeric field. </p>
            <p>
                <p>Validation Rules:</p>
            </p>
            <p>Mandatory input.</p>
            <p>A maximum of 6 characters may be entered.</p>
            <p>Must be the key to a valid entry on the RE.STAT.REP.LINE file.</p>
        </desc>
</t>
</menu>
</t24help>

