<?xml version="1.0" encoding="utf-8"?>
<t24help>
<header>
<product>RE</product>
<table>RE.RETURN.EXTRACT</table>
</header>
<overview>
<ovdesc>

            <p>This application is used to load details of the CRF reports that are to be extracted to a disk file in the batch run. </p>
            <p>It is also used to create the  disk file  on-line as at the close of business on the previous working day. </p>
            <p>The functions (I)nput, (C)opy, (L)ist, (P)rint, (R)eversal, (S)ee and (V)erify are available. </p>
            <p>The (I)nput and (C)opy functions are used to load the records to the file. </p>
            <p>The (V)erify function is used to produce the disk file during the on-line day. </p>
            <p>For the creation of the disk file as part of the batch run, the key of the appropriate record is to be entered into the Data field of the SBR.PRINT batch record corresponding to EB.RETURN.EXTRACT job. </p>
        </ovdesc>
<ovimage></ovimage>
</overview>
<menu>
<t>
<field>LINE.NO.ST</field>
<desc>
            <p>Help Text for this field is unavailable.  Please refer to the T24 User Guides for further information.</p>
        </desc>
</t>
<t>
<field>REPORT.NAME</field>
<desc>
            <p>This field indicates the report name from which the details are to be extracted and output to the disk file. </p>
            <p>
                <p>Validation Rules:</p>
            </p>
            <p>Upto 10 alphanumeric characters. (Mandatory input.)</p>
            <p>Must be a valid report name (should contain a RE.STAT.REPORT.HEAD record).</p>
            <p>Should be a key to a record on the RE.EXTRACT.PARAMS file.</p>
        </desc>
</t>
<t>
<field>BUILD.DICTIONARY</field>
<desc>
            <p>Denotes whether the dictionary for the extract file is to be automatically built when the extract file is built. </p>
            <p>If this field is set to YES a Standard Selection record will be created / amended with the id of the report file, i.e. RE.CRF.XXXX where XXXX is the name of the RE.EXTRACT.PARAMS record. </p>
            <p>The SYS.FIELDS will be rebuilt in the Standard Selection record if this option is used, therefore any user definitions should be made using the USR fields. </p>
        </desc>
</t>
<t>
<field>DESCRIPTION</field>
<desc>
            <p>Used for format notes. </p>
            <p>This field is provided for entering of notes and not used anywhere else. </p>
            <p>
                <p>Validation Rules:</p>
            </p>
            <p>Up to 35 alphanumeric characters. Multi value field associated with language. (Optional input.)</p>
        </desc>
</t>
<t>
<field>KEY</field>
<desc>
            <p>
                <p>Validation Rules:</p>
            </p>
            <p>Mandatory input.</p>
            <p>A maximum of 14 characters may be entered.</p>
        </desc>
</t>
<t>
<field>LINE.NO.END</field>
<desc>
            <p>Help Text for this field is unavailable.  Please refer to the T24 User Guides for further information.</p>
        </desc>
</t>
</menu>
</t24help>

