<?xml version="1.0" encoding="utf-8"?>
<t24help>
<header>
<product>RE</product>
<table>RE.STAT.MISMATCH</table>
</header>
<overview>
<ovdesc>

        </ovdesc>
<ovimage></ovimage>
</overview>
<menu>
<t>
<field>REPORT.NAME</field>
<desc>
            <p>Fields REPORT.NAME to LINE.NO.END form a related multi value set. Standard T24 alphanumeric field. </p>
            <p>
                <p>Validation Rules:</p>
            </p>
            <p>Mandatory input.</p>
            <p>A maximum of 21 characters may be entered.</p>
            <p>Must be the key to a valid entry on the RE.STAT.REPORT.HEAD file.</p>
        </desc>
</t>
<t>
<field>DESCRIPTION</field>
<desc>
            <p>This is a multi valued field. This is a sub valued language field. Standard T24 alphanumeric field. </p>
            <p>
                <p>Validation Rules:</p>
            </p>
            <p>A maximum of 35 characters may be entered.</p>
        </desc>
</t>
<t>
<field>KEY</field>
<desc>
            <p>
                <p>Validation Rules:</p>
            </p>
            <p>Mandatory input.</p>
            <p>A maximum of 14 characters may be entered.</p>
        </desc>
</t>
<t>
<field>LINE.NO.END</field>
<desc>
            <p>Fields REPORT.NAME to LINE.NO.END form a related multi value set. Standard T24 numeric field. </p>
            <p>
                <p>Validation Rules:</p>
            </p>
            <p>A maximum of 4 characters may be entered.</p>
        </desc>
</t>
<t>
<field>LINE.NO.ST</field>
<desc>
            <p>Fields REPORT.NAME to LINE.NO.END form a related multi value set. Standard T24 numeric field. </p>
            <p>
                <p>Validation Rules:</p>
            </p>
            <p>Mandatory input.</p>
            <p>A maximum of 4 characters may be entered.</p>
        </desc>
</t>
</menu>
</t24help>

