<?xml version="1.0" encoding="utf-8"?>
<t24help>
<header>
<product>RE</product>
<table>RE.STAT.COLUMN.RANGE</table>
</header>
<overview>
<ovdesc>

            <p>OVERVIEW CONSOLIDATION/REPORTING - RANGES </p>
            <p>The file RE.STAT.COLUMN.RANGE contains definitions of an include/exclude range of values or a set of individual values for a report column content definition. </p>
            <p>It will allow setting up of "standard", often used or virtual views as a help or short cut in the report column definition process. (e.g. the consolidation key as one of its components contains the domicile code and a reporting requirement in one or more reports requires grouping of Common Market countries, a record with the corresponding domicile codes can be defined). </p>
            <p>Several sets of include/exclude ranges may be defined for the same or different components in the consolidation key. </p>
            <p>               FIELD N0.       FIELD NAME </p>
            <p>                  0            MNEMONIC NAME                   1.1          DESCRIPTION                   2.1.1        CONSOL.FIELD                   3.1.1        IN START RANGE                   4.1          IN END RANGE                   5.1.1        EX START RANGE                   6.1          EX END RANGE </p>
        </ovdesc>
<ovimage></ovimage>
</overview>
<menu>
<t>
<field>IN.END.RNG</field>
<desc>
            <p>This field contains the last of the range of values for inclusion to be representative for the MNEMONIC NAME (field 0). </p>
            <p>
                <p>Validation Rules:</p>
            </p>
            <p>Up to 35 alphanumeric characters, type "A". Optional input.</p>
            <p>Input is only allowed if field 3.1 START RANGE contains a value.</p>
            <p>Value in this field must be GT the value in field 3.1.</p>
            <p>The values entered must be a possible valid value for the key component for which this range is to be loaded.</p>
        </desc>
</t>
<t>
<field>MNEMONIC.NAME</field>
<desc>
            <p>Name/identity to specify a set of discreet values or a range of values in report columns. </p>
            <p>The mnemonic name will be used in the file RE.STAT.COLUMN.TYPE as a column content definition for the values or a range of values defined in this table. </p>
            <p>
                <p>Validation Rules:</p>
            </p>
            <p>Up to 20 alphanumeric characters type "A". Mandatory input.</p>
            <p>The mnemonic name (key) must be unique.</p>
        </desc>
</t>
<t>
<field>IN.START.RNG</field>
<desc>
            <p>Contains the beginning of a range of values or the first of a discreet set of values for inclusion to be representative for the MENMONIC NAME (field 0). </p>
            <p>If a range of values needs to be defined the IN END RANGE (Field 4.1) will contain the last in the range. If a number of discreet values are used for the definition then the necessary number of multivalue occurences must be set up. If no range or set of discreet values is specified, then all values will be included and an exclusion range or set of discreet values must be specified. </p>
            <p>
                <p>Validation Rules:</p>
            </p>
            <p>Up to 35 alphanumeric characters, type "A". Multivalue field, associated with field 2.1 Mandatory input.</p>
            <p>The values entered must be a possible Valid value for the key component for which this Range is to be loaded.</p>
            <p>Multi ranges not allowed, but multiple values are allowed.</p>
        </desc>
</t>
<t>
<field>CONSOL.FIELD</field>
<desc>
            <p>This is the field name for which the set of values or a range of values are defined. </p>
            <p>
                <p>Validation Rules:</p>
            </p>
            <p>Up to 18 alphanumeric characters, type "A". Multivalue field, associated with field 3.1, 4.1, 5.1 and 6.1. Mandatory input.</p>
            <p>The consolidation field must be a valid (existing) field name in the file CONSOLIDATE.COND.</p>
        </desc>
</t>
<t>
<field>DESCRIPTION</field>
<desc>
            <p>Narrative used for enrichment/explaination of the mnemonic name. </p>
            <p>
                <p>Validation Rules:</p>
            </p>
            <p>Up to 35 alphanumeric characters type "A". Multivalue field to allow multi-language descriptions to be set up. Optional input.</p>
        </desc>
</t>
<t>
<field>EX.END.RNG</field>
<desc>
            <p>Contains the last of the range of values for inclusion to be representative for the MNEMONIC NAME (field 0). </p>
            <p>
                <p>Validation Rules:</p>
            </p>
            <p>Up to 35 alphanumeric characters, type "A". Optional input.</p>
            <p>Input is only allowed if field 5.1.1 START RANGE contains a value.</p>
            <p>Value in this field must be GT the value in field 5.1.1.</p>
            <p>The values entered must be a possible valid value for the key component for which this range is to be loaded.</p>
        </desc>
</t>
<t>
<field>EX.START.RNG</field>
<desc>
            <p>Contains the beginning of a range of values or the first of a discreet set of values for inclusion to be representative for the MENMONIC NAME (field 0). </p>
            <p>If a range of values needs to be defined the EX END RANGE (Field 6.1) will contain the last in the range. If a number of discreet values are used for the definition then the necessary number of multivalue occurences must be set up. The exclusion range or set of discreet values override those specified for inclusion. </p>
            <p>
                <p>Validation Rules:</p>
            </p>
            <p>Up to 35 alphanumeric characters, type "A". Multivalue field, associated with field 2.1 Mandatory input.</p>
            <p>The values entered must be a possible Valid value for the key component for which this Range is to be loaded.</p>
            <p>Multi ranges not allowed, but multiple values are allowed.</p>
        </desc>
</t>
</menu>
</t24help>

