<?xml version="1.0" encoding="utf-8"?>
<t24help>
<header>
<product>RE</product>
<table>RE.STAT.LINE.MVMT</table>
</header>
<overview>
<ovdesc>

        </ovdesc>
<ovimage></ovimage>
</overview>
<menu>
<t>
<field>PERIOD.END.DATE</field>
<desc>
            <p>Help Text for this field is unavailable.  Please refer to the T24 User Guides for further information.</p>
        </desc>
</t>
<t>
<field>LINE.CCY.DATE</field>
<desc>
            <p>The key comprises of the following elements :- 1. Report Name 2. '.' 3. Line Number 4. '-' 5. Period End Date 6. '-' 7. Any of "A" - Account (STMT.ENTRY)           "P" - P&amp;L (CATEG.ENTRY)        or "R" - Spec (Spec entry) 8. '-' 9. Sequence Number beginning with 1 E.g. GLSTD.1410-GBP-19970331-A-1 </p>
        </desc>
</t>
<t>
<field>RE.MVMT.IDS</field>
<desc>
            <p>Help Text for this field is unavailable.  Please refer to the T24 User Guides for further information.</p>
        </desc>
</t>
<t>
<field>REPORT.NAME</field>
<desc>
            <p>Help Text for this field is unavailable.  Please refer to the T24 User Guides for further information.</p>
        </desc>
</t>
<t>
<field>REPORT.LINE</field>
<desc>
            <p>Help Text for this field is unavailable.  Please refer to the T24 User Guides for further information.</p>
        </desc>
</t>
<t>
<field>CURRENCY</field>
<desc>
            <p>Help Text for this field is unavailable.  Please refer to the T24 User Guides for further information.</p>
        </desc>
</t>
<t>
<field>ENT.KEY.ID</field>
<desc>
            <p>Help Text for this field is unavailable.  Please refer to the T24 User Guides for further information.</p>
        </desc>
</t>
<t>
<field>ENTRY.ID</field>
<desc>
            <p>Key to the entry file of the type identified by the key, with the currency of the key on the date held in the key. </p>
            <p>
                <p>Validation Rules:</p>
            </p>
            <p>No Input Allowed</p>
        </desc>
</t>
<t>
<field>FILE.IND</field>
<desc>
            <p>Help Text for this field is unavailable.  Please refer to the T24 User Guides for further information.</p>
        </desc>
</t>
</menu>
</t24help>

