<?xml version="1.0" encoding="utf-8"?>
<t24help>
<header>
<product>RE</product>
<table>RE.STAT.ENT.FORMAT</table>
</header>
<overview>
<ovdesc>

            <p>This file contains details about the presentation and format of 'entries' to be included in a report. Titles, headers and columns are described, and special masks can be specified.  For each type of entry (STMT.ENTRY, CATEG.ENTRY and RE.CONSOL.SPEC.ENTRY), the user can specify: </p>
            <p>      .    which details of the entry (amount local            currency, amount foreign currency, value            date, reference number etc...)  he wants to            print on the report. </p>
            <p>      .    A sorting sequence when printing these            various entries. </p>
        </ovdesc>
<ovimage></ovimage>
</overview>
<menu>
<t>
<field>LANGUAGE.CODE</field>
<desc>
            <p>Defines the languages in which the various headers applicable to the entry format may be specified. </p>
            <p>It will not be possible to define the headers in different languages unless these languages have been defined in this field. </p>
            <p>
                <p>Validation Rules:</p>
            </p>
            <p>Up to 2 numeric characters (01 to 12). Multivalue field (Optional input. Default value = blank.)</p>
            <p>Any input in this field will be checked against the LANGUAGE table. Only valid languages will be accepted.</p>
            <p>The same Language code cannot be repeated i.e. duplication of the same language will be refused.</p>
        </desc>
</t>
<t>
<field>HDR.1.001..040</field>
<desc>
            <p>Enables the first line of headings for columns 01 to 40 of the printed report to be specified. </p>
            <p>This first heading line will appear on the top of the page or after each line according to the value defined in HEADING POSITION.  Spaces will not be ignored. </p>
            <p>The Language codes define the languages of the headings in the corresponding group of Fields 5 to 12 (e.g. if Field 4.2 specifies French, the System assumes that headings in Fields 5.2 to 12.2 are in French). </p>
            <p />
            <p>Note:      When this field is expanded to define the            headers in various languages, the user            should enter these in the same language            sequence as the one defined in LANGUAGE            CODE (Field 4). </p>
            <p>
                <p>Validation Rules:</p>
            </p>
            <p>Up to 40 (type A) alphanumeric characters including required spaces. Multivalue field associated with Fields 6 to 12. (Optional input. No default value.)</p>
            <p>Input in this field is not allowed when the corresponding Language code is missing (i.e. the Field 4.1 must have been defined to allow input in Field 5.1, the Field 4.2 must have been defined to allow input in Field 5.2 etc.).</p>
        </desc>
</t>
<t>
<field>SORT.FILE</field>
<desc>
            <p>Indicates the name of the file on which the user wants to define some sorting sequence. </p>
            <p>When the user wants to produce a report which contains the details of the entries for each line of the report, he can define the order in which he wants to see the entries within the line.  This is done by defining the requested order in the multivalue association of fields 20.1 to 23.1.1. </p>
            <p>
                <p>Validation Rules:</p>
            </p>
            <p>The following values will be accepted: .  STMT.ENTRY .  CATEG.ENTRY .  RE.CONSOL.SPEC.ENTRY Multivalue field associated with fields 21.1.1 to 23.1.1. Mandatory input.</p>
        </desc>
</t>
<t>
<field>MASK</field>
<desc>
            <p>Identifies the mask the user wants to apply to the field defined in PRINT FIELD.  The mask can be '@DATE' when it refers to a date or preceded by the letters 'L' or 'R' to indicate Left or Right adjustment. </p>
            <p>Details of the daily entries can be selected from the 3 following files: </p>
            <p>      . STMT.ENTRY:           i.e. STATEMENT ENTRY                               file.       . CATEG.ENTRY:          i.e. CATEGORY (P&amp;L)                               ENTRY file.       . RE.CONSOL.SPEC.ENTRY: i.e. CONSOLIDATION                               SPECIAL ENTRY file. </p>
            <p>Within each of these files, the user, by means of the associated subvalue fields 16.1.1 to 19.1.1 can specify:       . Which field he wants to print.       . The number of characters he wants to print.       . A mask to be associated with the print.       . The column where he wants to start then         printing of the selected fields. </p>
            <p>
                <p>Validation Rules:</p>
            </p>
            <p>Up to 35 alphanumeric characters subvalue field associated with fields 16.1.1 to 17.1.1 and 19.1.1 Optional input; default value = None.</p>
        </desc>
</t>
<t>
<field>SORT.FLD.NO</field>
<desc>
            <p>Identifies the field number within the SORT FILE, on which the user wants to define a sorting sequence. </p>
            <p>When the user wants to produce a report which contains the details of the entries for each line of the report, he can define the order in which he wants to see the entries within the line.  This is done by defining the requested order in the multivalue association of fields 20.1 to 23.1.1. </p>
            <p>
                <p>Validation Rules:</p>
            </p>
            <p>1 to 5 numeric characters. Subvalue field associated with fields 22.1.1 to 23.1.1. Mandatory field when SORT FILE entered; otherwise not allowed.</p>
            <p>Duplicates within the same SORT FILE are not allowed.</p>
            <p>The field number must be an existing field in the corresponding SORT FILE.</p>
        </desc>
</t>
<t>
<field>NOTES</field>
<desc>
            <p>Free format narrative to summarise (describe) the entry format. </p>
            <p>The details entered in this field will not be used anywhere else and serve as summary description (help) while doing maintenance. </p>
            <p>
                <p>Validation Rules:</p>
            </p>
            <p>Up to 35 type A (alphanumeric) characters. Optional input;  Default = None.</p>
        </desc>
</t>
<t>
<field>FORMAT.NAME</field>
<desc>
            <p>This is the name (ID) by which the entry format details can be identified. </p>
            <p>It is this ID which needs to be input in the field ENTRY FORMAT ID of the file RE.STAT. REPORT.HEAD when the user wants to create a report which includes a detailed list of entries. </p>
            <p>
                <p>Validation Rules:</p>
            </p>
            <p>3 to 10 alphanumeric characters. Mandatory input.</p>
        </desc>
</t>
<t>
<field>HDR.2.041..080</field>
<desc>
            <p>Enables the line of second headings for columns 41 to 80 of the printed report to be specified. </p>
            <p>This second heading line will appear on the top of the page or after each line according to the value defined in HEADING POSITION.  Spaces will not be ignored. </p>
            <p>The Language codes in Field 4 define the languages of the headings in the corresponding group of Fields 5 to 12 (e.g. if Field 4.2 specifies French, the System assumes that headings in Fields 5.2 to 12.2 are in French). </p>
            <p />
            <p>Note:      When this field is expanded to define the            headers in various languages, the user            should enter these in the same language            sequence as the one defined in LANGUAGE            CODE (Field 4). </p>
            <p>
                <p>Validation Rules:</p>
            </p>
            <p>Up to 40 type A (alphanumeric) characters including required spaces. Multivalue field associated with Fields 5 to 12. (Optional input. No default value.)</p>
            <p>Input in this field is not allowed when the corresponding Language code is missing (i.e. the Field 4.1 must have been defined to allow input in Field 10.1, the Field 4.2 must have been defined to allow input in Field 10.2 etc).</p>
        </desc>
</t>
<t>
<field>HDR.2.081..120</field>
<desc>
            <p>Enables the second line of headings for columns 81 to 120 of a printed report to be specified. </p>
            <p>This second heading line will appear on the top of the page or after each line according to the value defined in HEADING POSITION.  Spaces will not be ignored. </p>
            <p>The Language codes in Field 4 define the languages of the headings in the corresponding group of Fields 5 to 12 (e.g. if Field 4.2 specifies French, the System assumes that headings in Fields 5.2 to 12.2 are in French). </p>
            <p />
            <p>Note:      When this field is expanded to define the            headers in various languages, the user            should enter these in the same language            sequence as the one defined in LANGUAGE            CODE (Field 4). </p>
            <p>
                <p>Validation Rules:</p>
            </p>
            <p>Up to 40 type A (alphanumeric) characters including required spaces. Multivalue field associated with Fields 5 to 12. (Optional input. No default value.)</p>
            <p>Input in this field is not allowed when the corresponding Language code is missing (i.e. the Field 4.1 must have been defined to allow input in Field 11.1, the Field 4.2 must have been defined to allow input in Field 11.2 etc.).</p>
        </desc>
</t>
<t>
<field>PRINT.FILE</field>
<desc>
            <p>Indicates from which file, the user wants to print the details of the entries. </p>
            <p>Details of the daily entries can be selected from the 3 following files: </p>
            <p>      . STMT.ENTRY:           i.e. STATEMENT ENTRY                               file.       . CATEG.ENTRY:          i.e. CATEGORY (P&amp;L)                               ENTRY file.       . RE.CONSOL.SPEC.ENTRY: i.e. CONSOLIDATION                               SPECIAL ENTRY file. </p>
            <p>Within each of these files, the user, by means of the associated subvalue fields 16.1.1 to 19.1.1 can specify:       . Which field he wants to print.       . The number of characters he wants to print.       . A mask to be associated with the print.       . The column where he wants to start the         printing of the selected fields. </p>
            <p>
                <p>Validation Rules:</p>
            </p>
            <p>The following values will be accepted: .  STMT.ENTRY .  CATEG.ENTRY .  RE.CONSOL.SPEC.ENTRY Multivalue field associated with fields 16.1.1 to 19.1.1. Mandatory input.</p>
        </desc>
</t>
<t>
<field>NO.OF.CHARS</field>
<desc>
            <p>Identifies the number of characters which the user wants to print for the field selected in PRINT FIELD. </p>
            <p>Details of the daily entries can be selected from the 3 following files: </p>
            <p>      . STMT.ENTRY:           i.e. STATEMENT ENTRY                               file.       . CATEG.ENTRY:          i.e. CATEGORY (P&amp;L)                               ENTRY file.       . RE.CONSOL.SPEC.ENTRY: i.e. CONSOLIDATION                               SPECIAL ENTRY file. </p>
            <p>Within each of these files, the user, by means of the associated subvalue fields 16.1.1 to 19.1.1 can specify:       . Which field he wants to print.       . The number of characters he wants to print.       . A mask to be associated with the print.       . The column where he wants to start then         printing of the selected fields. </p>
            <p />
            <p>Note:      When the field being selected refers to a            date, the following must be noted: </p>
            <p>           .  '6'characters  displays the date in DD                              MM format            .  '9'characters  displays the date in DD                              MMM YY format            . '11'characters  displays the date in DD                              MMM YYYY format </p>
            <p>
                <p>Validation Rules:</p>
            </p>
            <p>Up to 2 numeric characters. Subvalue field associated with fields 16.1.1 and fields 18.1.1 to 19.1.1. Optional input; default = number of characters of the selected field.</p>
            <p>The number input in this field cannot exceed the size of the field.  It can only be smaller or equal.</p>
        </desc>
</t>
<t>
<field>HEADING.POSITION</field>
<desc>
            <p>Indicates if the various headings defined for the Entry format must be printed only on the Top of the page or after each line. </p>
            <p>
                <p>Validation Rules:</p>
            </p>
            <p>The following values will be accepted: TOP.OF.PAGE  in which case the heading will be printed only on the Top of the page. AFTER.LINE   in which case the heading will be printed after each report line. Mandatory input.</p>
        </desc>
</t>
<t>
<field>HDR.2.121..132</field>
<desc>
            <p>Enables the second line of headings for columns 121 to 132 of a printed report to be specified. </p>
            <p>This second heading line will appear on the top of the page or after each line according to the value defined in HEADING POSITION.  Spaces will not be ignored. </p>
            <p>The Language codes in Field 4 define the languages of the headings in the corresponding group of Fields 5 to 12 (e.g. if Field 4.2 specifies French, the System assumes that headings in Fields 5.2 to 12.2 are in French). </p>
            <p />
            <p>Note:      When this field is expanded to define the            headers in various languages, the user            should enter these in the same language            sequence as the one defined in LANGUAGE            CODE (Field 4). </p>
            <p>
                <p>Validation Rules:</p>
            </p>
            <p>Up to 15 type A (alphanumeric) characters including required spaces. Multivalue field associated with Fields 5 to 12. (Optional input. No default value.)</p>
            <p>Input in this field is not allowed when the corresponding Language code is missing i.e. the Field 4.1 must have been defined to allow input in Field 12.1, the Field 4.2 must have been defined to allow input in Field 12.2 etc...</p>
        </desc>
</t>
<t>
<field>HDR.1.121..132</field>
<desc>
            <p>Enables the first line of headings for columns 121 to 132 of a printed report to be specified. </p>
            <p>This first heading line will appear on the top of the page or after each line according to the value defined in HEADING POSITION.  Spaces will not be ignored. </p>
            <p>The Language codes in Field 4 define the languages of the headings in the corresponding group of Fields 5 to 12 (e.g. if Field 4.2 specifies French, the System assumes that headings in Fields 5.2 to 12.2 are in French). </p>
            <p />
            <p>Note:      When this field is expanded to define the            headers in various languages, the user            should enter these in the same language            sequence as the one defined in LANGUAGE            CODE (Field 4). </p>
            <p>
                <p>Validation Rules:</p>
            </p>
            <p>Up to 15 type A (alphanumeric) characters including required spaces. Multivalue field associated with Fields 5 to 12. (Optional input. No default value.)</p>
            <p>Input in this field is not allowed when the corresponding Language code is missing (i.e. the Field 4.1 must have been defined to allow input in Field 8.1, the Field 4.2 must have been defined to allow input in Field 8.2 etc.).</p>
        </desc>
</t>
<t>
<field>HDR.1.041..080</field>
<desc>
            <p>Enables the first line of headings for columns 41 to 80 of the printed report to be specified. </p>
            <p>This first heading line will appear on the top of the page or after each line according to the value defined in HEADING POSITION.  Spaces will not be ignored. </p>
            <p>The Language codes define the languages of the headings in the corresponding group of Fields 5 to 12 (e.g. if Field 4.2 specifies French, the System assumes that headings in Fields 5.2 to 12.2 are in French). </p>
            <p />
            <p>Note:      When this field is expanded to define the            headers in various languages, the user            should enter these in the same language            sequence as the one defined in LANGUAGE            CODE (Field 4). </p>
            <p>
                <p>Validation Rules:</p>
            </p>
            <p>Up to 40 type A (alphanumeric) characters including required spaces. Multivalue field associated with Fields 5 to 12. (Optional input. No default value.)</p>
            <p>Input in this field is not allowed when the corresponding Language code is missing (i.e. the Field 4.1 must have been defined to allow input in Field 6.1, the Field 4.2 must have been defined to allow input in Field 6.2 etc.).</p>
        </desc>
</t>
<t>
<field>HDR.1.081..120</field>
<desc>
            <p>Enables the first line of headings for columns 81 to 120 of a printed report to be specified. </p>
            <p>This first heading line will appear on the top of the page or after each line according to the value defined in HEADING POSITION.  Spaces will not be ignored. </p>
            <p>The Language codes define the languages of the headings in the corresponding group of Fields 5 to 12 (e.g. if Field 4.2 specifies French, the System assumes that headings in Fields 5.2 to 12.2 are in French). </p>
            <p />
            <p>Note:      When this field is expanded to define the            headers in various languages, the user            should enter these in the same language            sequence as the one defined in LANGUAGE            CODE (Field 4). </p>
            <p>
                <p>Validation Rules:</p>
            </p>
            <p>Up to 40 type A (alphanumeric) characters including required spaces. Multivalue field associated with Fields 5 to 12. (Optional input. No default value.)</p>
            <p>Input in this field is not allowed when the corresponding Language code is missing (i.e. the Field 4.1 must have been defined to allow input in Field 7.1, the Field 4.2 must have been defined to allow input in Field 7.2 etc.).</p>
        </desc>
</t>
<t>
<field>PRINT.FIELD</field>
<desc>
            <p>Identifies the field number, within the file defined in the previous field, which the user wants to print in the detailed movement report. </p>
            <p>Details of the daily entries can be selected from the 3 following files: </p>
            <p>      . STMT.ENTRY:           i.e. STATEMENT ENTRY                               file.       . CATEG.ENTRY:          i.e. CATEGORY (P&amp;L)                               ENTRY file.       . RE.CONSOL.SPEC.ENTRY: i.e. CONSOLIDATION                               SPECIAL ENTRY file. </p>
            <p>Within each of these files, the user, by means of the associated subvalue fields 16.1.1 to 19.1.1 can specify:       . Which field he wants to print.       . The number of characters he wants to print.       . A mask to be associated with the print.       . The column where he wants to start then         printing of the selected fields. </p>
            <p>
                <p>Validation Rules:</p>
            </p>
            <p>1 to 5 numeric characters subvalue field associated with field 17.1.1 to 19.1.1. Mandatory input when PRINT FILE entered; otherwise not allowed.</p>
            <p>Duplicates within the same PRINT FILE are not allowed.</p>
            <p>The field number must be a valid field in the corresponding PRINT FILE.</p>
        </desc>
</t>
<t>
<field>SORT.FIELD</field>
<desc>
            <p>Identifies, within the SORT FILE, the name of the field entered in SORT FLD NO. </p>
            <p>
                <p>Validation Rules:</p>
            </p>
            <p>System generated. Subvalue field associated with fields 21.1.1 and 23.1.1.</p>
        </desc>
</t>
<t>
<field>SORT.TYPE</field>
<desc>
            <p>Identifies the type of 'SORT' which the user wants to perform on SORT FLD NO. </p>
            <p>
                <p>Validation Rules:</p>
            </p>
            <p>The following values will be accepted: .  'AL':        Ascending Left .  'AR'         Ascending Right .  'DL'         Descending Left .  'DR'         Descending Right Subvalue field associated with fields 21.1.1 to 22.1.1. Mandatory input if SORT FILE entered; otherwise input not allowed.</p>
        </desc>
</t>
<t>
<field>HDR.2.001..040</field>
<desc>
            <p>Enables the second line of headings for columns 01 to 40, of the printed report, to be specified. </p>
            <p>This second heading line will appear on the top of the page or after each line according to the value defined in HEADING POSITION.  Spaces will not be ignored. </p>
            <p>The Language codes define the languages of the headings in the corresponding group of Fields 5 to 12 (e.g. if Field 4.2 specifies French, the System assumes that headings in Fields 5.2 to 12.2 are in French). </p>
            <p />
            <p>Note:      When this field is expanded to define the            headers in various languages, the user            should enter these in the same language            sequence as the one defined in LANGUAGE            CODE (Field 4). </p>
            <p>
                <p>Validation Rules:</p>
            </p>
            <p>Up to 40 type A (alphanumeric) characters including required spaces. Multivalue field associated with Fields 5 to 12. (Optional input. No default value.)</p>
            <p>Input in this field is not allowed when the corresponding Language code is missing (i.e. the Field 4.1 must have been defined to allow input in Field 9.1, the Field 4.2 must have been defined to allow input in Field 9.2 etc).</p>
        </desc>
</t>
<t>
<field>AMOUNT</field>
<desc>
            <p>Indicates which type of amount the user wants to print in the column. </p>
            <p>When the user wants to print a report with the details of all the daily entries, he has the following choice for the printing of the amount of the entry:       . LOCAL:       i.e. local currency and local                      currency equivalent amount                      (includes both Debits and                      Credits).       . CURRENCY:    i.e. foreign currency amount                      (includes both Debits and                      Credits).       . LCY.CREDIT:  i.e. local currency and local                      currency equivalent credit                      amount. </p>
            <p>      . LCY.DEBIT:   i.e. local currency and local                      currency equivalent debit amount.       . CCY.CREDIT:  i.e. foreign currency credit                      amount.       . CCY.DEBIT:   i.e. foreign currency debit                      amount. </p>
            <p>
                <p>Validation Rules:</p>
            </p>
            <p>1 to 10 alphanumeric characters allowing for the following values: .     LOCAL .     CURRENCY .     LCY.CREDIT .     LCY.DEBIT .     CCY.CREDIT .     CCY.DEBIT Multivalue field associated with field 14.1. Mandatory input.</p>
            <p>Duplicates of amount Type are not allowed.</p>
            <p>LOCAL is not allowed with LCY.CREDIT or LCY.DEBIT.</p>
            <p>CURRENCY is not allowed with CCY.CREDIT or CCY.DEBIT.</p>
        </desc>
</t>
<t>
<field>AMT.COLUMN</field>
<desc>
            <p>Indicates in which column the printing of the amount specified in AMOUNT (Field 13.1) must start. </p>
            <p>
                <p>Validation Rules:</p>
            </p>
            <p />
            <p>Up to 3 numeric characters. Multivalue field associated with field 13.1. Mandatory input when AMOUNT entered.</p>
            <p>Column types 'LOCAL' or 'LCY' cannot overlap with column types 'CURRENCY' or 'CCY'.</p>
        </desc>
</t>
<t>
<field>DESCRIPTION</field>
<desc>
            <p>Narrative (enrichment) applicable to the ENTRY FORMAT (Field 0). </p>
            <p>
                <p>Validation Rules:</p>
            </p>
            <p>Up to 35 type A (alphanumeric) characters. Multivalue field to cater for narrative to be set up in several languages. Mandatory input.</p>
        </desc>
</t>
<t>
<field>FILE.COLUMN</field>
<desc>
            <p>Indicates in which column the printing of the selected PRINT FIELD must start. </p>
            <p>Details of the daily entries can be selected from the 3 following files: </p>
            <p>      . STMT.ENTRY:            i.e. STATEMENT ENTRY                                file.       . CATEG.ENTRY:           i.e. CATEGORY (P&amp;L)                                ENTRY file.       . RE.CONSOL.SPEC.ENTRY:  i.e. CONSOLIDATION                                SPECIAL ENTRY file. </p>
            <p>Within each of these files, the user, by means of the associated subvalue fields 16.1.1 to 19.1.1 can specify:       . Which field he wants to print.       . The number of characters he wants to print.       . A mask to be associated with the print.       . The column where he wants to start then         printing of the selected fields. </p>
            <p>
                <p>Validation Rules:</p>
            </p>
            <p />
            <p>Up to 3 numeric characters. Subvalue field associated with fields 16.1.1 to 18.1.1. Mandatory input when PRINT FIELD entered.</p>
            <p />
            <p>Columns cannot overlap.</p>
        </desc>
</t>
</menu>
</t24help>

