<?xml version="1.0" encoding="utf-8"?>
<t24help>
<header>
<product>RE</product>
<table>RE.STAT.LINE.BAL</table>
</header>
<overview>
<ovdesc>

        </ovdesc>
<ovimage></ovimage>
</overview>
<menu>
<t>
<field>CURRENCY</field>
<desc>
            <p>Help Text for this field is unavailable.  Please refer to the T24 User Guides for further information.</p>
        </desc>
</t>
<t>
<field>MVMT.P.SPLIT</field>
<desc>
            <p>This field specifies the number of detail movement records in the file RE.STAT.LINE.MVMT for this key for CATEG.ENTRY. </p>
            <p>
                <p>Validation Rules:</p>
            </p>
            <p>No input field.</p>
        </desc>
</t>
<t>
<field>CR.MVMT.MTH</field>
<desc>
            <p>The credit movement for the monthly total in the currency of the key</p>
            <p>
                <p>Validation Rules:</p>
            </p>
            <p />
            <p>No Input Allowed</p>
        </desc>
</t>
<t>
<field>CR.MVMT.YTD</field>
<desc>
            <p>The credit movement for the YTD total in the currency of the key</p>
            <p>
                <p>Validation Rules:</p>
            </p>
            <p />
            <p>No Input Allowed</p>
            <p />
        </desc>
</t>
<t>
<field>MVMT.R.SPLIT</field>
<desc>
            <p>This field specifies the number of detail movement records in the file RE.STAT.LINE.MVMT for this key for RE.CONSOL.SPEC.ENTRY. </p>
            <p>
                <p>Validation Rules:</p>
            </p>
            <p>No input field.</p>
        </desc>
</t>
<t>
<field>SYSTEM.DATE</field>
<desc>
            <p>Help Text for this field is unavailable.  Please refer to the T24 User Guides for further information.</p>
        </desc>
</t>
<t>
<field>DB.MVMT.YTD</field>
<desc>
            <p>The debit movement for the YTD total in the currency of the key</p>
            <p>
                <p>Validation Rules:</p>
            </p>
            <p />
            <p>No Input Allowed</p>
            <p />
        </desc>
</t>
<t>
<field>REPORT.NAME</field>
<desc>
            <p>Help Text for this field is unavailable.  Please refer to the T24 User Guides for further information.</p>
        </desc>
</t>
<t>
<field>DB.MVMT.LCL</field>
<desc>
            <p>Local equivalent of the debit movement. </p>
            <p>
                <p>Validation Rules:</p>
            </p>
            <p>No Input Allowed</p>
        </desc>
</t>
<t>
<field>REPORT.LINE</field>
<desc>
            <p>Help Text for this field is unavailable.  Please refer to the T24 User Guides for further information.</p>
        </desc>
</t>
<t>
<field>DB.MVMT.MTH.LCL</field>
<desc>
            <p>The debit movement for the monthly total in the local currency.</p>
            <p>
                <p>Validation Rules:</p>
            </p>
            <p />
            <p>No Input Allowed</p>
        </desc>
</t>
<t>
<field>LINE.NAME</field>
<desc>
            <p>Help Text for this field is unavailable.  Please refer to the T24 User Guides for further information.</p>
        </desc>
</t>
<t>
<field>DB.MVMT.YTD.LCL</field>
<desc>
            <p>The debit movement for the YTD total in the local currency.</p>
            <p>
                <p>Validation Rules:</p>
            </p>
            <p />
            <p>No Input Allowed </p>
        </desc>
</t>
<t>
<field>MVMT.A.SPLIT</field>
<desc>
            <p>This field specifies the number of detail movement records in the file RE.STAT.LINE.MVMT for this key for STMT.ENTRY. </p>
            <p>
                <p>Validation Rules:</p>
            </p>
            <p>No input field.</p>
        </desc>
</t>
<t>
<field>CR.MVMT.MTH.LCL</field>
<desc>
            <p>The credit movement for the monthly total in the local currency. </p>
            <p>
                <p>Validation Rules:</p>
            </p>
            <p />
            <p>No Input Allowed</p>
        </desc>
</t>
<t>
<field>CR.MVMT.YTD.LCL</field>
<desc>
            <p>The credit movement for the YTD total in the local currency.</p>
            <p>
                <p>Validation Rules:</p>
            </p>
            <p />
            <p>No Input Allowed</p>
        </desc>
</t>
<t>
<field>OPEN.BAL.LCL</field>
<desc>
            <p>The local equivalent of the opening balance </p>
            <p>
                <p>Validation Rules:</p>
            </p>
            <p>No Input Allowed</p>
        </desc>
</t>
<t>
<field>DB.MVMT.MTH</field>
<desc>
            <p>The debit movement for the monthly total in the currency of the key</p>
            <p>
                <p>Validation Rules:</p>
            </p>
            <p />
            <p>No Input Allowed</p>
        </desc>
</t>
<t>
<field>OPEN.BAL</field>
<desc>
            <p>The opening balance as held in the currency of the key. </p>
            <p>
                <p>Validation Rules:</p>
            </p>
            <p>No Input Allowed</p>
        </desc>
</t>
<t>
<field>PERIOD.END.DATE</field>
<desc>
            <p>Help Text for this field is unavailable.  Please refer to the T24 User Guides for further information.</p>
        </desc>
</t>
<t>
<field>DB.MOVEMENT</field>
<desc>
            <p>Debit movement for the day in the currency of the key. </p>
            <p>
                <p>Validation Rules:</p>
            </p>
            <p>No Input Allowed</p>
        </desc>
</t>
<t>
<field>LINE.CCY.DATE</field>
<desc>
            <p>The key comprises of the following elements :- 1. Report Name 2. '.' 3. Line Number 4. '-' 5. Currency 6. '-' 7. Period End Date </p>
        </desc>
</t>
<t>
<field>CLOSING.BAL</field>
<desc>
            <p>The closing balance in the currency of the key. </p>
            <p>
                <p>Validation Rules:</p>
            </p>
            <p>No Input Allowed</p>
        </desc>
</t>
<t>
<field>CLOSING.BAL.LCL</field>
<desc>
            <p>The local equivalent of the closing balance. </p>
            <p>
                <p>Validation Rules:</p>
            </p>
            <p>No Input Allowed</p>
        </desc>
</t>
<t>
<field>CR.MOVEMENT</field>
<desc>
            <p>The credit movement for the day in the currency of the key. </p>
            <p>
                <p>Validation Rules:</p>
            </p>
            <p>No Input Allowed</p>
        </desc>
</t>
<t>
<field>CR.MVMT.LCL</field>
<desc>
            <p>The local equivalent of the credit movement. </p>
            <p>
                <p>Validation Rules:</p>
            </p>
            <p>No Input Allowed</p>
        </desc>
</t>
</menu>
</t24help>

