<?xml version="1.0" encoding="utf-8"?>
<t24help>
<header>
<product>RE</product>
<table>RE.STAT.VAR1</table>
</header>
<overview>
<ovdesc>

        </ovdesc>
<ovimage></ovimage>
</overview>
<menu>
<t>
<field>ASSET.PROFIT.ID</field>
<desc>
            <p>Standard T24 alphanumeric field. </p>
            <p>
                <p>Validation Rules:</p>
            </p>
            <p>Mandatory input.</p>
            <p>A maximum of 11 characters may be entered.</p>
        </desc>
</t>
<t>
<field>KEY</field>
<desc>
            <p>Fields KEY to  form a related multi value set. Standard T24 alphanumeric field. </p>
            <p>
                <p>Validation Rules:</p>
            </p>
            <p>Mandatory input.</p>
            <p>A maximum of 35 characters may be entered.</p>
        </desc>
</t>
<t>
<field>REP.NAME</field>
<desc>
            <p>Fields KEY to  form a related multi value set. Standard T24 alphanumeric field. </p>
            <p>
                <p>Validation Rules:</p>
            </p>
            <p>Mandatory input.</p>
            <p>A maximum of 10 characters may be entered.</p>
        </desc>
</t>
</menu>
</t24help>

