<?xml version="1.0" encoding="utf-8"?>
<t24help>
<header>
<product>RE</product>
<table>RE.STAT.REPORT.HEAD</table>
</header>
<overview>
<ovdesc>

            <p>OVERVIEW CONSOLIDATION/REPORTING - REPORT HEADINGS </p>
            <p>  This file contains details about the presentation or format of the report. Titles and headers are described and the column width, in terms of amount masks, are specified. </p>
            <p>  Also, columns are linked to the characteristics as described in the file RE.STAT.COLUMN.TYPE. Generation of TOTAL columns are part of the definitions in this file. </p>
            <p>  The sequence of print, as to the content of the report with regard to currencies, or currency equivalents is specified. (e.g. a foreign currency control ledger sequence is obtained by inputting the expression 'BY.CURRENCY' into the Field 7 SPLIT). </p>
            <p>  The application RE.STAT.REP.LINE specifies the details for each line of the report.  The application RE.STAT.ENT.FORMAT specifies the details of the entries if this report is to include detailed entries for each line. </p>
            <p>  It is possible to have more than one header record for each set of Report lines, thus allowing for different heading details to be specified with the same line contents.  This will allow for combined and Currency General Ledgers to be produced. </p>
        </ovdesc>
<ovimage></ovimage>
</overview>
<menu>
<t>
<field>COLUMN.POS</field>
<desc>
            <p>This field has been reserved for future use. </p>
        </desc>
</t>
<t>
<field>LINE.NARR.SIZE</field>
<desc>
            <p>Size (length) of the narrative field for each line of the report. </p>
            <p>  The narrative for each line will be printed on the left hand side of each report there can be up to 3 narrative columns followed by the first amount column on their right. </p>
            <p>  There is a facility to load up to three narrative column details for each report line.  The actual narratives printed depends upon the values entered here.  For a particular narrative column to be printed then the number of characters to be printed must be entered here. </p>
            <p>  The multi-value occurrence determines which column is to be printed. </p>
            <p>  Therefore, if the second narrative column is to be printed, then the number of characters to be printed must be entered in field 5.2. </p>
            <p>  If more characters than are requested here have been entered in the narrative field then only the number entered here (starting from the left hand side) will be printed. </p>
            <p>  Examples: </p>
            <p>  A)         The first 10 characters of narrative 1 and the first 20            characters of narrative 3 are to be printed then the data            entered is: </p>
            <p>                  Field No      Value entered </p>
            <p>                  5.1 10                 5.2 -                 5.3 20 </p>
            <p>  B)         The full 30 characters of narrative 2 are to be printed            then data entered is: </p>
            <p>             Field No Value entered </p>
            <p>             5.1  -            5.2 30 </p>
            <p>
                <p>Validation Rules:</p>
            </p>
            <p />
            <p>  Up to 2 Numeric characters in the range 1-30. Multivalue field associated with fields 6.1 and 7.1.</p>
            <p>  Maximum length of narrative is 30 characters.</p>
            <p>  Maximum number of multi-value occurrences of this field is 3.</p>
        </desc>
</t>
<t>
<field>ZERO.SUPP.DET</field>
<desc>
            <p>Specifies whether zero values are to be suppressed or printed on detail lines. </p>
            <p>  For a report the zero values on all details lines can be suppressed or printed.  The option chosen applies to all the detail lines within the report and can not be varied for individual lines.  The next field ZERO SUPP TOT handles the total lines option. </p>
            <p>
                <p>Validation Rules:</p>
            </p>
            <p>  Can be one of the following: Y   - Suppress printing of zeros N(o) or Null - print zeros Optional input. Print program assumes No.</p>
        </desc>
</t>
<t>
<field>TOTAL.COLUMN</field>
<desc>
            <p>Specifies the  ID of the column (file RE.STAT.COLUMN.TYPE.) which is to be taken into account when calculating the ''TOTAL' or 'CALC' column. MNE.NAME (Field 24.1) can be specified for 'CALC' COLUMN. </p>
            <p>  Example 1:  General Ledger - type 1 </p>
            <p>  Line          |Local Currency |Foreign Currency |Total Currency Description   |Actual Balance |Local ccy-Equiv  |Actual Balance               |               |                 | Cash on hand  |  158,291.21 - |    1,824.82 -   |   160,116.03- Due from banks|  518,023.31 - |  500,000.00 -   | 1,018,023.31- etc.          |               |                 | </p>
            <p>  14.1       LCYBALANCE (ID of RE.STAT.COLUMN.TYPE) 14.2       FCYEQUIBAL (ID of RE.STAT.COLUMN.TYPE) 14.3       TOTAL 19.3.1     ADD 20.3.1     LCYBALANCE 19.3.2     ADD 20.3.2     FCYEQUIBAL 22.1.1     TOTAL CURRENCY 23.1.1     ACTUAL BALANCE </p>
            <p>  Example 2:  General Ledger - type 2 </p>
            <p>  Line          | Opening   |  Debit    |   Credit  |  Closing Description   | Balance   | Movement  | Movement  |  Balance               |           |           |           |               |           |           |           | Cash on hand  |128,000.00-| 38,116.03-|  6,000.00 |  160,116.03- Due from banks|818,023.31-|300,000.00-|100,000.00 |1,018,023.31- etc.          |           |           |           | </p>
            <p>  14.1       OPENINGBAL  (ID of RE.STAT.COLUMN.TYPE) 14.2       DEBITMOVE   (ID of RE.STAT.COLUMN.TYPE) 14.3       CREDITMOVE  (ID of RE.STAT.COLUMN.TYPE) 14.4       CLOSINGBAL  (ID of RE.STAT.COLUMN.TYPE) Fields 15 to 23 will be blank. Example 3: Line          | Opening   |  Debit    |    % Description   | Balance   | Movement  |   MVMT               |           |           | Cash on hand  |100,000.00 |200,000.00 |  ***** Due from banks|500,000.00 |800,000.00 |  60.00 Deposits      |100,000.00 | 95,000.00 |  -5.00 </p>
            <p>  14.1       OPENINGBAL         (ID OF RE.STAT.COLUMN.TYPE) 14.2       CLOSINGBAL         (ID OF RE.STAT.COLUMN.TYPE) 14.3       CALC 16.3       2 17.2       2 18.3       NO 19.3.1     ADD 20.3.1     CLOSINGBAL 19.3.2     SUBTRACT 20.3.2     OPENINGBAL 19.3.3     MULTIPLY 21.3.3     100.00 19.3.4     DIVIDE 20.3.4     OPENINGBAL 22.3.1     % 23.3.1     MVMT </p>
            <p>
                <p>Validation Rules:</p>
            </p>
            <p>  Up to 10 type A (alphanumeric) characters. Multivalue field associated with 14.1 to 19.1.1 and 21.1.1 to 23.1.1. Optional input when COLUMN TYPE = 'TOTAL' or 'CALC'; otherwise not allowed.</p>
            <p>  Input must be an ID of the file RE.STAT.COLUMN.TYPE and must have been defined in Field 10.1. COLUMN TYPE or must be one of the MNE.NAMES (Field 24.1) defined within this report for 'CALC' column.</p>
            <p>  Input is mandatory if TOT CONSTANT (Field 21.1.1) is null.  Only one of these two fields may be present for each sub-value set. The following examples will clarify the use of the fields 14 to 23.</p>
        </desc>
</t>
<t>
<field>NOTES</field>
<desc>
            <p>Free format narrative to summarise (describe) the report. </p>
            <p>  The details entered in this field will not be used anywhere else and serve as summary description (help) while doing maintenance. </p>
            <p>
                <p>Validation Rules:</p>
            </p>
            <p>  Up to 35 type A (alphanumeric) characters. Multivalue field. Optional input;  Default = None.</p>
        </desc>
</t>
<t>
<field>ENTRY.FORMAT.ID</field>
<desc>
            <p>Identifies, when the report is to be produced with entries, which details of the entries need to be printed for each line. </p>
            <p>  When the user wants to print a report with the daily movements supported by the entries he must specify in this field which of the entries he wants to print on the report.  This is specified in the file RE.STAT.ENT.FORMAT and input in this field must correspond to a valid key in this field. </p>
            <p>
                <p>Validation Rules:</p>
            </p>
            <p>  Up to 10 alphanumeric characters identifying a valid ID on the file RE.STAT.ENT.FORMAT. Optional Input;  Default None.</p>
            <p>  Any input in this field must correspond to a valid key in the file RE.STAT.ENT.FORMAT.</p>
        </desc>
</t>
<t>
<field>SUPP.GROUP</field>
<desc>
            <p>Specifies the groups of lines that are to be suppressed in the report in case the line contains only zeros. </p>
            <p>  For a report, if a particular group is specified as suppression group, then when the report is being printed if a line has all zero values and that line has a suppression group (specified in RE.STAT.REP.LINE) that matches this field then the line will not be printed. </p>
            <p>
                <p>Validation Rules:</p>
            </p>
            <p>  Up to 1 numeric character. Can be 1 - 9 or null. Optional input - Print program assumes no groups are to be suppressed when this field is null. Multivalue field.</p>
        </desc>
</t>
<t>
<field>DECIMAL.SIZE</field>
<desc>
            <p>Maximum number of decimal places to be printed in the COLUMN TYPE is 'CALC' </p>
            <p>  Example 1: </p>
            <p>  Line          | Opening   |  Debit    |    % Description   | Balance   | Movement  |   MVMT </p>
            <p>  Cash on hand  |100,000.00 |200,000.00 |  ***** Due from banks|500,000.00 |800,000.00 |  60.00 Deposits      |100,000.00 | 95,000.00 |  -5.00 Loans         | 30,000.00 | 50,000.00 |  66.67 </p>
            <p>  14.1       OPENINGBAL         (ID OF RE.STAT.COLUMN.TYPE) 14.2       CLOSINGBAL         (ID OF RE.STAT.COLUMN.TYPE) 14.3       CALC 16.3       2 17.2       2 18.3       NO 19.3.1     ADD 20.3.1     CLOSINGBAL 19.3.2     SUBTRACT 20.3.2     OPENINGBAL 19.3.3     MULTIPLY 21.3.3     100.00 19.3.4     DIVIDE 20.3.4     OPENINGBAL 22.3.1     % 23.3.1     MVMT </p>
            <p>
                <p>Validation Rules:</p>
            </p>
            <p>  One numeric character.  Allowed values (1 to 9). Multivalue field associated with fields 14.1 to 16.1 and 18.1 to 23.1.1. Optional input when COLUMN TYPE = 'CALC'; otherwise not allowed.  Defaults to zero.</p>
        </desc>
</t>
<t>
<field>HEADING</field>
<desc>
            <p>The heading or title of the report which will be printed on top of the report (output). </p>
            <p>
                <p>Validation Rules:</p>
            </p>
            <p>  Up to 35 type A (alphanumeric) characters. Multivalue field to cater for heading to be set up in several languages. Mandatory input.</p>
        </desc>
</t>
<t>
<field>MNE.NAME</field>
<desc>
            <p>Identifies the calculation to be used to CALC columns. </p>
            <p>  This field is used to store values of intermediate calculations which could be used as TOTAL COLUMN (Field 20.1.1) for columns defined as 'CALC' in COLUMN TYPE (Field 14.1). </p>
            <p />
            <p>  Example 1: Line          | Opening   |  Debit    |    % Description   | Balance   | Movement  |   MVMT               |           |           | Cash on hand  |100,000.00 |200,000.00 |  ***** Due from banks|500,000.00 |800,000.00 |  60.00 Deposits      |100,000.00 | 95,000.00 |  -5.00 </p>
            <p>  14.1       OPENINGBAL         (ID OF RE.STAT.COLUMN.TYPE) 14.2       CLOSINGBAL         (ID OF RE.STAT.COLUMN.TYPE) 14.3       CALC 16.3       2 17.2       2 18.3       NO 19.3.1     ADD 20.3.1     CLOSINGBAL 19.3.2     SUBTRACT 20.3.2     OPENINGBAL 19.3.3     MULTIPLY 21.3.3     100.00 19.3.4     DIVIDE 20.3.4     OPENINGBAL 22.3.1     % 23.3.1     MVMT </p>
            <p>  Example 2: </p>
            <p>  The same report produced in example 1 could be done using fields 24.1 to 27.1.1 </p>
            <p>             14.1 OPENINGBAL            14.2 CLOSINGBAL            14.3 CALC            16.3 5            17.3 2            18.3 NO            19.3.1   ADD            20.3.1   MOVEMENT            19.3.2   MULTIPLY            21.3.3   100.00            19.3.4   DIVIDE            20.3.4   OPENINGBAL            22.3.1   PERCENT            22.3.2   MVMT            24.1 MOVEMENT            25.1.1   ADD            26.1.1   CLOSINGBAL            25.1.2   SUBTRACT            26.1.2   OPENINGBAL </p>
            <p>
                <p>Validation Rules:</p>
            </p>
            <p>  Up to 10 alphanumeric characters. Multivalue associated with fields 25.1.1 to 27.1.1. Mandatory input when associated fields are not null; otherwise not required.</p>
            <p>  Cannot be any of the normal COLUMN TYPES (Field 14.1) used in this report.</p>
            <p>  Once defined must be used in at least one calculation within the report. The following examples will clarify the use of fields 24.1 to 27.1.1.</p>
        </desc>
</t>
<t>
<field>ZERO.SUPP.TOT</field>
<desc>
            <p>Specifies whether zero values are to be suppressed or printed on total lines. </p>
            <p>  For a report the zero values on all total lines can be suppressed or printed.  The option chosen applies to all the total lines within the report and can not be varied for individual lines.  The previous field ZERO SUPP DET handles the detail lines option. </p>
            <p>
                <p>Validation Rules:</p>
            </p>
            <p>  Can be one of the following: Y   - Suppress printing of zeros N(o) or Null - print zeros Optional input. Print program assumes No.</p>
        </desc>
</t>
<t>
<field>PROFIT</field>
<desc>
            <p>Controls whether profit and loss information is broken down according to the currency it was earned in or is accumulated under the local currency code. </p>
            <p>  All profit and loss transactions, although 'booked' in local currency only, contain the original source currency and amount. It is therefore possible to show (print) the source currency as well as or instead of the local currency on any report. </p>
            <p>
                <p>Validation Rules:</p>
            </p>
            <p>  Only the following values are accepted: .    LOCAL .    CURRENCY Mandatory input.</p>
        </desc>
</t>
<t>
<field>OUTPUT.MODE</field>
<desc>
            <p>This field has been reserved for future use. </p>
        </desc>
</t>
<t>
<field>K.HEADING</field>
<desc>
            <p>Help Text for this field is unavailable.  Please refer to the T24 User Guides for further information.</p>
        </desc>
</t>
<t>
<field>MAT.TO.MONTH.END</field>
<desc>
            <p>Indicates whether on the last working day of the month the time band should go to the last day of the month. </p>
            <p>  A value of "yes" indicates that on the last working day of the month, time bands will be calculated based on the last day of the month and monthly bands always give month end dates. </p>
            <p>
                <p>Validation Rules:</p>
            </p>
            <p>  Can be one of the following: Y -  indicates time bands are calculated from the last day of the month. NO - time bands are calculated from last working day of the month. Default of NO applies.</p>
        </desc>
</t>
<t>
<field>HEAD.2</field>
<desc>
            <p>Description (header information) to be printed in the header of the TOTAL COLUMN (line 2 of 2). </p>
            <p>  Example 1:  General Ledger - type 1 </p>
            <p>  Line          |Local Currency |Foreign Currency |Total Currency Description   |Actual Balance |Local ccy-Equiv  |Actual Balance Cash on hand  |  158,291.21 - |    1,824.82 -   |   160,116.03- Due from banks|  518,023.31 - |  500,000.00 -   | 1,018,023.31- etc.          |               |                 | </p>
            <p>  14.1       LCYBALANCE (ID of RE.STAT.COLUMN.TYPE) 14.2       FCYEQUIBAL (ID of RE.STAT.COLUMN.TYPE) 14.3       TOTAL 19.3.1     ADD 20.3.1     LCYBALANCE 19.3.2     ADD 20.3.2     FCYEQUIBAL 22.3.1     TOTAL CURRENCY 23.3.1     ACTUAL BALANCE </p>
            <p>  Example 2:  General Ledger - type 2 </p>
            <p>  Line          | Opening   |  Debit    |   Credit  |  Closing Description   | Balance   | Movement  | Movement  |  Balance               |           |           |           | Cash on hand  |128,000.00-| 38,116.03-|  6,000.00 |  160,116.03- Due from banks|818,023.31-|300,000.00-|100,000.00 |1,018,023.31- etc.          |           |           |           | </p>
            <p>  14.1       OPENINGBAL  (ID of RE.STAT.COLUMN.TYPE) 14.2       DEBITMOVE   (ID of RE.STAT.COLUMN.TYPE) 14.3       CREDITMOVE  (ID of RE.STAT.COLUMN.TYPE) 14.4       CLOSINGBAL  (ID of RE.STAT.COLUMN.TYPE) </p>
            <p>  Fields 15 to 23 will be blank. </p>
            <p>  Example 3: Line          | Opening   |  Debit    |    % Description   | Balance   | Movement  |   MVMT               |           |           | Cash on hand  |100,000.00 |200,000.00 |  ***** Due from banks|500,000.00 |800,000.00 |  60.00 Deposits      |100,000.00 | 95,000.00 |  -5.00 </p>
            <p>  14.1       OPENINGBAL         (ID OF RE.STAT.COLUMN.TYPE) 14.2       CLOSINGBAL         (ID OF RE.STAT.COLUMN.TYPE) 14.3       CALC 16.3       2 17.2       2 18.3       NO 19.3.1     ADD 20.3.1     CLOSINGBAL 19.3.2     SUBTRACT 20.3.2     OPENINGBAL 19.3.3     MULTIPLY 21.3.3     100.00 19.3.4     DIVIDE 20.3.4     OPENINGBAL 22.3.1     % 23.3.1     MVMT </p>
            <p>
                <p>Validation Rules:</p>
            </p>
            <p>  Up to 19 type A (alphanumeric) characters. Multivalue field to cater for header to be printed in several languages and associated with fields 14.1 to 22.1.1. Optional input when COLUMN TYPE = 'TOTAL' or 'CALC'; otherwise not allowed.</p>
            <p>  For 'TOTAL' column: The size of narrative allowed depends upon the AMOUNT UNITS (Field 9) in the report as follows: AMOUNT UNITS         Narrative size ALL/UNITS          19 Hundreds/Thousands     12 Part.Millions/Millions     8</p>
            <p>  For 'CALC' column: Narrative size = INTEGER SIZE (Field 16.1) plus DECIMAL SIZE (Field 17.1) plus 1 (for decimal point). The following examples will clarify the use of the fields 14 to 23.</p>
        </desc>
</t>
<t>
<field>REPORT.WIDTH</field>
<desc>
            <p>Specifies the width of the Report in number of characters.</p>
            <p>  When this field is set to a value, in DE.FORM.TYPE the value of the field FORM.WIDTH should be appropriately set for the Form related to the Report. The related Form for a Report could be specified in the field FORM.NAME of the  application REPORT.CONTROL.</p>
            <p>
                <p>Validation Rules:</p>
            </p>
            <p />
            <p>  Optional field.</p>
            <p>  If no value is specified,  default value would be taken as 132.</p>
            <p>  Should not be less than 132.</p>
        </desc>
</t>
<t>
<field>COLUMN.TYPE</field>
<desc>
            <p>Specifies the column type by either referring to an ID in the file RE.STAT.COLUMN.TYPE or declaring it as a 'TOTAL' column, or as a 'CALC' column. </p>
            <p>  If input consists of an ID in the file RE.STAT.COLUMN.TYPE all necessary additional characteristics of the column are defined there. If the COLUMN.TYPE value is equal to 'TOTAL' or 'CALC', the following fields in the multivalue association define column characteristics. </p>
            <p>  Note:      When a report is defined with only 2 columns and the            second column is declared as a 'TOTAL' column, total            will then be printed on their own in the second column. </p>
            <p>  The following examples will clarify the use of the fields 14 to 23. </p>
            <p>  Example 1:  General Ledger - type 1 </p>
            <p>  Line                      |Local Currency |Foreign Currency |Total Currency Description        |Actual Balance |Local ccy-Equiv     |Actual Balance Cash on hand    |  158,291.21 -      |    1,824.82 -              | 160,116.03- Due from banks|  518,023.31 -      |  500,000.00 -            | 1,018,023.31- etc.                        |                              |                      | </p>
            <p>  14.1       LCYBALANCE (ID of RE.STAT.COLUMN.TYPE) 14.2       FCYEQUIBAL (ID of RE.STAT.COLUMN.TYPE) 14.3       TOTAL 19.3.1     ADD 20.3.1     LCYBALANCE 19.3.2     ADD 20.3.2     FCYEQUIBAL 22.3.1     TOTAL CURRENCY 23.3.1     ACTUAL BALANCE </p>
            <p>  Example 2:  General Ledger - type 2 </p>
            <p>  Line                    | Opening     |  Debit           |   Credit |  Closing Description      | Balance     | Movement  | Movement  |  Balance                              |                      |   |                       | Cash on hand  |128,000.00-|      38,116.03-|      6,000.00 |  160,116.03- Due from banks|818,023.31-|300,000.00-|100,000.00 |1,018,023.31- etc.           |           |           |           | 14.1       OPENINGBAL  (ID of RE.STAT.COLUMN.TYPE) 14.2       DEBITMOVE   (ID of RE.STAT.COLUMN.TYPE) 14.3       CREDITMOVE  (ID of RE.STAT.COLUMN.TYPE) 14.4       CLOSINGBAL  (ID of RE.STAT.COLUMN.TYPE) </p>
            <p>  Fields 15 to 23 will be blank. </p>
            <p>  Example 1: Line          | Opening   |  Debit    |    % Description   | Balance   | Movement  |   MVMT               |           |           | Cash on hand  |100,000.00 |200,000.00 |  ***** Due from banks|500,000.00 |800,000.00 |  60.00 Deposits      |100,000.00 | 95,000.00 |  -5.00 </p>
            <p>  14.1       OPENINGBAL         (ID OF RE.STAT.COLUMN.TYPE) 14.2       CLOSINGBAL         (ID OF RE.STAT.COLUMN.TYPE) 14.3       CALC 16.3       2 17.2       2 18.3       NO 19.3.1     ADD 20.3.1     CLOSINGBAL 19.3.2     SUBTRACT 20.3.2     OPENINGBAL 19.3.3     MULTIPLY 21.3.3     100.00 19.3.4     DIVIDE 20.3.4     OPENINGBAL 22.3.1     % 23.3.1     MVMT </p>
            <p>
                <p>Validation Rules:</p>
            </p>
            <p>  Up to 10 type A (alphanumeric) characters. Multivalue field associated with fields 15.1 to 23.1.1. Mandatory input.</p>
            <p>  Input must be an ID in the file RE.STAT.COLUMN.TYPE or value must be equal to 'TOTAL' or equal to 'CALC'.</p>
            <p>  All the columns must belong to the same group on any one report (Refer to field 1 in RE.STAT.COLUMN.TYPE).</p>
            <p>  A column name can not be duplicated on any one report.</p>
        </desc>
</t>
<t>
<field>MNE.COLUMN</field>
<desc>
            <p>Specifies the ID of the column (File RE.STAT.COLUMN.TYPE) which is to be taken into account when calculating the value of the MNE NAME (Field 24.1). </p>
            <p>  Example 1: Line          | Opening   |  Debit    |    % Description   | Balance   | Movement  |   MVMT               |           |           | Cash on hand  |100,000.00 |200,000.00 |  ***** Due from banks|500,000.00 |800,000.00 |  60.00 Deposits      |100,000.00 | 95,000.00 |  -5.00 </p>
            <p>  14.1       OPENINGBAL         (ID OF RE.STAT.COLUMN.TYPE) 14.2       CLOSINGBAL         (ID OF RE.STAT.COLUMN.TYPE) 14.3       CALC 16.3       2 17.2       2 18.3       NO 19.3.1     ADD 20.3.1     CLOSINGBAL 19.3.2     SUBTRACT 20.3.2     OPENINGBAL 19.3.3     MULTIPLY 21.3.3     100.00 19.3.4     DIVIDE 20.3.4     OPENINGBAL 22.3.1     % 23.3.1     MVMT </p>
            <p>  Example 2: </p>
            <p>  The same report produced in example 1 could be done using fields 24.1 to 27.1.1 </p>
            <p>             14.1 OPENINGBAL            14.2 CLOSINGBAL            14.3 CALC            16.3 5            17.3 2            18.3 NO            19.3.1   ADD            20.3.1   MOVEMENT            19.3.2   MULTIPLY            21.3.3   100.00            19.3.4   DIVIDE            20.3.4   OPENINGBAL            22.3.1   PERCENT            22.3.2   MVMT            24.1 MOVEMENT            25.1.1   ADD            26.1.1   CLOSINGBAL            25.1.2   SUBTRACT            26.1.2   OPENINGBAL </p>
            <p>
                <p>Validation Rules:</p>
            </p>
            <p>  Up to 10 alphanumeric characters. Multivalue field associated with 24.1, 25.1.1 and 27.1.1 Optional input when MNE NAME (Field 24.1) present; otherwise should not be entered.</p>
            <p>  Input must be an ID of the file RE.STAT.COLUMN.TYPE and must have been defined in COLUMN TYPE (Field 10.1).</p>
            <p>  Cannot be entered along with MNE CONSTANT (Field 27.1.1).</p>
            <p>  This field and MNE CONSTANT (Field 27.1.1) both cannot be null for any multivalue. The following examples will clarify the use of fields 24.1 and 27.1.1.</p>
        </desc>
</t>
<t>
<field>TOTAL.PARAM</field>
<desc>
            <p>Controls how a column becomes part of t'TOTAL' or 'CALC' column value through an arithmetic functio </p>
            <p>  Example 1:  General Ledger - type Line          |Local Currency |Foreign Currency |TotCurrency Description   |Actual Balance |Local ccy-Equiv  |Actuallance Cash on hand  |  158,291.21 - |    1,824.82 -   |   160,113- Due from banks|  518,023.31 - |  500,000.00 -   | 1,018,023.3 etc.          |               |                 | </p>
            <p>  14.1       LCYBALANCE (ID of RE.STAT.COLUMN.TYPE) 14.2       FCYEQUIBAL (ID of RE.STAT.COLUMN.TYPE) 14.3       TOTAL 19.3.1     ADD 20.3.1     LCYBALANCE 19.3.2     ADD 20.3.2     FCYEQUIBAL 22.3.1     TOTAL CURRENCY 23.3.1     ACTUAL BALANCE </p>
            <p>  Example 2:  General Ledger - type 2 </p>
            <p>  Line          | Opening   |  Debit    |   Credit  |  Closing Description   | Balance   | Movement  | Movement  |  Balance               |           |           |           | Cash on hand  |128,000.00-| 38,116.03-|  6,000.00 |  160,116.03- Due from banks|818,023.31-|300,000.00-|100,000.00 |1,018,023.31- etc.          |           |           |           | </p>
            <p>  14.1       OPENINGBAL  (ID of RE.STAT.COLUMN.TYPE) 14.2       DEBITMOVE   (ID of RE.STAT.COLUMN.TYPE) 14.3       CREDITMOVE  (ID of RE.STAT.COLUMN.TYPE) 14.4       CLOSINGBAL  (ID of RE.STAT.COLUMN.TYPE) </p>
            <p>  Fields 15 to 23 will be blank. Example 3: Line          | Opening   |  Debit    |    % Description   | Balance   | Movement  |   MVMT               |           |           | Cash on hand  |100,000.00 |200,000.00 |  ***** Due from banks|500,000.00 |800,000.00 |  60.00 Deposits      |100,000.00 | 95,000.00 |  -5.00 </p>
            <p>  14.1       OPENINGBAL         (ID OF RE.STAT.COLUMN.TYPE) 14.2       CLOSINGBAL         (ID OF RE.STAT.COLUMN.TYPE) 14.3       CALC 16.3       2 17.2       2 18.3       NO 19.3.1     ADD 20.3.1     CLOSINGBAL 19.3.2     SUBTRACT 20.3.2     OPENINGBAL 19.3.3     MULTIPLY 21.3.3     100.00 19.3.4     DIVIDE 20.3.4     OPENINGBAL 22.3.1     % 23.3.1     MVMT </p>
            <p>
                <p>Validation Rules:</p>
            </p>
            <p>  The following four values are accepted:.ADD SUBTRACT .    MIPLY .    DIVI Multivalue field associated with 14.1 to 18.1 and 20.1.1 to 23.1. Mandatory input whCOLUMN TYPE = 'TOTAL' or 'CALC' otherwise not allowed</p>
            <p>  Input is mandatory if value of UMN TYPE (Field 10.1) is equal to 'TOTAL' or 'CALC</p>
            <p>  Only And SUBTRACT allowed for COLUMN TYPE = TOT The following examples will clarify the use of the fields 14 to 2</p>
        </desc>
</t>
<t>
<field>MAT.INCLUSIVE</field>
<desc>
            <p>Indicates whether deals maturing on the last day of a time band should be within that band or the next. </p>
            <p>  A value of "yes" indicates that when comparing a deal maturity date is to the maturity band end a less than or equals comparison will be used.  i.e. if the maturity is equal to a time band and date it will be printed in that band. </p>
            <p>
                <p>Validation Rules:</p>
            </p>
            <p>  Can be one of the following. Y -  indicates include last day maturity. NO - indicates last day maturity goes on next time band. Default of Y applies</p>
        </desc>
</t>
<t>
<field>TOT.CONSTANT</field>
<desc>
            <p>Specifies the constant to be taken into consideration when calculating the column value for 'TOTAL' and 'CALC' columns. </p>
            <p>  Example 1: Line          | Opening   |  Debit    |    % Description   | Balance   | Movement  |   MVMT               |           |           | Cash on hand  |100,000.00 |200,000.00 |  ***** Due from banks|500,000.00 |800,000.00 |  60.00 Deposits      |100,000.00 | 95,000.00 |  -5.00 </p>
            <p>  14.1       OPENINGBAL         (ID OF RE.STAT.COLUMN.TYPE) 14.2       CLOSINGBAL         (ID OF RE.STAT.COLUMN.TYPE) 14.3       CALC 16.3       2 17.2       2 18.3       NO 19.3.1     ADD 20.3.1     CLOSINGBAL 19.3.2     SUBTRACT 20.3.2     OPENINGBAL 19.3.3     MULTIPLY 21.3.3     100.00 19.3.4     DIVIDE 20.3.4     OPENINGBAL 22.3.1     % 23.3.1     MVMT </p>
            <p>
                <p>Validation Rules:</p>
            </p>
            <p>  Up to 11 numeric characters. Multivalue field associated with field 14.1 to 20.1.1 and 22.1.1. to 23.1.1. Optional input when COLUMN TYPE = 'TOTAL' or 'CALC'; otherwise not allowed.</p>
            <p>  Input must be present if COLUMN TYPE is 'TOTAL' or 'CALC' and associated TOTAL COLUMN (Field 20.1.1) is null; otherwise should be null. The following examples will clarify the use of fields 14 to 23.</p>
        </desc>
</t>
<t>
<field>SPLIT</field>
<desc>
            <p>Controls the sections of the report and their print sequence in relation to the currency contents (information). </p>
            <p>  ALL      One section containing local currency and                     equivalent of foreign currencies. </p>
            <p>             CURRENCY           One section per currency                               including local currency. </p>
            <p>             LOCAL              One section containing local                               currency only. </p>
            <p>             BY.FOREIGN         One section per currency                               without local currency. </p>
            <p>             TOTAL.FOREIGN      One section containing the                               equivalent of foreign                               currencies only. </p>
            <p>  Note:      It is very important to define properly the content of            this field according to the nature of the report that the            user wants to produce.  The following 3 examples will            perhaps clarify the use of this field: </p>
            <p>             1.   General Ledger </p>
            <p>                  For the production of the General Ledger report,                 the user will probably define 'ALL' in this field. </p>
            <p>             2.   Foreign Currency Control Ledger </p>
            <p>                  For the production of FCCL report, the user will                 probably define 'BY.CURRENCY' in this field                 together with columns of a TYPE 3 equal to                 'CURRENCY'. </p>
            <p>             3.   Local Currency Control Ledger </p>
            <p>                  For the production of the LCCL report, the user                 will probably define 'LOCAL' in this field. </p>
            <p>
                <p>Validation Rules:</p>
            </p>
            <p>  The following values will only be accepted: .    ALL .    CURRENCY .    LOCAL .    BY.FOREIGN .    TOTAL.FOREIGN Mandatory input.</p>
        </desc>
</t>
<t>
<field>NARRATIVE</field>
<desc>
            <p>Reserved for future use </p>
            <p />
            <p />
            <p>
                <p>Validation Rules:</p>
            </p>
            <p>  Rules</p>
        </desc>
</t>
<t>
<field>NARR.HD.1</field>
<desc>
            <p>Text to be printed as header information for the narrative (description) for each report line. (line 1 of 2). </p>
            <p>  The actual length of the field will be equal to the length defined in the corresponding multivalue occurrence of LINE NARR SIZE (Field 5.1). </p>
            <p>
                <p>Validation Rules:</p>
            </p>
            <p>  Up to 35 type A (alphanumeric) characters. Multivalue field associated with fields 5.1 and 7.1.  Sub value field to cater for heading to be set up in several languages. Optional input;  Default = None.</p>
        </desc>
</t>
<t>
<field>INCL.GAAP.TYPE</field>
<desc>
            <p>This field will hold position type to be included in report.</p>
        </desc>
</t>
<t>
<field>NARR.HD.2</field>
<desc>
            <p>Text to be printed as header information for the narrative (description) for each report line. (line 2 of 2) </p>
            <p>  The actual length of the field will be equal to the length defined in the corresponding multivalue occurrence of LINE NARR SIZE (Field 5.1). </p>
            <p>
                <p>Validation Rules:</p>
            </p>
            <p>  Up to 35 type A (alphanumeric) characters. Multivalue field associated with fields 5.1 and 6.1.  Sub value field to cater for heading to be set up in several languages. Optional input;  Default = None.</p>
        </desc>
</t>
<t>
<field>MNE.CONSTANT</field>
<desc>
            <p>Specifies the constant to be used for calculation of the value of MNE NAME (Field 24.1). </p>
            <p>
                <p>Validation Rules:</p>
            </p>
            <p>  Up to 11 numeric characters. Multivalue field associated with fields 24.1 to 26.1.1. Optional input when MNE NAME (Field 24.1) is not null; otherwise not required.</p>
            <p>  Cannot be present when MNE COLUMN (Field 26.1.1) is present.</p>
            <p>  At least one of the two fields - this field or MNE COLUMN (Field 26.1.1) must be present for a multivalue set.</p>
        </desc>
</t>
<t>
<field>SPLIT.INC.EXC</field>
<desc>
            <p>Reserved for future use </p>
            <p />
            <p />
        </desc>
</t>
<t>
<field>DESCRIPTION</field>
<desc>
            <p>Narrative (enrichment) of REPORT NAME (Field 0). </p>
            <p>
                <p>Validation Rules:</p>
            </p>
            <p>  Up to 35 type A (alphanumeric) characters. Multivalue field to cater for narrative to be set up in several languages. Optional input;  Default = None.</p>
        </desc>
</t>
<t>
<field>NEG.AMT.FORMAT</field>
<desc>
            <p>This field allows the specification of the format for negative amounts to be definable. Currently the options available are ; </p>
            <p>  E formats a -ve number as &lt;123,456.12&gt; M formats a -ve number as 123,456.12- B formats a -ve number as 123,456.12db N formats a -ve number as 123,456.12 null format a -ve numner as -123456.12 </p>
            <p>
                <p>Validation Rules:</p>
            </p>
            <p />
            <p>  Input must be either E, M, B or N</p>
            <p>  Optional input.</p>
        </desc>
</t>
<t>
<field>MAINTAIN.BALANCE</field>
<desc>
            <p>Specifies whether line balances are to be recorded for this report. 'DETAIL' - denotes that details of individual movements behind the line are to be recorded by default. 'SUMMARY' - denotes that only line level movements and balances are to be recorded by default. No Value indicates that no balances will be recorded. </p>
            <p>
                <p>Validation Rules:</p>
            </p>
            <p>  Valid values are 'DETAIL' &amp; 'SUMMARY'</p>
            <p>  Input Optional</p>
        </desc>
</t>
<t>
<field>HEAD.1</field>
<desc>
            <p>Description (header information) to be printed in the header of the TOTAL COLUMN (line 1 of 2) or CALC COLUMN. </p>
            <p>  Example 1:  General Ledger - type 1 </p>
            <p>  Line          |Local Currency |Foreign Currency |Total Currency Description   |Actual Balance |Local ccy-Equiv  |Actual Balance Cash on hand  |  158,291.21 - |    1,824.82 -   |   160,116.03- Due from banks|  518,023.31 - |  500,000.00 -   | 1,018,023.31- etc.          |               |                 | </p>
            <p>  14.1       LCYBALANCE (ID of RE.STAT.COLUMN.TYPE) 14.2       FCYEQUIBAL (ID of RE.STAT.COLUMN.TYPE) 14.3       TOTAL 19.3.1     ADD 20.3.1     LCYBALANCE 19.3.2     ADD 20.3.2     FCYEQUIBAL 22.3.1     TOTAL CURRENCY 23.3.1     ACTUAL BALANCE </p>
            <p>  Example 2:  General Ledger - type 2 </p>
            <p>  Line          | Opening   |  Debit    |   Credit  |  Closing Description   | Balance   | Movement  | Movement  |  Balance Cash on hand  |128,000.00-| 38,116.03-|  6,000.00 |  160,116.03- Due from banks|818,023.31-|300,000.00-|100,000.00 |1,018,023.31- etc.          |           |           |           | </p>
            <p>  14.1       OPENINGBAL  (ID of RE.STAT.COLUMN.TYPE) 14.2       DEBITMOVE   (ID of RE.STAT.COLUMN.TYPE) 14.3       CREDITMOVE  (ID of RE.STAT.COLUMN.TYPE) 14.4       CLOSINGBAL  (ID of RE.STAT.COLUMN.TYPE) Fields 15 to 23 will be blank. </p>
            <p>  Example 3: Line          | Opening   |  Debit    |    % Description   | Balance   | Movement  |   MVMT               |           |           | Cash on hand  |100,000.00 |200,000.00 |  ***** Due from banks|500,000.00 |800,000.00 |  60.00 Deposits      |100,000.00 | 95,000.00 |  -5.00 </p>
            <p>  14.1       OPENINGBAL         (ID OF RE.STAT.COLUMN.TYPE) 14.2       CLOSINGBAL         (ID OF RE.STAT.COLUMN.TYPE) 14.3       CALC 16.3       2 17.2       2 18.3       NO 19.3.1     ADD 20.3.1     CLOSINGBAL 19.3.2     SUBTRACT 20.3.2     OPENINGBAL 19.3.3     MULTIPLY 21.3.3     100.00 19.3.4     DIVIDE 20.3.4     OPENINGBAL 22.3.1     % 23.3.1     MVMT </p>
            <p>
                <p>Validation Rules:</p>
            </p>
            <p>  Up to 19 type A (alphanumeric) characters. Multivalue field to cater for header to be printed in several languages and associated with fields 14.1 to 21.1.1 and 23.1.1. Mandatory input when COLUMN TYPE = 'TOTAL' or 'CALC'; otherwise not allowed.</p>
            <p>  For 'TOTAL' column: The size of narrative allowed depends upon the AMOUNT UNITS (Field 9) in the report as follows: AMOUNT UNITS  Narrative size ALL/UNITS         19 Hundreds/Thousands   12 Part.Millions/Millions     8</p>
            <p>  For 'CALC' column: Narrative size = INTEGER SIZE (Field 16.1) plus DECIMAL SIZE (Field 17.1) plus 1 (for decimal point). The following examples will clarify the use of the fields 14 to 23.</p>
        </desc>
</t>
<t>
<field>REPORT.NAME</field>
<desc>
            <p>Name of the report for which the layout is specified. </p>
            <p>  Either a report name or a report name plus a second component (separated by a full stop) can be used as the key to this file.  A second component is used when different details in the header record are required, but the same report lines are to be used. </p>
            <p>
                <p>Validation Rules:</p>
            </p>
            <p>  Up to 21 type A (alphanumeric) characters, split into 2 sections of 10 characters each separated by a '.' (full stop). Mandatory input.</p>
            <p>  If there is a second component, then there must be a record already present for the first component (Report name).</p>
        </desc>
</t>
<t>
<field>INTEGER.SIZE</field>
<desc>
            <p>Maximum no of digits to be printed to the left of the decimal point for a 'CALC' column. </p>
            <p>  If the calculated value of a CALC column for any report line exceeds the maximum number that can be formed by the integer size specified, then a row of asterisks appears in that 'CALC' column. </p>
            <p>  Example 1: </p>
            <p>  Line          | Opening   |  Debit    |    % Description   | Balance   | Movement  |   MVMT               |           |           | Cash on hand  |100,000.00 |200,000.00 |  ***** Due from banks|500,000.00 |800,000.00 |  60.00 Deposits      |100,000.00 | 95,000.00 |  -5.00 </p>
            <p>  14.1       OPENINGBAL         (ID OF RE.STAT.COLUMN.TYPE) 14.2       CLOSINGBAL         (ID OF RE.STAT.COLUMN.TYPE) 14.3       CALC 16.3       2 17.2       2 18.3       NO 19.3.1     ADD 20.3.1     CLOSINGBAL 19.3.2     SUBTRACT 20.3.2     OPENINGBAL 19.3.3     MULTIPLY 21.3.3     100.00 19.3.4     DIVIDE 20.3.4     OPENINGBAL 22.3.1     % 23.3.1     MVMT </p>
            <p>
                <p>Validation Rules:</p>
            </p>
            <p>  Up to 2 numeric characters. Multivalue field associated with fields 14.1 to 15.1 and 17.1 to 23.1.1. Mandatory input when COLUMN TYPE is 'CALC'; otherwise not allowed.</p>
        </desc>
</t>
<t>
<field>MNE.PARAM</field>
<desc>
            <p>Controls how a column or a constant becomes part of the MNE NAME (Field 24.1) through an arithmetic function. </p>
            <p>  This and the next two fields are to be repeated for each column or constant that is to be included in calculation of the intermediate value. </p>
            <p>  The following examples will clarify use of fields 24.1 to 27.1.1. </p>
            <p>  Example 1: Line          | Opening   |  Debit    |    % Description   | Balance   | Movement  |   MVMT               |           |           | Cash on hand  |100,000.00 |200,000.00 |  ***** Due from banks|500,000.00 |800,000.00 |  60.00 Deposits      |100,000.00 | 95,000.00 |  -5.00 </p>
            <p>  14.1       OPENINGBAL         (ID OF RE.STAT.COLUMN.TYPE) 14.2       CLOSINGBAL         (ID OF RE.STAT.COLUMN.TYPE) 14.3       CALC 16.3       2 17.2       2 18.3       NO 19.3.1     ADD 20.3.1     CLOSINGBAL 19.3.2     SUBTRACT 20.3.2     OPENINGBAL 19.3.3     MULTIPLY 21.3.3     100.00 19.3.4     DIVIDE 20.3.4     OPENINGBAL 22.3.1     % 23.3.1     MVMT </p>
            <p>  Example 2: </p>
            <p>  The same report produced in example 1 could be done using fields 24.1 to 27.1.1 </p>
            <p>             14.1 OPENINGBAL            14.2 CLOSINGBAL            14.3 CALC            16.3 5            17.3 2            18.3 NO            19.3.1   ADD            20.3.1   MOVEMENT            19.3.2   MULTIPLY            21.3.3   100.00            19.3.4   DIVIDE            20.3.4   OPENINGBAL            22.3.1   PERCENT            22.3.2   MVMT            24.1 MOVEMENT            25.1.1   ADD            26.1.1   CLOSINGBAL            25.1.2   SUBTRACT            26.1.2   OPENINGBAL </p>
            <p>
                <p>Validation Rules:</p>
            </p>
            <p>  The following four values are accepted: .    ADD .    SUBTRACT .    MULTIPLY .    DIVIDE Multivalue field associated with 24.1 and 26.1.1 and 27.1.1. Mandatory input when MNE NAME (Field 24.1) is not null; otherwise not allowed.</p>
        </desc>
</t>
<t>
<field>DETAIL.MONTHS</field>
<desc>
            <p>This field is used to calculate the number of months that financial data is to be kept, from before the previous financial year end in RE.STAT.LINE.BAL and RE.STAT.LINE.MVMT</p>
            <p />
            <p>  For example the field LAST.YEAR.END in the COMPANY record is 31DEC2006</p>
            <p />
            <p>  if 1 is specified in this field then the system will keep the data for DEC2006</p>
            <p>  If 6 is specified in this field then the system will retain the data for JUL-DEC2006</p>
            <p />
            <p>
                <p>Validation Rules:</p>
            </p>
            <p>  Must be a number in the range 1-99</p>
        </desc>
</t>
<t>
<field>TOTAL.SPLIT</field>
<desc>
            <p>Reserved for future use </p>
            <p />
            <p />
        </desc>
</t>
<t>
<field>ABS.VALUE</field>
<desc>
            <p>Identifies whether the value of the column is to be printed as such or whether the absolute value is to be printed for CALC column. </p>
            <p>  Example 1: </p>
            <p>  Line          | Opening   |  Debit    |    % Description   | Balance   | Movement  |   MVMT Cash on hand  |100,000.00 |200,000.00 |  ***** Due from banks|500,000.00 |800,000.00 |  60.00 Deposits      |100,000.00 | 95,000.00 |  -5.00 </p>
            <p>  14.1       OINGBAL  (ID OF RE.STAT.COLUMN.TYPE) 14.2       CLOSBAL  (ID OF RE.STAT.COLUMN.TYP14.3CALC 3          2 17. 18.3       N9.3.1   ADD 2.1        CLOSINGBAL 19.3       SUBTRACT 20.3.2     NINGBAL 19.3.3     MULLY 21.3.3     100.00.3.4DIVIDE 204        OPENINGBAL 22.3. 23.3.1     MV Example 2: The same report as above bwith field 18.3 (ABS.VALUE) = 'YES' would result in a report as follow Line          | Opening   |  Debit |    % Description   | Balance   | Movement   MVMT Cash on hand  |100,000.00 |200,000.00 |  ** Due from banks|500,000.00 |800,000.00 |  60.Deposits |100,000.00 | 95,000.00 |   5.00 </p>
            <p>
                <p>Validation Rules:</p>
            </p>
            <p>  Up to 2 alphanumeric characters with the following values: Y  = To print the absolute value. No = Print the calculated value as such. Multivalue field associated with 14.1 to 17.1 and 19.1.1 to 23.1.1. The following examples clarify the use of fields 14 to 23.</p>
        </desc>
</t>
<t>
<field>AMOUNT.UNITS</field>
<desc>
            <p>Definition of amount format for the report. </p>
            <p>  The definition of the amount format is used to control the column widths. </p>
            <p>
                <p>Validation Rules:</p>
            </p>
            <p>  Input can be one of the following values: . ALL    Full amounts including decimal places. . UNITS  Full amounts but excluding decimal places. . HUNDREDS         Shown as decimal places of thousands. . THOUSANDS . PART.MILLIONS    shown as decimal places of millions. . MILLIONS Optional input.  Default value = 'ALL'.</p>
            <p>  Input can only be one of the above values. If no input is made, default used is 'ALL'.</p>
        </desc>
</t>
<t>
<field>BRANCH</field>
<desc>
            <p>Specifies the ID of the Company  for which the report  needs  to be generated.</p>
            <p>  It is possible to have two components in the variable parameters  of the consolidation file (CONSOLIDATE.ASST.LIAB and CONSOLIDATE.PRFT.LOSS) keys. The first and second components  of the variables would be updated  as per the definition in the default and  Company specific  CONSOLIDATE.COND records. When a report is defined, it is possible to specify whether it is a Company specific report, by setting the field BRANCH.MODE to 'Y'. Since Reports are common to  all Companies, this field would be  used to further specify the Company,  whose consolidation keys need to be fitted into the Report. For other Companies, the Report will not have any contents.  </p>
            <p>  If no value is specified for this field  (i.e. when BRANCH.MODE is Null or 'NO'), then the Report contents  would be determined for all Companies, using the default (first) component of consolidation key variables.</p>
            <p>  For example, the variable SECTOR is redefined for Company CO2 (ID:US0010002) in the CONSOLIDATE.COND records ASSET&amp;LIAB.US0010002 and PROFIT&amp;LOSS.US0010002. The Report CO2STD is required only for Company CO2, and its Lines are  defined with  values relevant to the Company CO2. In this case, the fields BRANCH.MODE and BRANCH should be respectively updated with "Y" and "US0010002"; The report would be generated only for the Company CO2 using the Company specific components of the consolidation variables.</p>
            <p />
            <p>
                <p>Validation Rules:</p>
            </p>
            <p />
            <p>  Should be the ID of a valid operational  Company.</p>
            <p>  Value not allowed if BRANCH.MODE is not "Y".</p>
            <p>  Mandatory if BRANCH.MODE is "Y".</p>
        </desc>
</t>
<t>
<field>BRANCH.MODE</field>
<desc>
            <p>Specifies whether the Report is Company specific. </p>
            <p>  It is possible to have two components in the record key variables of the consolidation files CONSOLIDATE.ASST.LIAB and CONSOLIDATE.PRFT.LOSS. The first and second components   would be respectively updated  as per the definitions in default and  Company specific  CONSOLIDATE.COND records. </p>
            <p>  When this field is set to 'Y', a Consolidation key value would be fitted into the Report   using the Company specific (second) component of the  key variables. If for a particular key variable, there is no  Company specific definition  (i.e. the key variable has only one component without  '_' suffixed ), then value of that variable would be used. </p>
            <p>  When this field is not set to  'Y', the consolidation keys would be fitted into the Report  using the default (first) component of the consolidation file key variables. </p>
            <p>  Example: The consolidation variable SECTOR is redefined for Company CO2 (ID:US0010002) in the CONSOLIDATE.COND records ASSET&amp;LIAB.US0010002 and PROFIT&amp;LOSS.US0010002. The Report CO2STD is  based on the Company specific values of consolidation keys. Lines of the report CO2STD are  defined with  values relevant to the Company CO2. The report CO2STD is relevant for Company CO2 only and the fields BRANCH.MODE and BRANCH are  respectively updated with 'Y' and 'US0010002'.  </p>
            <p>  If the value of this field is set to 'Y', while fitting the consolidation key  AC.1.TR.GBP.1001..1_10.5400_001.8530_8530._8.GB.003_._._100 into the Report,  for the first  and seventh variables which have only one component (since not  redefined in Company specific CONSOLIDATE.COND records), their  values '1001' and 'GB' of   would be used. However, for other variables which have  a second component, only those values  would be used. Thus the values of  '10'  for the third  variable '1_10', '001'  for the fourth variable '5400_001', '8530' for the fifth variable '8530_8530', '8'  for the sixth variable '_8', null for the eight variable '003_', null for the nineth variable '_' and '100'  for the tenth variable '_100' would be used.  </p>
            <p>  In the above case, if the value of this field is not set to 'Y', then for all the variables,  values of the first component would be used to fit into the Report.  Thus the values of 1001,null,1,5400,8530,null,GB,003,null,null  would be respectively used for the ten variables to fit into the Report. </p>
            <p />
            <p>
                <p>Validation Rules:</p>
            </p>
            <p />
            <p>  Allowed values are 'Y' and 'NO'</p>
            <p>  Default value is Null equivalent to 'NO'</p>
        </desc>
</t>
<t>
<field>LOCAL.REF</field>
<desc>
        <p>This is a multi valued field. Standard T24 alphanumeric field. </p>
        <p>
           <p>Validation Rules:</p>
        </p>
        <p> A maximum of 35 characters may be entered.</p>
    </desc>
</t>
<t>
<field>OVERRIDE</field>
<desc>
        <p>This is a multi valued field. </p>
        <p>Contains details of any override applicable to this record.</p>
        <p>
           <p>Validation Rules:</p>
        </p>
        <p> A maximum of 35 characters may be entered. This is a NOINPUT field.</p>
    </desc>
</t>
</menu>
</t24help>

