<?xml version="1.0" encoding="utf-8"?>
<t24help>
<header>
<product>RE</product>
<table>RE.STAT.LINE.CONT</table>
</header>
<overview>
<ovdesc>

        </ovdesc>
<ovimage></ovimage>
</overview>
<menu>
<t>
<field>TYPE</field>
<desc>
            <p>
                <p>Validation Rules:</p>
            </p>
            <p>Mandatory input.</p>
            <p>A maximum of 11 characters may be entered.</p>
            <p>The following values are permitted:       HEADING      TOTAL      DETAIL</p>
        </desc>
</t>
<t>
<field>SPACE.AFTER</field>
<desc>
            <p>Standard T24 alphanumeric field. </p>
            <p>
                <p>Validation Rules:</p>
            </p>
            <p>A maximum of 3 characters may be entered.</p>
        </desc>
</t>
<t>
<field>PRFT.CONSOL.KEY</field>
<desc>
            <p>Fields PRFT.CONSOL.KEY to  form a related multi value set. Standard T24 alphanumeric field. </p>
            <p>
                <p>Validation Rules:</p>
            </p>
            <p>A maximum of 65 characters may be entered.</p>
        </desc>
</t>
<t>
<field>TOTAL.ACCUM</field>
<desc>
            <p>This is a multi valued field. Standard T24 numeric field. </p>
            <p>
                <p>Validation Rules:</p>
            </p>
            <p>A maximum of 1 characters may be entered.</p>
        </desc>
</t>
<t>
<field>MAT.RANGE</field>
<desc>
            <p>Fields ASST.CONSOL.KEY to  form a related multi value set. Standard T24 alphanumeric field. </p>
            <p>
                <p>Validation Rules:</p>
            </p>
            <p>A maximum of 4 characters may be entered.</p>
        </desc>
</t>
<t>
<field>PROFIT.PERIOD</field>
<desc>
            <p>Standard T24 alphanumeric field. </p>
            <p>
                <p>Validation Rules:</p>
            </p>
            <p>A maximum of 3 characters may be entered.</p>
        </desc>
</t>
<t>
<field>SPACE.BEFORE</field>
<desc>
            <p>Standard T24 alphanumeric field. </p>
            <p>
                <p>Validation Rules:</p>
            </p>
            <p>A maximum of 3 characters may be entered.</p>
        </desc>
</t>
<t>
<field>K.DESC</field>
<desc>
            <p>Help Text for this field is unavailable.  Please refer to the T24 User Guides for further information.</p>
        </desc>
</t>
<t>
<field>TOTAL.PRINT</field>
<desc>
            <p>Standard T24 numeric field. </p>
            <p>
                <p>Validation Rules:</p>
            </p>
            <p>A maximum of 1 characters may be entered.</p>
        </desc>
</t>
<t>
<field>RECV.LINE.NO</field>
<desc>
            <p>Fields RECV.PERIOD to  form a related multi value set. Standard T24 numeric field. </p>
            <p>
                <p>Validation Rules:</p>
            </p>
            <p>A maximum of 4 characters may be entered.</p>
        </desc>
</t>
<t>
<field>SUPRESSION</field>
<desc>
            <p>
                <p>Validation Rules:</p>
            </p>
            <p>A maximum of 2 characters may be entered.</p>
            <p>The following values are permitted:       Y      NO</p>
        </desc>
</t>
<t>
<field>DESC</field>
<desc>
            <p>Help Text for this field is unavailable.  Please refer to the T24 User Guides for further information.</p>
        </desc>
</t>
<t>
<field>PROFIT.OPP.LINE</field>
<desc>
            <p>Standard T24 numeric field. </p>
            <p>
                <p>Validation Rules:</p>
            </p>
            <p>A maximum of 4 characters may be entered.</p>
        </desc>
</t>
<t>
<field>PROFIT.SIGN</field>
<desc>
            <p>Fields PRFT.CONSOL.KEY to  form a related multi value set. Standard T24 alphanumeric field. </p>
            <p>
                <p>Validation Rules:</p>
            </p>
            <p>A maximum of 6 characters may be entered.</p>
        </desc>
</t>
<t>
<field>REP.NAME.LINE.NO</field>
<desc>
            <p>
                <p>Validation Rules:</p>
            </p>
            <p>Mandatory input.</p>
            <p>A maximum of 14 characters may be entered.</p>
        </desc>
</t>
<t>
<field>RECV.PERIOD</field>
<desc>
            <p>Fields RECV.PERIOD to  form a related multi value set. Standard T24 alphanumeric field. </p>
            <p>
                <p>Validation Rules:</p>
            </p>
            <p>A maximum of 3 characters may be entered.</p>
        </desc>
</t>
<t>
<field>LL.DESC</field>
<desc>
            <p>This is a multi valued field. Standard T24 alphanumeric field. </p>
            <p>
                <p>Validation Rules:</p>
            </p>
            <p>A maximum of 35 characters may be entered.</p>
        </desc>
</t>
<t>
<field>K.TYPE</field>
<desc>
            <p>Help Text for this field is unavailable.  Please refer to the T24 User Guides for further information.</p>
        </desc>
</t>
<t>
<field>PROFIT.LINE.SIGN</field>
<desc>
            <p>Standard T24 alphanumeric field. </p>
            <p>
                <p>Validation Rules:</p>
            </p>
            <p>A maximum of 6 characters may be entered.</p>
        </desc>
</t>
<t>
<field>PROFIT.CCY</field>
<desc>
            <p>Fields PRFT.CONSOL.KEY to  form a related multi value set. Standard T24 alphanumeric field. </p>
            <p>
                <p>Validation Rules:</p>
            </p>
            <p>A maximum of 3 characters may be entered.</p>
        </desc>
</t>
<t>
<field>ASSET.OPP.LINE</field>
<desc>
            <p>Standard T24 numeric field. </p>
            <p>
                <p>Validation Rules:</p>
            </p>
            <p>A maximum of 4 characters may be entered.</p>
        </desc>
</t>
<t>
<field>ASSET.SIGN</field>
<desc>
            <p>Standard T24 alphanumeric field. </p>
            <p>
                <p>Validation Rules:</p>
            </p>
            <p>A maximum of 6 characters may be entered.</p>
        </desc>
</t>
<t>
<field>ASSET.TYPE</field>
<desc>
            <p>Fields ASST.CONSOL.KEY to  form a related multi value set. Standard T24 alphanumeric field. </p>
            <p>
                <p>Validation Rules:</p>
            </p>
            <p>A maximum of 12 characters may be entered.</p>
        </desc>
</t>
<t>
<field>ASST.CONSOL.KEY</field>
<desc>
            <p>Fields ASST.CONSOL.KEY to  form a related multi value set. Standard T24 alphanumeric field. </p>
            <p>
                <p>Validation Rules:</p>
            </p>
            <p>A maximum of 65 characters may be entered.</p>
        </desc>
</t>
</menu>
</t24help>

