<?xml version="1.0" encoding="utf-8"?>
<t24help>
<header>
<product>RE</product>
<table>STATIC.CHANGE.TODAY</table>
</header>
<overview>
<ovdesc></ovdesc>
<ovimage></ovimage>
</overview>
<menu>
<t>
<field>TXN.REF</field>
<desc>
            <p>Fields SYSTEM.ID to  form a related multi value set. Standard T24 alphanumeric field. </p>
            <p>
                <p>Validation Rules:</p>
            </p>
            <p> A maximum of 25 characters may be entered.</p>
        </desc>
</t>
<t>
<field>NEW.DATE</field>
<desc>
            <p>Fields SYSTEM.ID to  form a related multi value set. Standard T24 date field. </p>
            <p>
                <p>Validation Rules:</p>
            </p>
            <p> A maximum of 11 characters may be entered.</p>
        </desc>
</t>
<t>
<field>OLD.DATE</field>
<desc>
            <p>Fields SYSTEM.ID to  form a related multi value set. Standard T24 date field. </p>
            <p>
                <p>Validation Rules:</p>
            </p>
            <p> A maximum of 11 characters may be entered.</p>
        </desc>
</t>
<t>
<field>SYSTEM.ID</field>
<desc>
            <p>Fields SYSTEM.ID to  form a related multi value set. Standard T24 alphanumeric field. </p>
            <p>
                <p>Validation Rules:</p>
            </p>
            <p> A maximum of 3 characters may be entered.</p>
        </desc>
</t>
<t>
<field>NEW.TYPE</field>
<desc>
            <p>Fields SYSTEM.ID to  form a related multi value set. Standard T24 alphanumeric field. </p>
            <p>
                <p>Validation Rules:</p>
            </p>
            <p> A maximum of 12 characters may be entered.</p>
        </desc>
</t>
<t>
<field>NEW.PRODCAT</field>
<desc>
            <p>Fields SYSTEM.ID to  form a related multi value set. Standard T24 numeric field. </p>
            <p>
                <p>Validation Rules:</p>
            </p>
            <p> A maximum of 5 characters may be entered.</p>
        </desc>
</t>
<t>
<field>OLD.PRODCAT</field>
<desc>
            <p>Fields SYSTEM.ID to  form a related multi value set. Standard T24 numeric field. </p>
            <p>
                <p>Validation Rules:</p>
            </p>
            <p> A maximum of 5 characters may be entered.</p>
        </desc>
</t>
<t>
<field>PRODUCT</field>
<desc>
            <p>Fields SYSTEM.ID to  form a related multi value set. Standard T24 alphanumeric field. </p>
            <p>
                <p>Validation Rules:</p>
            </p>
            <p> A maximum of 2 characters may be entered.</p>
        </desc>
</t>
<t>
<field>NEW.CONSOL.KEY</field>
<desc>
            <p>Fields SYSTEM.ID to  form a related multi value set. Standard T24 alphanumeric field. </p>
            <p>
                <p>Validation Rules:</p>
            </p>
            <p> A maximum of 65 characters may be entered.</p>
        </desc>
</t>
<t>
<field>OLD.TYPE</field>
<desc>
            <p>Fields SYSTEM.ID to  form a related multi value set. Standard T24 alphanumeric field. </p>
            <p>
                <p>Validation Rules:</p>
            </p>
            <p> A maximum of 12 characters may be entered.</p>
        </desc>
</t>
<t>
<field>CUSTOMER</field>
<desc>
            <p>Fields SYSTEM.ID to  form a related multi value set. Standard T24 customer field. </p>
            <p>
                <p>Validation Rules:</p>
            </p>
            <p> A maximum of 10 characters may be entered.</p>
        </desc>
</t>
<t>
<field>INTEREST.KEY</field>
<desc>
            <p>Fields SYSTEM.ID to  form a related multi value set. Standard T24 numeric field. </p>
            <p>
                <p>Validation Rules:</p>
            </p>
            <p> A maximum of 4 characters may be entered.</p>
        </desc>
</t>
<t>
<field>CONTRACT.NO</field>
<desc>
            <p>Standard T24 alphanumeric field. </p>
            <p>
                <p>Validation Rules:</p>
            </p>
            <p> A maximum of 25 characters may be entered.</p>
        </desc>
</t>
<t>
<field>CONTRACT.VALUE.DATE</field>
<desc>
            <p>Description:</p>
            <p> It will be populated from application while updating this file to trigger generic static changes processing and this field value will later be updated in EB.CONTRACT.BALANCES.</p>
            <p />
            <p> Validation rules:</p>
            <p> • No input field -Updated by system</p>
            <p />
        </desc>
</t>
<t>
<field>CRF.TXN.CODE</field>
<desc>
            <p>Fields SYSTEM.ID to  form a related multi value set. Standard T24 alphanumeric field. </p>
            <p>
                <p>Validation Rules:</p>
            </p>
            <p> A maximum of 3 characters may be entered.</p>
        </desc>
</t>
<t>
<field>CURRENCY</field>
<desc>
            <p>Fields SYSTEM.ID to  form a related multi value set. Standard T24 currency field. </p>
            <p>
                <p>Validation Rules:</p>
            </p>
            <p> A maximum of 3 characters may be entered.</p>
        </desc>
</t>
<t>
<field>INTEREST.BASIS</field>
<desc>
            <p>Fields SYSTEM.ID to  form a related multi value set. Standard T24 alphanumeric field. </p>
            <p>
                <p>Validation Rules:</p>
            </p>
            <p> A maximum of 2 characters may be entered.</p>
        </desc>
</t>
<t>
<field>CURRENCY.MARKET</field>
<desc>
            <p>Fields SYSTEM.ID to  form a related multi value set. Standard T24 numeric field. </p>
            <p>
                <p>Validation Rules:</p>
            </p>
            <p> A maximum of 1 characters may be entered.</p>
        </desc>
</t>
<t>
<field>OLD.CONSOL.KEY</field>
<desc>
            <p>Fields SYSTEM.ID to  form a related multi value set. Standard T24 alphanumeric field. </p>
            <p>
                <p>Validation Rules:</p>
            </p>
            <p> A maximum of 65 characters may be entered.</p>
        </desc>
</t>
<t>
<field>INTEREST.RATE</field>
<desc>
            <p>Fields SYSTEM.ID to  form a related multi value set. Standard T24 numeric field. </p>
            <p>
                <p>Validation Rules:</p>
            </p>
            <p> A maximum of 011 characters may be entered.</p>
        </desc>
</t>
<t><field>CONTRACT.ACCT.OFFICER</field><desc><p>Help Text for this field is unavailable.  Please refer to the T24 User Guides for further information.</p></desc></t><t><field>CONTRACT.DEPT.CODE</field><desc><p>Help Text for this field is unavailable.  Please refer to the T24 User Guides for further information.</p></desc></t></menu>
</t24help>
