<?xml version="1.0" encoding="utf-8"?>
<t24help>
<header>
<product>TT</product>
<table>DENOM.TYPE</table>
</header>
<overview>
<ovdesc>

        </ovdesc>
<ovimage></ovimage>
</overview>
<menu>
<t>
<field>DENOM.TYPE</field>
<desc>
            <p>This file is used to define the various denomination types like Cash , Gift vouchers , Travellers cheque etc.
This can be attached to the TELLER.DENOMINATION, so that denominations in TELLER transaction can be filtered based on denom types.</p>
            <p>Validation Rules:
</p>
            <p>
                <p value="1">Alphanumeric characters.
</p>
                <p value="2">Requires minimum 2 characters.</p>
                <p value="3">A maximum 30 characters may be entered.</p>
            </p>
        </desc>
</t>
<t>
<field>DESCRIPTION</field>
<desc>
            <p> This field specifies the description for the denom type. This is a language field. </p>
            <p>Validation Rules:</p>
            <p>
                <p value="1">Alphanumeric characters.
</p>
                <p value="2">Requires minimum 3 characters.</p>
                <p value="3">Maximum 35 characters may be entered.</p>
            </p>
        </desc>
</t>
</menu>
</t24help>

