<?xml version="1.0" encoding="utf-8"?>
<t24help>
<header>
<product>TT</product>
<table>TELLER.ID</table>
</header>
<overview>
<ovdesc>

            <p>                       TELLER.ID </p>
            <p />
            <p>The TELLER.ID application is used to open tills, assign users to tills and close and balance tills. </p>
            <p>A user can only perform transactions on a till if the till is open AND he is assigned to that till. A user cannot be assigned to more than one open till at any one time but he can be 'transferred' to another till without performing a close. </p>
            <p>When closing a till the user is requested to enter the current cash amounts which are checked against the system balances. If any discrepancy is discovered an override allows the system to balance automatically by posting to the over/short accounts. </p>
        </ovdesc>
<ovimage></ovimage>
</overview>
<menu>
<t>
<field>UNIT</field>
<desc>
            <p>Specifies the number of units, associated with DENOMINATION, that are present when closing the till. </p>
            <p>When closing a till this field is cleared. The teller can then enter the number of units, in each denomination, and the TILL.BALANCE will be automatically calculated at [F5]. </p>
            <p>
                <p>Validation Rules:</p>
            </p>
            <p>9 numeric.</p>
        </desc>
</t>
<t>
<field>TILL.LIMIT</field>
<desc>
            <p>This field is to indicate whether the TILL level LIMIT definition is to be setup for respective tills</p>
            <p>It can hold values YES or NO and the default would be NO</p>
            <p>This is a control field to indicate that limit checking has been enabled for the respective TELLER.ID and this mandates the definition of limit related fields</p>
        </desc>
</t>
<t>
<field>DEF.FCY.EQV.LIM</field>
<desc>
            <p> This field will hold the foreign currency equivalent LIMIT AMOUNT in local currency for all the foreign currencies which are not defined in the LIMIT.CCY-LIMIT.AMOUNT multi-value fields</p>
            <p> The balance in the internal account of the present foreign currency teller transaction, which is not defined in LIMIT.CCY-LIMIT.AMOUNT multi-value set, will be converted to local currency equivalent , summed with the lcy converted teller transaction amount and compared against the amount defined  in this field to raise overrides for breach of limit  </p>
        </desc>
</t>
<t>
<field>NOTES</field>
<desc>
            <p>Allows you record information about a specific till closure. </p>
            <p>The notes field is cleared whenever the status of the till is changed from close to open. </p>
            <p>
                <p>Validation Rules:</p>
            </p>
            <p>35 Alphanumeric</p>
        </desc>
</t>
<t>
<field>LIMIT.CCY</field>
<desc>
            <p> This is a currency field and can take values from CURRENCY table, except the local currency of the current company.</p>
        </desc>
</t>
<t>
<field>OPENING.BALANCE</field>
<desc>
            <p>Specifies the system balance of the cash account at the time of opening the till. </p>
            <p>The current system balance will be moved to this field when the till is opened. This is for information purposes only - no processing is performed on this field. </p>
            <p>
                <p>Validation Rules:</p>
            </p>
            <p>19 Numeric characters. (Noinput field)</p>
        </desc>
</t>
<t>
<field>LIMIT.CATEGORY</field>
<desc>
            <p> Standard category field and will take value from CATEGORY table</p>
            <p> This can have only those categories found in TRAN.CATEGORY of TELLER.PARAMETER</p>
            <p> This is to distinguish the limit settings for CASH category and TC category to have a different limit set ups. </p>
        </desc>
</t>
<t>
<field>OVERRIDE</field>
<desc>
            <p>This is a multi valued field. Standard T24 alphanumeric field. </p>
            <p>
                <p>Validation Rules:</p>
            </p>
            <p>A maximum of 35 characters may be entered.</p>
            <p>This is a NOINPUT field.</p>
        </desc>
</t>
<t>
<field>PASSBOOK.DEVICE</field>
<desc>
            <p>This field is used to indicate to the system that the Teller has a connection to a Passbook printer, which could be physically attached to their workstation or accessible via a Network connection.</p>
            <p>The model number or make of the passbook device should be entered here and should match the name used in PRINTER.ID. Where printer commands are to be sent to the Passbook printer this name will be used to find the record on PRINTER.ATTRIBUTES together with the settings from TELLER.PASSBOOK field called ATTRIBUTE.</p>
            <p><strong>Example</strong>
            </p>
            <p>If we have a Passbook printer such as the Siemens HighPrint 4905 which needs a set of initialisation sequences to set the font, spacing etc. We would set the following values:</p>
            <table border="3" bgcolor="#FFFFFF">
                <tr>
                    <td><strong>Application</strong>
                    </td>
                    <td><strong>Field</strong>
                    </td>
                    <td><strong>Data</strong>
                    </td>
                </tr>
                <tr>
                    <td>PRINTER.ID</td>
                    <td>
                        <p>@ID</p>
                    </td>
                    <td>
                        <p>SIEMENHP</p>
                    </td>
                </tr>
                <tr>
                    <td>TELLER.ID</td>
                    <td>
                        <p>PASSBOOK.DEVICE</p>
                    </td>
                    <td>
                        <p>SIEMENHP</p>
                    </td>
                </tr>
                <tr>
                    <td>TELLER.PASSBOOK</td>
                    <td>
                        <p>ATTRIBUTE</p>
                    </td>
                    <td>
                        <p>INIT</p>
                    </td>
                </tr>
                <tr>
                    <td>PRINTER.ATTRIBUTES</td>
                    <td>
                        <p>@ID</p>
                    </td>
                    <td>
                        <p>SIEMENHP.INIT</p>
                    </td>
                </tr>
            </table>
            <p>Passbook updating will only take place if this field has been entered and the associated Printing files have been created.</p>
            <p>
                <p>Validation Rules:</p>
            </p>
            <p />
            <p>9 Alphanumeric</p>
        </desc>
</t>
<t>
<field>DENOMINATION</field>
<desc>
            <p>Specifies the denomination(s) that can be entered when closing the till. </p>
            <p>Defaulted when closing a till from the TELLER.DENOMINATIONS file. All sub-values with zero units will be removed at authorisation. </p>
            <p>
                <p>Validation Rules:</p>
            </p>
            <p>12 Alphanumeric.</p>
        </desc>
</t>
<t>
<field>TIME.OF.OPEN</field>
<desc>
            <p>Specifies the time when the till was opened. </p>
            <p>Automatically updated by the system. </p>
            <p>
                <p>Validation Rules:</p>
            </p>
            <p>4 Numeric characters (HHMM). (Noinput field)</p>
        </desc>
</t>
<t>
<field>TILL.BALANCE</field>
<desc>
            <p>Specifies the current amount of cash present in the till - as entered by the teller. </p>
            <p>The current amount of cash present in the till must be entered when closing the till. This will be compared with the system maintained balance and any differences are reported as overrides. If the Yes is answered to the overrides then the differences are posted to the over/short accounts and the system balance adjusted accordingly. </p>
            <p>
                <p>Validation Rules:</p>
            </p>
            <p>19 Numeric characters. (Input only when closing the till).</p>
        </desc>
</t>
<t>
<field>LIMIT.AMT</field>
<desc>
            <p>This is an amount field and the amount mentioned here will be in the currency defined in the associated multi value field LIMIT.CCY</p>
        </desc>
</t>
<t>
<field>STOCK.UPD</field>
<desc>
            <p>Field to indicate if denomination units inputted in TELLER.ID during till closure treat this as final stock with teller and overwrite the TT.STOCK.CONTROL</p>
            <p>Can hold values YES or null. Default value from TELLER.PARAMETER.</p>
            <p>If the value is YES update the TT.STOCK.CONTROL according to the denomination units and TC serial numbers entered in TELLER.ID during till closure</p>
            <p>If the value is null it’s an exising functionality which will raise an override to the extent of shortage/overage of balances and raise an entry to that extent but not update TT.STOCK.CONTROL.</p>
        </desc>
</t>
<t>
<field>LOCAL.REF</field>
<desc>
            <p>Identifies the Dealer Desk code applicable to the TELLER.ID being created</p>
            <p>
                <p>Validation Rules:</p>
            </p>
            <p />
            <p>2 alphanumeric characters in the range A-Z, a-z, plus         0-9. Optional input</p>
            <p>Must be an existing code in the DEALER.DESK table</p>
        </desc>
</t>
<t>
<field>DIFFERENCE</field>
<desc>
            <p>Specifies the difference between the TILL.CLOS.BAL (maintained by the system) and the TILL.BALANCE entered by the teller. </p>
            <p>Updated automatically - on entry of the TILL.BALANCE. </p>
            <p>
                <p>Validation Rules:</p>
            </p>
            <p>19 Numeric characters. (Noinput field)</p>
        </desc>
</t>
<t>
<field>TILL.CLOS.BAL</field>
<desc>
            <p>Specifies the current system balance - from the cash account. </p>
            <p>This field is updated ONLY when the system is being opened/closed. It is used for comparison with the input till balance when the till is being closed. </p>
            <p>The balance will be shown as negative. This is because it is a cash account and funds held in this type of account are always given a negative sign. </p>
            <p>You will be prevented from closing the till if this balance is positive - this means that the till has gone 'overdrawn' which should be impossible. This will have to be rectified either by TILL TRANSFERS or by DATA.CAPTURE (if another area of the system has removed funds) before the till can be closed. </p>
            <p>
                <p>Validation Rules:</p>
            </p>
            <p>18 Numeric characters. (Noinput field)</p>
        </desc>
</t>
<t>
<field>DATE.OF.OPEN</field>
<desc>
            <p>Specifies the (bank) date when the till was opened. </p>
            <p>Maintained automatically by the system. </p>
            <p>
                <p>Validation Rules:</p>
            </p>
            <p>8 Date type characters (YYYYMMDD). (Noinput field)</p>
        </desc>
</t>
<t>
<field>RESERVED.4</field>
<desc>
            <p />
            <p>
                <p>Validation Rules:</p>
            </p>
            <p />
            <p />
        </desc>
</t>
<t>
<field>STATUS</field>
<desc>
            <p>Defines the status of the teller position. </p>
            <p>Transactions can only be entered when the teller position is open and a user has been assigned to a till. </p>
            <p>The vault (defined on the TELLER.PARAMETER file) cannot be opened or closed, hence transfers can take place to and from the vault regardless of status. </p>
            <p>When closing the till the user will be prompted for the current till balance (TILL.BALANCE) and any differences (vs the TILL.CLOS.BAL - the current system balance) will be reported and can be optionally posted to the over &amp; short accounts. </p>
            <p>When opening the till the current system balance(s) must match the TILL.BALANCE otherwise the till cannot be opened. The difference must be rectified by transfers from Data Capture. </p>
            <p>
                <p>Validation Rules:</p>
            </p>
            <p>O     OPEN C     CLOSED</p>
        </desc>
</t>
<t>
<field>LOCAL.CCY.LIMIT</field>
<desc>
            <p>This field will hold the LOCAL currency LIMIT AMOUNT.</p>
            <p> The balance in the internal account of the present local currency teller transaction, summed with the teller transaction amount and compared against the amount defined  in this field to raise overrides for breach of limit   </p>
        </desc>
</t>
<t>
<field>TILL.TFR.ONLY</field>
<desc>
            <p>TELLER. ID</p>
            <p>TILL. TFR. ONLY</p>
            <p>Input in the field is either Yes or " "</p>
            <p>If input as Yes - the teller id of this record can be used for doing till-to-till transfers only.</p>
            <p>If left blank then only the usual restrictions on transactions apply. </p>
            <p>
                <p>Validation Rules:</p>
            </p>
            <p />
            <p>can be Yes or " "</p>
        </desc>
</t>
<t>
<field>TELLER.ID</field>
<desc>
            <p>Specifies the teller id number. </p>
            <p>This id identifies the teller position. </p>
            <p>
                <p>Validation Rules:</p>
            </p>
            <p>4 Numeric characters.</p>
        </desc>
</t>
<t>
<field>DEALER.DESK</field>
<desc>
            <p>Indicates the dealer desk to which this Teller belongs. Optional input</p>
            <p>
                <p>Validation Rules:</p>
            </p>
            <p />
            <p>Must be a valid record in the table DEALER.DESK </p>
        </desc>
</t>
<t>
<field>STMT.NO</field>
<desc>
            <p>This is a multi valued field. Standard T24 alphanumeric field. </p>
            <p>
                <p>Validation Rules:</p>
            </p>
            <p>A maximum of 14 characters may be entered.</p>
            <p>This is a NOINPUT field.</p>
        </desc>
</t>
<t>
<field>EXCLUDE.CCY</field>
<desc>
            <p> This is a currency field and can take values from CURRENCY table</p>
            <p> The transactions done in the currencies mentioned in this field will not be considered for limit checking.</p>
            <p> The values in this field(s) are mutually exclusive with the LIMIT.CCY field values. </p>
        </desc>
</t>
<t>
<field>TELLER.OFFICE</field>
<desc>
            <p>Holds the department or branch id, as defined in DEPT.ACCT.OFFICER, to which the teller position belongs. </p>
            <p>Normally used to allocate teller positions to a specific branch. This can then be used to output branch specific information on the deal slip or passbook, ie an address or branch code. This mechanism should be used rather than relying on the DEPARTMENT CODE on the USER file as an individual could be required to work in more than one branch. </p>
            <p>
                <p>Validation Rules:</p>
            </p>
            <p>4 Numeric (Optional)</p>
            <p>Must be a valid key on the DEPT.ACCT.OFFICER file.</p>
        </desc>
</t>
<t>
<field>RESERVED.5</field>
<desc>
            <p />
            <p>
                <p>Validation Rules:</p>
            </p>
            <p />
            <p />
        </desc>
</t>
<t>
<field>TIME.OF.CLOSE</field>
<desc>
            <p>Specifies the time when the till was closed. </p>
            <p>Automatically updated by the system. </p>
            <p>
                <p>Validation Rules:</p>
            </p>
            <p>4 Numeric characters (HHMM). (Noinput field)</p>
        </desc>
</t>
<t>
<field>LINKED.TILLS</field>
<desc>
            <p>TELLER. ID </p>
            <p>LINKED. TILLS</p>
            <p>Input allowed is valid teller id pertaining to the same user.</p>
            <p>The till(s) (TELLER.ID) mentioned here will be opened and closed automatically with the current one.</p>
            <p>
                <p>Validation Rules:</p>
            </p>
            <p />
            <p>Any valid teller id</p>
            <p />
        </desc>
</t>
<t>
<field>USER</field>
<desc>
            <p>Specifies the id of the user that has been assigned to this till. Only this user will be allowed to perform Input, Reverse, Delete etc to this till. </p>
            <p>Must be a valid entry on the USER file. A user cannot be assigned to two open tills at any one time. </p>
            <p>
                <p>Validation Rules:</p>
            </p>
            <p>16 Alphanumeric characters. (Noinput when the status is close)</p>
        </desc>
</t>
<t>
<field>AUTOCASH.DEVICE</field>
<desc>
            <p>Identification of autocash device installed at the teller position. </p>
            <p>Currently the only supported autocash device is a Nixdorf AKT. This field should contain the Identification Number of the AKT or be left blank if an AKT is not installed. If input, the current messages supported are OPEN, CLOSE, WITHDRAW, UNLOCK and PAID OUT. See Autocash &amp; Denomination processing in the Retail Bank module description. </p>
            <p>
                <p>Validation Rules:</p>
            </p>
            <p>9 Alphanumeric</p>
        </desc>
</t>
<t>
<field>CATEGORY</field>
<desc>
            <p>Specifies the category of the cash account to be balanced on closing. </p>
            <p>This is taken from the TELLER.PARAMETER file TRAN.CATEGORY. These are the cash accounts maintained for each teller to be balanced when closing the till. </p>
            <p>Only cash accounts should be balanced on till closure. Cheque clearing/collection type accounts should not be reconciled by the teller system. </p>
            <p>
                <p>Validation Rules:</p>
            </p>
            <p>5 Numeric characters. (Noinput field)</p>
        </desc>
</t>
<t>
<field>CURRENCY</field>
<desc>
            <p>Specifies the currency of the cash account. </p>
            <p>The currency of the cash account - the account number is defined as CCY:CATEGORY:TELLER.ID. This will determine where the balance is extracted from for comparison with the user input till balance. </p>
            <p>
                <p>Validation Rules:</p>
            </p>
            <p>3 Alpha characters. (Noinput field)</p>
        </desc>
</t>
<t>
<field>DATE.OF.CLOSE</field>
<desc>
            <p>Specifies the date when the till was closed. </p>
            <p>Automatically updated by the system. </p>
            <p>
                <p>Validation Rules:</p>
            </p>
            <p>8 Date type characters (YYYYMMDD). (Noinput field)</p>
        </desc>
</t>
</menu>
</t24help>

