<?xml version="1.0" encoding="utf-8"?>
<t24help>
<header>
<product>TT</product>
<table>TELLER.TRANSACTION</table>
</header>
<overview>
<ovdesc>

            <p>TELLER.TRANSACTION</p>
            <p />
            <p> This file defines the defaults and validation to be used for teller transactions.</p>
            <p> It defines the accounts to be used for both sides of the transaction, the charges to be applied (if any) the transaction codes, currency markets etc.</p>
        </ovdesc>
<ovimage></ovimage>
</overview>
<menu>
<t>
<field>RESERVE.2</field>
<desc>
            <p>Reserved for future use</p>
            <p />
        </desc>
</t>
<t>
<field>K.DESC</field>
<desc>
            <p>Internal descriptor field </p>
        </desc>
</t>
<t>
<field>TELLER.TRANSACTION</field>
<desc>
            <p>Specifies the Teller transaction code.</p>
            <p> Numeric code to identify the transaction type ie Cash Deposit, Buy Foreign Currency etc.</p>
            <p>
                <p>Validation Rules:</p>
            </p>
            <p>  1-10(Max Value) numeric characters Transaction Code. </p>
            <p>  The Maximum value is specified in EB.OBJECT for TRANSACTION. </p>
        </desc>
</t>
<t>
<field>VALID.ACCOUNTS.1</field>
<desc>
            <p>Determines the type of accounts which can be entered in side 1.</p>
            <p> Determines which type of account the user can specify in side 1 of the teller transaction.</p>
            <p> I      Internal only.            C      Customer only.            P      P&amp;L Category only.            A      Any.</p>
            <p>
                <p>Validation Rules:</p>
            </p>
            <p> I      Internal C      Customer P      P&amp;L Category A      Any</p>
        </desc>
</t>
<t>
<field>RES.7</field>
<desc>
            <p>Reserved for future use</p>
            <p />
        </desc>
</t>
<t>
<field>RES.8</field>
<desc>
            <p>Reserved for future use</p>
            <p />
        </desc>
</t>
<t>
<field>VERIFY.SIGNATURE</field>
<desc>
            <p>Specifies whether this transaction will display the customers signature on input of the account number.</p>
            <p> If YES then a signature will be displayed when debiting a customer account, when the SIG.HOT.KEY is depressed. If the signature is not displayed and VERIFY.SIGNATURE is Yes then an override will be required.</p>
            <p> Only applicable if the SIGNATURE system is installed.</p>
            <p>
                <p>Validation Rules:</p>
            </p>
            <p> Y      YES N      NO (Optional Input)</p>
        </desc>
</t>
<t>
<field>TELLER.TRANSFER</field>
<desc>
            <p>Specifies whether this transaction is a teller transfer.</p>
            <p> If the transaction is a teller transfer then both accounts must be internal, without a dept.acct.officer specified.</p>
            <p> The TELLER transaction will allow the TELLER.ID field to contain tellers other than the current user and verify that the side 1 and side 2 currencies are the same.</p>
            <p>
                <p>Validation Rules:</p>
            </p>
            <p> Y      YES N      NO</p>
        </desc>
</t>
<t>
<field>VALID.ACCOUNTS.2</field>
<desc>
            <p>Determines the type of accounts which can be entered in side 2.</p>
            <p> Determines which type of account the user can specify in side 2 of the teller transaction.</p>
            <p> I      Internal only.            C      Customer only.            P      P&amp;L Category only.            A      Any.</p>
            <p>
                <p>Validation Rules:</p>
            </p>
            <p> I      Internal C      Customer P      P&amp;L Category A      Any</p>
        </desc>
</t>
<t>
<field>CR.DENOM.TYPE</field>
<desc>
            <p>This determines the credit side denomination when DENOM.FILTER is set to YES. </p>
            <p>
                <p>Validation Rules:</p>
            </p>
            <p> Allows only a valid ID in DENOM.TYPE file</p>
            <p />
        </desc>
</t>
<t>
<field>RES.9</field>
<desc>
            <p>Reserved for future use</p>
            <p />
        </desc>
</t>
<t>
<field>RES.6</field>
<desc>
            <p>Reserved for future use</p>
            <p />
        </desc>
</t>
<t>
<field>CURR.MKT.2</field>
<desc>
            <p>Defines the currency market which holds the default rates.</p>
            <p> Defaults to 1.</p>
            <p>
                <p>Validation Rules:</p>
            </p>
            <p />
            <p> 2 Numeric characters.</p>
            <p> Must be a valid entry on the CURRENCY.MARKET file.</p>
        </desc>
</t>
<t>
<field>POS.TYPE.1</field>
<desc>
            <p>Defines the type of foreign exchange position for this transaction.</p>
            <p>
                <p>Validation Rules:</p>
            </p>
            <p> 2 Alpha characters.</p>
            <p> Must be a valid entry on the FX.POS.TYPE file.</p>
        </desc>
</t>
<t>
<field>TRANSACTION.CODE.2</field>
<desc>
            <p>Specifies the Transaction code used for posting entries to the side two account.</p>
            <p> Must be a valid entry on the TRANSACTION file. It determines if the account is being debited or credited, default value dates etc.</p>
            <p>
                <p>Validation Rules:</p>
            </p>
            <p> 1-10(Max Value) numeric characters Transaction Code. (Mandatory Input)</p>
            <p> The Maximum value is specified in EB.OBJECT for TRANSACTION. </p> 
        </desc>
</t>
<t>
<field>CURR.MKT.1</field>
<desc>
            <p>Defines the currency market which holds the default rates.</p>
            <p> Defaults to 1.</p>
            <p>
                <p>Validation Rules:</p>
            </p>
            <p />
            <p> 2 Numeric characters.</p>
            <p> Must be a valid entry on the CURRENCY.MARKET file.</p>
        </desc>
</t>
<t>
<field>RES.3</field>
<desc>
            <p>Reserved for future use</p>
            <p />
        </desc>
</t>
<t>
<field>DEFER.CHARGES</field>
<desc>
            <p>Specifies whether the charges defined under TELLER.TRANSACTION  for Cheque Collection has to be deferred or has to be collected immediately.</p>
            <p> If 'YES' is defined, charges will be deferred and will be collected at the time of changing the status of the Cheque Collection records to CLEARED or RETURNED</p>
            <p> If 'NO' is defined, charges will be collected immediately when the cheque collection record is created.</p>
            <p>
                <p>Validation Rules:</p>
            </p>
            <p />
            <p> Allowed values are 'YES' or 'NO'</p>
        </desc>
</t>
<t>
<field>RES.1</field>
<desc>
            <p>Reserved for future use</p>
            <p />
        </desc>
</t>
<t>
<field>DENOM.FILTER</field>
<desc>
            <p>"This field specifies whether denomination filtering should be applied to the TELLER transaction.</p>
            <p> If set to 'YES' then denominations pertaining to the particular CR.DENOM.TYPE or DR.DENOM.TYPE will be populated in the TELLER transaction."</p>
            <p>
                <p>Validation Rules:</p>
            </p>
            <p> Should be set to "YES" or null.</p>
            <p />
        </desc>
</t>
<t>
<field>DEAL.MARKET</field>
<desc>
            <p>Defines the currency market to be used when defaulting the currency rate for the deal.</p>
            <p> Defaults to the market defined for side 1.</p>
            <p> This field allows the user to default TELLER 'deals' with a            'tourist' rate. This rate will invariably be different to the            rates used for Foreign Exchange or Funds Transfer            operations.</p>
            <p>
                <p>Validation Rules:</p>
            </p>
            <p> 2 Numeric characters.</p>
            <p> Must be a valid entry on the CURRENCY.MARKET file or on the TELLER.CCY.MARKET file.</p>
        </desc>
</t>
<t>
<field>RES.10</field>
<desc>
            <p>Reserved for future use</p>
            <p />
        </desc>
</t>
<t>
<field>VALID.CURRENCIES.1</field>
<desc>
            <p>Determines which currencies are allowed to be specified for side 1.</p>
            <p> Determines which currency the user is allowed to specify when entering the side 1 information.</p>
            <p> L      Local currency only.            F      Foreign currency only.            A      Local or Foreign.</p>
            <p>
                <p>Validation Rules:</p>
            </p>
            <p> L      Local F      Foreign A      Any</p>
        </desc>
</t>
<t>
<field>DR.DENOM.TYPE</field>
<desc>
            <p>This determines the debit side denomination when DENOM.FILTER is set to YES. </p>
            <p />
            <p>
                <p>Validation Rules:</p>
            </p>
            <p> Allows only a valid ID in DENOM.TYPE file</p>
            <p />
        </desc>
</t>
<t>
<field>VALIDATE.SORT.CODE</field>
<desc>
            <p>This field can be used to indicate whether or not the sort code entered on the TELLER transaction should be validated.</p>
            <p>
                <p>Validation Rules:</p>
            </p>
            <p> Optional Input</p>
            <p> Valid values 'YES' or 'NO'</p>
        </desc>
</t>
<t>
<field>VALID.CURRENCIES.2</field>
<desc>
            <p>Determines which currencies are allowed to be specified for side 2.</p>
            <p> Determines which currency the user is allowed to specify when entering the side 2 information.</p>
            <p> L      Local currency only.            F      Foreign currency only.            A      Local or Foreign.</p>
            <p>
                <p>Validation Rules:</p>
            </p>
            <p> L      Local F      Foreign A      Any</p>
        </desc>
</t>
<t>
<field>CHG.TYPE</field>
<desc>
            <p>Field to configure which Account is to be defaulted as charge account either Account.1 or Account.2 in TELLER transaction</p>
            <p>If set,this field will be defaulted in CHG.TYPE field in TELLER transaction</p>
            <p>
                <p>Validation Rules:</p>
            </p>
            <p />
            <p>It will be allowed for only customer to customer transfer i.e.CUST.AC.TRANSFER field set as YES</p>
            <p>Can accept value as DEBIT PLUS CHARGES or CREDIT LESS CHARGES or Null.</p>
        </desc>
</t>
<t>
<field>CHARGE.CODE</field>
<desc>
            <p>This field defines the charge, commission or tax codes to apply to this transaction.</p>
            <p> Charges should not be collected for those transactions that are a child of a TFS </p>
            <p> If charges, commissions and/or tax is to be applied to this teller transaction then the relevant codes should be inserted here. The charge amounts, percentages etc are defined in the files:</p>
            <p> FT.CHARGE.TYPE            FT.COMMISSION.TYPE            TAX</p>
            <p> The code entered will be checked against each file consecutively.</p>
            <p> Please look at the helptext for each file for further details.</p>
            <p>
                <p>Validation Rules:</p>
            </p>
            <p> 11 Alphanumeric Characters</p>
        </desc>
</t>
<t>
<field>SHORT.DESC</field>
<desc>
            <p>Short description - used for enrichment of transaction type.</p>
            <p> Multi-Language short description.</p>
            <p>
                <p>Validation Rules:</p>
            </p>
            <p> Upto 15 Alphanumeric characters. (Mandatory Input)</p>
            <p> Minimum input 3 characters</p>
        </desc>
</t>
<t>
<field>RES.2</field>
<desc>
            <p>Reserved for future use</p>
            <p />
        </desc>
</t>
<t>
<field>TRANSACTION.CODE.1</field>
<desc>
            <p>Specifies the Transaction code used for posting entries to the side one account.</p>
            <p>
                <p>Validation Rules:</p>
            </p>
            <p> 1-10(Max Value) numeric characters Transaction Code. (Mandatory Input)</p>
            <p> The Maximum value is specified in EB.OBJECT for TRANSACTION. </p> 
            <p> Must be a valid entry on the TRANSACTION file. It determines if the account is being debited or credited, default value dates etc. hence, the DR/CR marker must be set.</p>
        </desc>
</t>
<t>
<field>RES.4</field>
<desc>
            <p>Reserved for future use</p>
            <p />
        </desc>
</t>
<t>
<field>CHARGE.MARKET</field>
<desc>
            <p>Defines the currency market to be used when calculating the conversion rate for charges.</p>
            <p> Defaults to the market defined for side 2.</p>
            <p>
                <p>Validation Rules:</p>
            </p>
            <p> 2 Numeric characters.</p>
            <p> Must be the same as the market defined for side 2.</p>
            <p> Must be valid entry on the CURRENCY.MARKET file or on the TELLER.CCY.MARKET file.</p>
        </desc>
</t>
<t>
<field>PRINT.ADVICE</field>
<desc>
            <p>Determines if the transaction should produce an advice by default.</p>
            <p> The advice, itself, is defined in ADVICE.VERSION and is produced when the TELLER hits the PRT.HOT.KEY defined in the TERMINAL record. If the teller omits this then an override is required.</p>
            <p>
                <p>Validation Rules:</p>
            </p>
            <p> Y      Yes N      No</p>
        </desc>
</t>
<t>
<field>RES.5</field>
<desc>
            <p>Reserved for future use</p>
            <p />
        </desc>
</t>
<t>
<field>CUST.AC.TRANSFER</field>
<desc>
            <p>Specifies whether the transaction is a customer transfer.</p>
            <p> If the transaction is a customer transfer then both sides must be a customer account and the TELLER transaction will ask for an override if the transfer is between different customers.</p>
            <p>
                <p>Validation Rules:</p>
            </p>
            <p> Y      YES N      NO</p>
        </desc>
</t>
<t>
<field>POS.TYPE.2</field>
<desc>
            <p>Defines the type of foreign exchange position for this transaction.</p>
            <p>
                <p>Validation Rules:</p>
            </p>
            <p> 2 Alpha characters.</p>
            <p> Must be a valid entry on the FX.POS.TYPE file.</p>
        </desc>
</t>
<t>
<field>DESC</field>
<desc>
            <p>The Description of the transaction.</p>
            <p> Description of transaction. Multivalued and multilanguage.</p>
            <p>
                <p>Validation Rules:</p>
            </p>
            <p> Upto 35 Alphanumeric characters. (Mandatory Input)</p>
            <p> Minimum input 3 characters</p>
        </desc>
</t>
<t>
<field>SPLIT.CHRG.ENTRIES</field>
<desc>
            <p>This field is used to split the charges and tax amounts as separate entries, from the credit or debit transaction amount of the account to which the charges and tax are attached.</p>
            <p> If 'YES' is defined in this field, the system will generate separate accounting entries for the charges and taxes attached to the credit or debit transaction, instead of netting them.</p>
            <p> If 'YES' is not defined and left blank, the charge/ tax amount will be adjusted with the respective debit or credit transaction and accounting entry will be raised for the net amount only.</p>
            <p> This feature is not available for transactions done through Multi -line Teller.</p>
            <p> Example:</p>
            <p> A cash deposit in a customer account of USD10000 has a charge of USD100 and tax of USD10.</p>
            <p> If SPLIT.CHRG.ENTRIES is defined as YES, the following accounting entries are raised:</p>
            <p />
            <p> For CUST.AC.TRANSFER field set as 'Yes',CHG.TYPE field has DEBIT PLUS CHARGES or CREDIT LESS CHARGES and irrespective of SPLIT.CHRG.ENTRIES field set as 'Yes' or 'No',</p>
            <p> If Third Account(i.e.Other than ACCOUNT.1 or ACCOUNT.2) used as Charge Account in TELLER transaction, system will create a seperate entry for Charges </p>
            <p />
            <p />
            <p />
            <p> The debit of USD100 for charges and USD10 for tax can be combined into a single debit as USD110, by using the combine transaction feature of TRANSACTION, as explained below.</p>
            <p> If SPLIT.CHRG.ENTRIES were left blank, the entries would be raised as below:</p>
            <p />
            <p />
            <p />
            <p />
            <p />
            <p />
            <p />
            <p />
            <p> In COMBINE.TXN field, along with other TRANSACTION codes that are to be combined with this selected TRANSACTION, the ID of this selected TRANSACTION code also is to be mentioned.</p>
            <p>
                <p>Validation Rules:</p>
            </p>
            <p />
            <p> Optional Field with valid values 'YES' or ' ' (Null)</p>
            <p> The value defined for this field in TELLER.PARAMETER is defaulted to     TELLER.TRANSACTIONS created subsequently.</p>
        </desc>
</t>
<t>
<field>ADVICE.VERSION</field>
<desc>
            <p>Defines the entry on the VERSION file or the DEAL.SLIP.FORMAT file which specifies the format of the advice.</p>
            <p> The DEAL.SLIP.FORMAT file definition of the advice to be printed is the preferred format although the VERSION mechanism is retained for earlier releases (pre 10.5.0).</p>
            <p> Multiple advices can be produced, although, this is only available for DEAL.SLIP.FORMAT advices.</p>
            <p>
                <p>Validation Rules:</p>
            </p>
            <p> 25 Alphanumeric characters. (Optional Input)</p>
            <p> Must be a valid entry on the VERSION file or DEAL.SLIP.FORMAT file. Mandatory if PRINT.ADVICE is YES.</p>
        </desc>
</t>
<t>
<field>AUTO.DENOMINATE</field>
<desc>
            <p>"Permitted input YES/NO/null. Default value of this field is null.</p>
            <p> When set to YES or null, the denominations in TELLER transaction will be automatically defaulted.</p>
            <p> When set to NO, the denominations will not be defaulted in TELLER transaction."</p>
            <p />
            <p> Validation rules:</p>
            <p> This is an optional field.</p>
            <p />
        </desc>
</t>
<t>
<field>CAT.DEPT.CODE.1</field>
<desc>
            <p>Specifies the Default category to post side 1 entry.</p>
            <p> This determines the internal account number or the P&amp;L category to which the side 1 amount will be posted.</p>
            <p> If side 1 is defined as customer (see VALID.ACCOUNTS) then this field must be blank.</p>
            <p> The internal account is determined using currency, category and department account officer. If the dept.acct.officer is blank then the teller id is used instead.</p>
            <p> The department account officer can also be in the format NN99.  In this case the internal account is constructed using currency, category, the first two digits of the teller id and 99.  Any number of digits can be defaulted in this way.  This facility can be used to support branch specific tills without the need to set up individual TELLER.TRANSACTIONS for each branch.</p>
            <p> If the entry is posted to a P&amp;L category then the DEPT.ACCT.OFFICER code is inserted into the account officer field of the entry.</p>
            <p>
                <p>Validation Rules:</p>
            </p>
            <p> 9 Numeric characters consisting of: 5 Numeric - CATEGORY Code 4 Numeric - optional DEPT.ACCT.OFFICER</p>
            <p> Must be a valid entry on the CATEGORY file combined with a valid DEPT.ACCT.OFFICER (optional).</p>
        </desc>
</t>
<t>
<field>CAT.DEPT.CODE.2</field>
<desc>
            <p>Specifies the Default category to post side 2 entry.</p>
            <p> This determines the internal account number or the P&amp;L category to which the side 2 amount will be posted.</p>
            <p> If side 2 is defined as customer (see VALID.ACCOUNTS) then this field must be blank.</p>
            <p> The internal account is determined using currency, category and department account officer. If the dept.acct.officer is blank then the teller id is used instead. The dept.acct.officer cannot be specified if the transaction is a teller transfer.</p>
            <p> If the entry is posted to a P&amp;L category then the DEPT.ACCT.OFFICER code is inserted into the account officer field of the entry.</p>
            <p>
                <p>Validation Rules:</p>
            </p>
            <p> 9 Numeric characters consisting of: 5 Numeric - CATEGORY Code 4 Numeric - optional DEPT.ACCT.OFFICER</p>
            <p> Must be a valid entry on the CATEGORY file combined with a valid DEPT.ACCT.OFFICER (optional).</p>
        </desc>
</t>
</menu>
</t24help>

