<?xml version="1.0" encoding="utf-8"?>
<t24help>
<header>
<product>TT</product>
<table>TELLER.PBOOK.PRINTED</table>
</header>
<overview>
<ovdesc>

            <p>This file holds the details of TODAY's passbook updates. It records the last STMT.ENTRY.ID and the last balance entered on the passbook. </p>
            <p>It is only applicable for TODAY's entries and is cleared during the end of day procedure when the ACCOUNT.STATEMENT &amp; associated files are updated - see batch process TELLER.PASSBOOK.STMT. The update of a passbook is viewed by the system in the same way as the production of a statement. </p>
        </ovdesc>
<ovimage></ovimage>
</overview>
<menu>
<t>
<field>ACCOUNT.NUMBER</field>
<desc>
            <p>The passbook account which has been updated. </p>
            <p>
                <p>Validation Rules:</p>
            </p>
            <p>16 ACCOUNT number NOINPUT</p>
        </desc>
</t>
<t>
<field>LAST.BALANCE</field>
<desc>
            <p>Holds the last balance printed on the passbook today. </p>
            <p>
                <p>Validation Rules:</p>
            </p>
            <p>19 Amount NOINPUT</p>
        </desc>
</t>
<t>
<field>LAST.STMT.ID</field>
<desc>
            <p>Holds the last statement entry id to be printed on the passbook today. </p>
            <p>
                <p>Validation Rules:</p>
            </p>
            <p>14 type A (alphanumeric) characters. NOINPUT</p>
        </desc>
</t>
</menu>
</t24help>

