<?xml version="1.0" encoding="utf-8"?>
<t24help>
<header>
<product>TT</product>
<table>TELLER.PASSBOOK.UPDATE</table>
</header>
<overview>
<ovdesc>

            <p>This application enables a passbook to be updated, with outstanding entries, without requiring a transaction to be processed. </p>
            <p>It is a type 'W' application, consequently the passbook is updated when the Verify function is used. </p>
        </ovdesc>
<ovimage></ovimage>
</overview>
<menu>
<t>
<field>RESERVE.2</field>
<desc>
            <p>This field reserved for future use. </p>
        </desc>
</t>
<t>
<field>ACCOUNT</field>
<desc>
            <p>A multi-value list of accounts whose passbooks require updating. </p>
            <p>A list of accounts or, more likely an account number, should be entered here in Verify mode. </p>
            <p>See Passbook Processing in the Module description for Retail Bank for a complete desciption of passbook updating. </p>
            <p>
                <p>Validation Rules:</p>
            </p>
            <p>16 Account id (i It must be a valid passbook account.</p>
            <p>There must be outstanding entries.</p>
        </desc>
</t>
<t>
<field>PASSBOOK.UPDATE</field>
<desc>
            <p>The key to this file is simply an identifier and bears no significance to the processing. It is recommended that the TELLER.ID or user name is used. </p>
            <p>
                <p>Validation Rules:</p>
            </p>
            <p>20 Any characters</p>
        </desc>
</t>
<t>
<field>RESERVE.1</field>
<desc>
            <p>This field reserved for future use. </p>
        </desc>
</t>
</menu>
</t24help>

