<?xml version="1.0" encoding="utf-8"?>
<t24help>
<header>
<product>TT</product>
<table>TELLER.DEFAULT</table>
</header>
<overview>
<ovdesc>

            <p>                            TELLER DEFAULT </p>
            <p />
            <p>This application provides an interface between other modules within T24 and TELLER. </p>
            <p>Essentially it provides the ability for a TELLER transaction to be created automatically, thus containing all necessary information - accounts, amounts, rates, charges etc, which can then be accessed by the teller by simply entering a reference number. </p>
            <p>For example, closing an account. If a customer wishes to close his account the teller must perform two transactions within T24. Firstly the ACCOUNT record must be closed. This will inform the teller of all outstanding credit/debit interest, charges, tax etc and secondly the teller must pay the customer the amount due. However, in order to perform the latter he would have to enter the details from the account closure screen into TELLER. What the account closure procedure actually does is to record the details in TELLER.DEFAULT (id of account number) and the teller pulls the details automatically into a TELLER transaction by entering the account number into the OUR.REFERENCE field. </p>
            <p>Currently the only other example of the use of TELLER.DEFAULT is in the processing of coupon repayments for certificates of deposit. </p>
            <p>Once the TELLER.DEFAULT record has been processed it cannot be reprocessed. The layout of TELLER.DEFAULT is exactly the same as TELLER itself but includes ten additional fields which can include free format data and two fields to record that the record has been processed, the process date and the transaction reference number. </p>
            <p>The link to TELLER.DEFAULT is through the OUR.REFERENCE field in TELLER. If this is entered prior to any other data then the associated TELLER.DEFAULT record will be loaded. </p>
        </ovdesc>
<ovimage></ovimage>
</overview>
<menu>
<t>
<field>AMOUNT.LOCAL.2</field>
<desc>
            <p>
                <p>Validation Rules:</p>
            </p>
            <p>A maximum of 18 characters may be entered.</p>
            <p>This is a NOINPUT field.</p>
        </desc>
</t>
<t>
<field>VALUE.DATE.1</field>
<desc>
            <p>Standard T24 date field. </p>
            <p>
                <p>Validation Rules:</p>
            </p>
            <p>A maximum of 11 characters may be entered.</p>
        </desc>
</t>
<t>
<field>AMOUNT.LOCAL.1</field>
<desc>
            <p>
                <p>Validation Rules:</p>
            </p>
            <p>A maximum of 18 characters may be entered.</p>
        </desc>
</t>
<t>
<field>TRANSACTION.REF</field>
<desc>
            <p> This field gets automatically populated with the Teller transaction number,  when the TELLER.DEFAULT  is processed by the system.</p>
            <p>Example: TT0034300014</p>
            <p>
                <p>Validation Rules:</p>
            </p>
            <p />
            <p>system generated data</p>
        </desc>
</t>
<t>
<field>CHEQUE.NUMBER</field>
<desc>
            <p>Fields CHEQUE.NUMBER to CHEQUE.ACCT.NO form a related multi value set. Standard T24 alphanumeric field. </p>
            <p>
                <p>Validation Rules:</p>
            </p>
            <p>A maximum of 20 characters may be entered.</p>
        </desc>
</t>
<t>
<field>CHARGE.CATEGORY</field>
<desc>
            <p>Fields CHARGE.CATEGORY to CHRG.AMT.FCCY form a related multi value set. Standard T24 numeric field. </p>
            <p>
                <p>Validation Rules:</p>
            </p>
            <p>A maximum of 6 characters may be entered.</p>
            <p>This is a NOINPUT field.</p>
            <p>Must be the key to a valid entry on the CATEGORY file.</p>
        </desc>
</t>
<t>
<field>WAIVE.CHARGES</field>
<desc>
            <p>
                <p>Validation Rules:</p>
            </p>
            <p>A maximum of 3 characters may be entered.</p>
            <p>The following values are permitted:       YES      NO</p>
        </desc>
</t>
<t>
<field>TELLER.ID.1</field>
<desc>
            <p>Standard T24 numeric field. </p>
            <p>
                <p>Validation Rules:</p>
            </p>
            <p>A maximum of 0004 characters may be entered.</p>
        </desc>
</t>
<t>
<field>ADDITIONAL.DATA.2</field>
<desc>
            <p>
                <p>Validation Rules:</p>
            </p>
            <p>A maximum of 25 characters may be entered.</p>
        </desc>
</t>
<t>
<field>NET.AMOUNT</field>
<desc>
            <p>
                <p>Validation Rules:</p>
            </p>
            <p>A maximum of 18 characters may be entered.</p>
            <p>This is a NOINPUT field.</p>
        </desc>
</t>
<t>
<field>PRODUCE.ADVICE</field>
<desc>
            <p>
                <p>Validation Rules:</p>
            </p>
            <p>A maximum of 3 characters may be entered.</p>
            <p>The following values are permitted:       YES      NO</p>
        </desc>
</t>
<t>
<field>ADDITIONAL.DATA.9</field>
<desc>
            <p>
                <p>Validation Rules:</p>
            </p>
            <p>A maximum of 25 characters may be entered.</p>
        </desc>
</t>
<t>
<field>EXPOSURE.DATE.1</field>
<desc>
            <p>Standard T24 date field. </p>
            <p>
                <p>Validation Rules:</p>
            </p>
            <p>A maximum of 11 characters may be entered.</p>
        </desc>
</t>
<t>
<field>CURR.MARKET.2</field>
<desc>
            <p>Standard T24 alphanumeric field. </p>
            <p>
                <p>Validation Rules:</p>
            </p>
            <p>A maximum of 1 characters may be entered.</p>
            <p>This is a NOINPUT field.</p>
        </desc>
</t>
<t>
<field>RATE.1</field>
<desc>
            <p>Standard T24 rate field. </p>
            <p>
                <p>Validation Rules:</p>
            </p>
            <p>A maximum of 11 characters may be entered.</p>
            <p>This is a NOINPUT field.</p>
        </desc>
</t>
<t>
<field>TELLER.ID.2</field>
<desc>
            <p>Standard T24 numeric field. </p>
            <p>
                <p>Validation Rules:</p>
            </p>
            <p>A maximum of 0004 characters may be entered.</p>
        </desc>
</t>
<t>
<field>POS.TYPE.1</field>
<desc>
            <p>Standard T24 alphanumeric field. </p>
            <p>
                <p>Validation Rules:</p>
            </p>
            <p>A maximum of 2 characters may be entered.</p>
            <p>This is a NOINPUT field.</p>
            <p>Must be the key to a valid entry on the FX.POS.TYPE file.</p>
        </desc>
</t>
<t>
<field>VALUE.DATE.2</field>
<desc>
            <p>Standard T24 date field. </p>
            <p>
                <p>Validation Rules:</p>
            </p>
            <p>A maximum of 11 characters may be entered.</p>
        </desc>
</t>
<t>
<field>CHRG.AMT.LOCAL</field>
<desc>
            <p>Fields CHARGE.CATEGORY to CHRG.AMT.FCCY form a related multi value set. </p>
            <p>
                <p>Validation Rules:</p>
            </p>
            <p>A maximum of 018 characters may be entered.</p>
        </desc>
</t>
<t>
<field>THEIR.REFERENCE</field>
<desc>
            <p>Standard T24 alphanumeric field. </p>
            <p>
                <p>Validation Rules:</p>
            </p>
            <p>A maximum of 16 characters may be entered.</p>
        </desc>
</t>
<t>
<field>ADDITIONAL.DATA.6</field>
<desc>
            <p>
                <p>Validation Rules:</p>
            </p>
            <p>A maximum of 25 characters may be entered.</p>
        </desc>
</t>
<t>
<field>CURRENCY.1</field>
<desc>
            <p>Standard T24 currency field. </p>
            <p>
                <p>Validation Rules:</p>
            </p>
            <p>A maximum of 8 characters may be entered.</p>
            <p>Must be the key to a valid entry on the CURRENCY file.</p>
        </desc>
</t>
<t>
<field>ADDITIONAL.DATA.7</field>
<desc>
            <p>
                <p>Validation Rules:</p>
            </p>
            <p>A maximum of 25 characters may be entered.</p>
        </desc>
</t>
<t>
<field>NARRATIVE.1</field>
<desc>
            <p>Standard T24 alphanumeric field. </p>
            <p>
                <p>Validation Rules:</p>
            </p>
            <p>A maximum of 34 characters may be entered.</p>
        </desc>
</t>
<t>
<field>ADDITIONAL.DATA.8</field>
<desc>
            <p>
                <p>Validation Rules:</p>
            </p>
            <p>A maximum of 25 characters may be entered.</p>
        </desc>
</t>
<t>
<field>CURRENCY.2</field>
<desc>
            <p>Standard T24 currency field. </p>
            <p>
                <p>Validation Rules:</p>
            </p>
            <p>A maximum of 8 characters may be entered.</p>
            <p>Must be the key to a valid entry on the CURRENCY file.</p>
        </desc>
</t>
<t>
<field>TRANSACTION.CODE</field>
<desc>
            <p>Standard T24 numeric field. </p>
            <p>
                <p>Validation Rules:</p>
            </p>
            <p>A maximum of 3 characters may be entered.</p>
            <p>Must be the key to a valid entry on the TELLER.TRANSACTION file.</p>
        </desc>
</t>
<t>
<field>ADDITIONAL.DATA.5</field>
<desc>
            <p>
                <p>Validation Rules:</p>
            </p>
            <p>A maximum of 25 characters may be entered.</p>
        </desc>
</t>
<t>
<field>CHEQUE.BANK.CDE</field>
<desc>
            <p>Fields CHEQUE.NUMBER to CHEQUE.ACCT.NO form a related multi value set. Standard T24 alphanumeric field. </p>
            <p>
                <p>Validation Rules:</p>
            </p>
            <p>A maximum of 20 characters may be entered.</p>
        </desc>
</t>
<t>
<field>RATE.2</field>
<desc>
            <p>Standard T24 rate field. </p>
            <p>
                <p>Validation Rules:</p>
            </p>
            <p>A maximum of 11 characters may be entered.</p>
            <p>This is a NOINPUT field.</p>
        </desc>
</t>
<t>
<field>ADDITIONAL.DATA.4</field>
<desc>
            <p>
                <p>Validation Rules:</p>
            </p>
            <p>A maximum of 25 characters may be entered.</p>
        </desc>
</t>
<t>
<field>REFERENCE.NUMBER</field>
<desc>
            <p>Standard T24 alphanumeric field. </p>
            <p>
                <p>Validation Rules:</p>
            </p>
            <p>Mandatory input.</p>
            <p>A maximum of 16 characters may be entered.</p>
        </desc>
</t>
<t>
<field>EXPOSURE.DATE.2</field>
<desc>
            <p>Standard T24 date field. </p>
            <p>
                <p>Validation Rules:</p>
            </p>
            <p>A maximum of 11 characters may be entered.</p>
        </desc>
</t>
<t>
<field>ADDITIONAL.DATA.3</field>
<desc>
            <p>
                <p>Validation Rules:</p>
            </p>
            <p>A maximum of 25 characters may be entered.</p>
        </desc>
</t>
<t>
<field>CURR.MARKET.1</field>
<desc>
            <p>Standard T24 alphanumeric field. </p>
            <p>
                <p>Validation Rules:</p>
            </p>
            <p>A maximum of 1 characters may be entered.</p>
            <p>This is a NOINPUT field.</p>
        </desc>
</t>
<t>
<field>CUSTOMER.2</field>
<desc>
            <p>Standard T24 customer field. </p>
            <p>
                <p>Validation Rules:</p>
            </p>
            <p>A maximum of 10 characters may be entered.</p>
            <p>This is a NOINPUT field.</p>
            <p>Must be the key to a valid entry on the CUSTOMER file.</p>
        </desc>
</t>
<t>
<field>NARRATIVE.2</field>
<desc>
            <p>Standard T24 alphanumeric field. </p>
            <p>
                <p>Validation Rules:</p>
            </p>
            <p>A maximum of 34 characters may be entered.</p>
        </desc>
</t>
<t>
<field>AMOUNT.FCY.2</field>
<desc>
            <p>
                <p>Validation Rules:</p>
            </p>
            <p>A maximum of 18 characters may be entered.</p>
            <p>This is a NOINPUT field.</p>
        </desc>
</t>
<t>
<field>CUSTOMER.1</field>
<desc>
            <p>Standard T24 customer field. </p>
            <p>
                <p>Validation Rules:</p>
            </p>
            <p>A maximum of 10 characters may be entered.</p>
            <p>This is a NOINPUT field.</p>
            <p>Must be the key to a valid entry on the CUSTOMER file.</p>
        </desc>
</t>
<t>
<field>DR.CR.MARKER</field>
<desc>
            <p>
                <p>Validation Rules:</p>
            </p>
            <p>A maximum of 6 characters may be entered.</p>
            <p>This is a NOINPUT field.</p>
            <p>The following values are permitted:       DEBIT      CREDIT</p>
        </desc>
</t>
<t>
<field>PROCESS.DATE</field>
<desc>
            <p>Standard T24 date field. </p>
            <p>
                <p>Validation Rules:</p>
            </p>
            <p>A maximum of 11 characters may be entered.</p>
            <p>This is a NOINPUT field.</p>
        </desc>
</t>
<t>
<field>DEAL.RATE</field>
<desc>
            <p>Standard T24 rate field. </p>
            <p>
                <p>Validation Rules:</p>
            </p>
            <p>A maximum of 11 characters may be entered.</p>
        </desc>
</t>
<t>
<field>AMOUNT.FCY.1</field>
<desc>
            <p>
                <p>Validation Rules:</p>
            </p>
            <p>A maximum of 18 characters may be entered.</p>
        </desc>
</t>
<t>
<field>POS.TYPE.2</field>
<desc>
            <p>Standard T24 alphanumeric field. </p>
            <p>
                <p>Validation Rules:</p>
            </p>
            <p>A maximum of 2 characters may be entered.</p>
            <p>This is a NOINPUT field.</p>
            <p>Must be the key to a valid entry on the FX.POS.TYPE file.</p>
        </desc>
</t>
<t>
<field>CHRG.AMT.FCCY</field>
<desc>
            <p>Fields CHARGE.CATEGORY to CHRG.AMT.FCCY form a related multi value set. </p>
            <p>
                <p>Validation Rules:</p>
            </p>
            <p>A maximum of 018 characters may be entered.</p>
        </desc>
</t>
<t>
<field>CHEQUE.ACCT.NO</field>
<desc>
            <p>Fields CHEQUE.NUMBER to CHEQUE.ACCT.NO form a related multi value set. Standard T24 alphanumeric field. </p>
            <p>
                <p>Validation Rules:</p>
            </p>
            <p>A maximum of 20 characters may be entered.</p>
        </desc>
</t>
<t>
<field>ACCOUNT.1</field>
<desc>
            <p>
                <p>Validation Rules:</p>
            </p>
            <p>A maximum of 16 characters may be entered.</p>
        </desc>
</t>
<t>
<field>ACCOUNT.2</field>
<desc>
            <p>
                <p>Validation Rules:</p>
            </p>
            <p>A maximum of 16 characters may be entered.</p>
        </desc>
</t>
<t>
<field>ADDITIONAL.DATA.1</field>
<desc>
            <p>
                <p>Validation Rules:</p>
            </p>
            <p>A maximum of 25 characters may be entered.</p>
        </desc>
</t>
<t>
<field>ADDITIONAL.DATA.10</field>
<desc>
            <p>
                <p>Validation Rules:</p>
            </p>
            <p>A maximum of 25 characters may be entered.</p>
        </desc>
</t>
</menu>
</t24help>

