<?xml version="1.0" encoding="utf-8"?>
<t24help>
<header>
<product>TT</product>
<table>TELLER.CCY.MARKET</table>
</header>
<overview>
<ovdesc>

            <p>                      TELLER.CCY.MARKET </p>
            <p />
            <p>This file simply defines the description of the currency market which will determine the rates for use within the TELLER system </p>
            <p>An entry must be present on this file to be able to specify the market on the CURRENCY file and the TELLER.TRANSACTION file. </p>
        </ovdesc>
<ovimage></ovimage>
</overview>
<menu>
<t>
<field>RECORD.STATUS</field>
<desc>
            <p>Reserved for future use. </p>
        </desc>
</t>
<t>
<field>SHORT.DESC</field>
<desc>
            <p>The multi-language short description of the market. Used for enrichments. </p>
            <p>
                <p>Validation Rules:</p>
            </p>
            <p>Up to 15 Alphanumeric characters.</p>
        </desc>
</t>
<t>
<field>CURR.NO</field>
<desc>
            <p>Reserved for future use. </p>
        </desc>
</t>
<t>
<field>CURRENCY.MARKET.NO</field>
<desc>
            <p>Specifies the number in the range 10 - 99 of the currency market. </p>
            <p>
                <p>Validation Rules:</p>
            </p>
            <p>2 Numeric characters (in the range 10 -99)</p>
        </desc>
</t>
<t>
<field>DESC</field>
<desc>
            <p>The multi-value/multi-language description of the market. </p>
            <p>
                <p>Validation Rules:</p>
            </p>
            <p>Up to 35 Alphanumeric characters.</p>
        </desc>
</t>
</menu>
</t24help>

