<?xml version="1.0" encoding="utf-8"?>
<t24help>
<header>
<product>TT</product>
<table>TELLER.PASSBOOK.REPRINT</table>
</header>
<overview>
<ovdesc>

        </ovdesc>
<ovimage></ovimage>
</overview>
<menu>
<t>
<field>RESERVE.6</field>
<desc>
            <p>Reserved for future use information.</p>
        </desc>
</t>
<t>
<field>USER.INPUT</field>
<desc>
            <p>Not used </p>
        </desc>
</t>
<t>
<field>RESERVE.3</field>
<desc>
            <p>Reserved for future use information.</p>
        </desc>
</t>
<t>
<field>RESERVE.5</field>
<desc>
            <p>Reserved for future use information.</p>
        </desc>
</t>
<t>
<field>RESERVE.1</field>
<desc>
            <p>Reserved for future use information.</p>
        </desc>
</t>
<t>
<field>RESERVE.2</field>
<desc>
            <p>Reserved for future use information.</p>
        </desc>
</t>
<t>
<field>PASSBOOK.REPRINT</field>
<desc>
            <p>TELLER. PASSBOOK. REPRINT</p>
            <p>Presently, if the passbook is updated once- then reprinting of entries is not possible.  To overcome such short comings this application is introduced.  The application contains the following new fields</p>
            <table border="1" width="73%">
                <tr>
                    <td width="25%" align="center">Field Name</td>
                    <td width="11%" align="center">Type</td>
                    <td width="64%" align="center"> Description</td>
                </tr>
                <tr>
                    <td width="25%">xx. ACCOUNT</td>
                    <td width="11%" align="center">A</td>
                    <td width="64%">The account number whose entries has to be printed</td>
                </tr>
                <tr>
                    <td width="25%">xx. Start. Date</td>
                    <td width="11%" align="center">D</td>
                    <td width="64%">Date from which the entries has to be printed. If null, then       the date on which the passbook was printed first will be defaulted</td>
                </tr>
                <tr>
                    <td width="25%">xx. End. Date</td>
                    <td width="11%" align="center">D</td>
                    <td width="64%">Date till which entries of the account has to be printed, if       null today's date will be defaulted.</td>
                </tr>
                <tr>
                    <td width="25%">MSG. Display</td>
                    <td width="11%" align="center">A</td>
                    <td width="64%">To display the message (passbook update, Abort, Reprint) for       browser</td>
                </tr>
                <tr>
                    <td width="25%">User. Input</td>
                    <td width="11%" align="center">A </td>
                    <td width="64%">The processing will be taken place according to the input in       the field (Y, A, R) for browser</td>
                </tr>
                <tr>
                    <td width="25%">Reserve. 6-1</td>
                    <td width="11%" align="center">-</td>
                    <td width="64%">Reserved for future use</td>
                </tr>
            </table>
            <p>
                <p>Validation Rules:</p>
            </p>
            <p />
            <p />
        </desc>
</t>
<t>
<field>RESERVE.4</field>
<desc>
            <p>Reserved for future use information.</p>
        </desc>
</t>
<t>
<field>START.DATE</field>
<desc>
            <p>This field indicates the date from which passbook entries have to be reprinted. 
If no value is entered then all the entries starting from the first passbook entry will get reprinted.
</p>
            <p>
Validation rules
This is an optional field.
Should not be less than PURGE.DATE or RETENTION.PERIOD in ARCHIVE.
Should not be greater than TODAY.
Should be greater or equal to the first passbook printed date."
</p>
        </desc>
</t>
<t>
<field>ACCOUNT</field>
<desc>
            <p>The field specifies the account for which the passbook is to be reprinted.Mandatory input.Should be a valid passbook account.
</p>
        </desc>
</t>
<t>
<field>END.DATE</field>
<desc>
            <p>This field indicates the date upto which the passbook entries have to be reprinted.
If no value is entered then all the entries upto TODAY will get reprinted.</p>
            <p />
            <p>
This is an optional field.
Should not be greater than TODAY.
Should not be lesser than the START.DATE."
</p>
        </desc>
</t>
<t>
<field>MSG.DISPLAY</field>
<desc>
            <p>Not used</p>
        </desc>
</t>
</menu>
</t24help>

