<?xml version="1.0" encoding="utf-8"?>
<t24help>
<header>
<product>TT</product>
<table>TELLER.DENOMINATION</table>
</header>
<overview>
<ovdesc>

            <p>                     TELLER.DENOMINATION </p>
            <p>TELLER DENOMINATION </p>
            <p>This file defines the description and value of the denominations in use for each currency. </p>
        </ovdesc>
<ovimage></ovimage>
</overview>
<menu>
<t>
<field>RESERVE.5</field>
<desc>
            <p>Reserved for future use</p>
        </desc>
</t>
<t>
<field>RESERVE.6</field>
<desc>
            <p>Reserved for future use</p>
        </desc>
</t>
<t>
<field>RESERVE.1</field>
<desc>
            <p>Reserved for future use. </p>
        </desc>
</t>
<t>
<field>RESERVE.2</field>
<desc>
            <p>Reserved for future use. </p>
        </desc>
</t>
<t>
<field>RESERVE.3</field>
<desc>
            <p>Reserved for future use</p>
        </desc>
</t>
<t>
<field>VALUE</field>
<desc>
            <p>Value of the denomination. </p>
            <p>
                <p>Validation Rules:</p>
            </p>
            <p>17 Numeric 9999999999999.999</p>
        </desc>
</t>
<t>
<field>RESERVE.4</field>
<desc>
            <p>Reserved for future use</p>
        </desc>
</t>
<t>
<field>CCY.DENOMINATION</field>
<desc>
            <p>Specifies the currency and the denomination identifier. </p>
            <p>The first 3 characters of the key denote the currency and the remaining 9 characters identify the denomination. </p>
            <p>
                <p>Validation Rules:</p>
            </p>
            <p>12 Alphanumeric Consisting of CCCxxxxxxxxx</p>
            <p>The first 3 characters must be a valid entry on the CURRENCY file.</p>
        </desc>
</t>
<t>
<field>DENOM.TYPE</field>
<desc>
            <p>The field specifies the denom type under which this DENOMINATION falls</p>
            <p> Validation rules: Should be a valid ID in DENOM.TYPE file </p>
        </desc>
</t>
<t>
<field>DESC</field>
<desc>
            <p>The multi-value/multi-language description of the denomination. </p>
            <p>
                <p>Validation Rules:</p>
            </p>
            <p>Up to 35 Alphanumeric characters.</p>
        </desc>
</t>
<t>
<field>LL.DESC</field>
<desc>
            <p>This is a multi valued field. Standard T24 alphanumeric field. </p>
            <p>
                <p>Validation Rules:</p>
            </p>
            <p>Mandatory input.</p>
            <p>A maximum of 35 characters may be entered.</p>
        </desc>
</t>
</menu>
</t24help>

