<?xml version="1.0" encoding="utf-8"?>
<t24help>
<header>
<product>TT</product>
<table>TELLER.USER</table>
</header>
<overview>
<ovdesc>

	 TELLER.USER is a live file, which will update with TELLER.ID's for a specific user. The id will be till user name. 
    </ovdesc>
<ovimage></ovimage>
</overview>
<menu>
<t>
<field>ID</field>
<desc>
            <p>Standard T24 alphanumeric field. </p>
            <p>
                <p>Validation Rules:</p>
            </p>
            <p>A maximum of 18 characters may be entered.</p>
        </desc>
</t>
<t>
<field>TELLER.NO</field>
<desc>
            <p>Standard T24 alphanumeric field. </p>
            <p>
                <p>Validation Rules:</p>
            </p>
            <p>A maximum of 14 characters may be entered.</p>
        </desc>
</t>
</menu>
</t24help>

