<?xml version="1.0" encoding="utf-8"?>
<t24help>
<header>
<product>TT</product>
<table>TT.STOCK.CONTROL</table>
</header>
<overview>
<ovdesc>

            <p>TT.STOCK.CONTROL is a live file, which will update with currency wise denomination units and Travellers Cheque serial numbers for the transactions done by teller.The id will be till account id. </p>
        </ovdesc>
<ovimage></ovimage>
</overview>
<menu>
<t>
<field>DENOMINATION</field>
<desc>
            <p>Specifies the denominations available in the stock control file. </p>
            <p> Must be a vaild record on the TELLER.DENOMINATION file. </p>
        </desc>
</t>
<t>
<field>SERIAL.NO</field>
<desc>
            <p>The serial numbers of the Travellers Cheques or foreign banknotes. This may be either a single number or as a range, i.e. NO.1 - NO.2. </p>
        </desc>
</t>
<t>
<field>LOCAL.REF</field>
<desc>
            <p>This is a multi valued field. Standard T24 alphanumeric field. </p>
            <p>
                <p>Validation Rules:</p>
            </p>
            <p> A maximum of 35 characters may be entered.</p>
        </desc>
</t>
<t>
<field>CUSTOMER.NO</field>
<desc>
            <p>Indicates the customer to whom the stock has been sold in trust. </p>
        </desc>
</t>
<t>
<field>QUANTITY</field>
<desc>
            <p>Shows the total quantity of the associated denomination held in the till. </p>
        </desc>
</t>
<t>
<field>SORT.BY.VALUE</field>
<desc>
            <p>"This is a ""S"" type field. This is one of the selection criteria in the enquiry TC.STOCK.IN.BANK.</p>
            <p> If 'YES' is input, then the DENOMINATION will be sorted in ascending order of Denomination Value.</p>
            <p> If null then the DENOMINATION will be sorted in ascending order of denomination key."</p>
            <p />
        </desc>
</t>
<t>
<field>TELLER.ID</field>
<desc>
            <p>Help Text for this field is unavailable.  Please refer to the T24 User Guides for further information.</p>
        </desc>
</t>
<t>
<field>ACCOUNT.NUMBER</field>
<desc>
            <p>The account number relating to the till.  This will be an internal account which will be composed of CCY : CATEGORY : DAO/Teller ID/Vault ID. </p>
            <p> Vault ID will only be used if CONTROL.LEVEL on TELLER.PARAMETER is set to VAULT. </p>
        </desc>
</t>
<t>
<field>AVAILABLE.UNIT</field>
<desc>
            <p>Shows the number of units available in the till for automatic allocation. </p>
            <p> The difference between QUANTITY and AVAILABLE.UNIT will be the stock sold in trust. </p>
        </desc>
</t>
<t>
<field>CATEGORY</field>
<desc>
            <p>Help Text for this field is unavailable.  Please refer to the T24 User Guides for further information.</p>
        </desc>
</t>
<t>
<field>CURRENCY</field>
<desc>
            <p>Help Text for this field is unavailable.  Please refer to the T24 User Guides for further information.</p>
        </desc>
</t>
</menu>
</t24help>

