<?xml version="1.0" encoding="utf-8"?>
<t24help>
<header>
<product>TT</product>
<table>TT.TELLER.HP.VERSIONS</table>
</header>
<overview>
<ovdesc>

            <p>This is a parameter table which is used to pick up the appropriate versions while amending/ deleting/authorizing the Teller Transactions through the menu and Home Pages.   If the input version is not specified in this parameter file, then while amending/authorising/deleting the teller transaction, Teller application will be launched instead of the version that is used to input the transaction. </p>
        </ovdesc>
<ovimage></ovimage>
</overview>
<menu>
<t>
<field>TT.TXN.CODE</field>
<desc>
            <p>Drop down of Teller Transaction codes. </p>
            <p>
                <p>Validation Rules:</p>
            </p>
            <p>Must be a valid record in TELLER.TRANSACTION table</p>
            <p>Mandatory field</p>
            <p />
        </desc>
</t>
<t>
<field>TT.GEN.VERSION</field>
<desc>
            <p>Specifies the versions to be used as drill downs in the Teller enquiries attached in the menu for the corresponding transaction code specified in TT Txn Code.</p>
            <p />
            <p>
                <p>Validation Rules:</p>
            </p>
            <p>Must be a valid record in the VERSION table</p>
        </desc>
</t>
<t>
<field>TT.HP.VERSION</field>
<desc>
            <p>Specifies the versions to be used as drill downs in the Teller enquiries attached in the Teller  Home Page Menu for the corresponding transaction code specified in TT Txn Code.                      </p>
            <p />
            <p>
                <p>Validation Rules:</p>
            </p>
            <p>Must be a valid record in the VERSION table</p>
        </desc>
</t>
<t>
<field>DEAL.NO</field>
<desc>
            <p>Record Id of this application</p>
        </desc>
</t>
<t>
<field>DESCRIPTION</field>
<desc>
            <p>General Description Up to 65 type A (alphanumeric) characters</p>
            <p />
            <p>
                <p>Validation Rules:</p>
            </p>
            <p />
            <p>Mandatory Field. </p>
            <p>A maximum of 65 characters may be entered.</p>
            <p />
        </desc>
</t>
<t>
<field>OVERRIDE</field>
<desc>
            <p>This is a multi valued field. </p>
            <p>Standard T24 alphanumeric field.</p>
            <p />
            <p>
                <p>Validation Rules:</p>
            </p>
            <p />
            <p>This is a NOINPUT field.</p>
            <p />
            <p />
        </desc>
</t>
<t>
<field>TT.AUTH.VERSION</field>
<desc>
            <p>Specifies the versions to be used as drill downs in the Teller authorisation enquiries attached in the Teller Home Page Menu for the corresponding transaction code specified in TT Txn Code.</p>
            <p />
            <p>
                <p>Validation Rules:</p>
            </p>
            <p>Must be a valid record in the VERSION table</p>
        </desc>
</t>
</menu>
</t24help>