<?xml version="1.0" encoding="utf-8"?>
<t24help>
<header>
<product>SP</product>
<table>SP.AGGREGATION</table>
</header>
<overview>
<ovdesc>

            <p>This application used to maintain Broker details of trade for aggregated processing.</p>
        </ovdesc>
<ovimage></ovimage>
</overview>
<menu>
<t>
<field>TRANS.CODE</field>
<desc>
            <p>This field will hold the Transaction code BUYI or SELL  and will be maintained as per swift guidelines.</p>
        </desc>
</t>
<t>
<field>SP.AGGREGATION.ID</field>
<desc>
            <p>This field will hold the SEC.TRADE id.</p>
        </desc>
</t>
<t>
<field>RECON.KEY</field>
<desc>
            <p>This field will hold the SP.RECONCILIATION reference and is used to find the reconciliation record.</p>
        </desc>
</t>
<t>
<field>TRADE.DATE</field>
<desc>
            <p>This field will hold the trade date in SEC.TRADE.</p>
        </desc>
</t>
<t>
<field>NET.AMOUNT</field>
<desc>
            <p>This field will hold the Broker Net amount.</p>
        </desc>
</t>
<t>
<field>STOCK.EXCHANGE</field>
<desc>
            <p>This field will hold the Stock exchange maintained as per swift codes.</p>
        </desc>
</t>
<t>
<field>RECON.UPDATE</field>
<desc>
            <p>This field will hold the values ADD MODIFY REMOVE</p>
            <p>If New record is created Value will be ADD</p>
            <p>If RECON.KEY is changed Value will be MODIFY</p>
            <p>If RECON.KEY is removed VALUE will be REMOVE</p>
        </desc>
</t>
<t>
<field>LOCAL2</field>
<desc>
            <p>Reserved for future use.</p>
        </desc>
</t>
<t>
<field>NOMINAL</field>
<desc>
            <p>This field will hold the Nominal of trade.</p>
        </desc>
</t>
<t>
<field>NON.AGGR.BROKER</field>
<desc>
            <p>To be specified in case of non-aggregation Where trade reference is not known and MT513 MT514 is not processed by broker.</p>
            <p>This field can be manually input with broker number for whom the non aggregated MT515 will be received.</p>
            <p>Associated multivalue with NON.AGGR.MT515.REF.</p>
        </desc>
</t>
<t>
<field>BROKER.NO</field>
<desc>
            <p>Broker whose MT515 will be aggregated (i.e. Aggregated Broker.</p>
            <p>Broker is valid only when  the fields TRADE.AGGREGATION SETTLE.AGGREGATION in CUSTOMER.SECURITY are set to YES.</p>
        </desc>
</t>
<t>
<field>DELIV.INSTR</field>
<desc>
            <p>This field will hold  the Delivery instruction APMTor FREE and will be maintained as per swift.</p>
        </desc>
</t>
<t>
<field>DEPOSITORY</field>
<desc>
            <p>This field will hold the Depository involved in the SEC.TRADE.</p>
        </desc>
</t>
<t>
<field>GROSS.AMOUNT</field>
<desc>
            <p>This field will hold the Broker gross amount.</p>
        </desc>
</t>
<t>
<field>VALUE.DATE</field>
<desc>
            <p>This field will hold the value date in SEC.TRADE.</p>
        </desc>
</t>
<t>
<field>TRADE.CURRENCY</field>
<desc>
            <p>This field will hold the trade Currency in SEC.TRADE.</p>
        </desc>
</t>
<t>
<field>LOCAL1</field>
<desc>
            <p>This field will be updated only in case of parent child processing. For non aggregation, This field will hold unique reference that is common to parent and child transactions in order to group parent and child delivery messages under the unique reference.</p>           
            <p>For aggregation, this field will hold the depository in the parent transactions to group delivery messages of child transactions by parent depository</p>
        </desc>
</t>
<t>
<field>NON.AGGR.MT515.REF</field>
<desc>
            <p>This field will hold the non aggregated MT515 reference for the broker under which MT515 will be received and concat file SP.MT515.REFERENCE will be updated.</p>
            <p>Associated multivalue with NON.AGGR.BROKER.</p>
        </desc>
</t>
<t>
<field>PRICE</field>
<desc>
            <p>This field will hold the Broker price in trade.</p>
        </desc>
</t>
<t>
<field>SECURITY</field>
<desc>
            <p>This field will hold the Security involved in the SEC.TRADE.</p>
        </desc>
</t>
</menu>
</t24help>

