<?xml version="1.0" encoding="utf-8"?>
<t24help>
<header>
<product>SP</product>
<table>SP.ERROR.LOG</table>
</header>
<overview>
<ovdesc>

            <p>This application will hold the error log details as a part of inward aggregation process.</p>
        </ovdesc>
<ovimage></ovimage>
</overview>
<menu>
<t>
<field>SP.ERROR.LOG.ID</field>
<desc>
            <p>Help Text for this field is unavailable.  Please refer to the T24 User Guides for further information.</p>
        </desc>
</t>
<t>
<field>DELIV.REF</field>
<desc>
            <p>Inward reference of the message(Associated multivalue field.</p>
        </desc>
</t>
<t>
<field>MSG</field>
<desc>
            <p>Message that is processed (Associated multivalue with DELIV.REF and REASON).</p>
        </desc>
</t>
<t>
<field>REASON</field>
<desc>
            <p>Reason for rejection (Associated Sub value field)</p>
        </desc>
</t>
</menu>
</t24help>

