<?xml version="1.0" encoding="utf-8"?>
<t24help>
<header>
<product>SP</product>
<table>SP.ORD.MANUAL.UPD</table>
</header>
<overview>
<ovdesc>

            <p>This file is used for manual executions when confirmation of MT509  is received from broker through carrier other than SWIFT.</p>
            <p />
            <p />
        </ovdesc>
<ovimage></ovimage>
</overview>
<menu>
<t>
<field>BR.MSG.STATUS</field>
<desc>
            <p>This field holds the status of the broker when confirmation is received through carrier other than SWIFT. This forms associated multivalue set along with BROKER. NO.</p>
            <p>This fields holds the following values: ACCEPTED, REJECTED</p>
            <p />
            <p>
                <p>Validation Rules:</p>
            </p>
            <p />
            <p>Up to 10 Alpha numeric characters in length</p>
        </desc>
</t>
<t>
<field>BROKER.NO</field>
<desc>
            <p>This field holds the broker number from whom the confirmation has been received. This forms associated multivalue set along with BR.MSG.STATUS field</p>
            <p>
                <p>Validation Rules:</p>
            </p>
            <p />
            <p>Up to 15 numeric characters</p>
        </desc>
</t>
<t>
<field>SP.ORD.MANUAL.UPD.ID</field>
<desc>
            <p>ID will be same as SEC.OPEN.ORDER id. It will be validated against SP.ORDER.STP.ACTIVITY</p>
            <p />
            <p>
                <p>Validation Rules:</p>
            </p>
            <p />
            <p>Up to 17 Alpha numeric characters in length</p>
        </desc>
</t>
</menu>
</t24help>

