<?xml version="1.0" encoding="utf-8"?>
<t24help>
<header>
<product>SP</product>
<table>SP.ORDER.STP.ACTIVITY</table>
</header>
<overview>
<ovdesc>

            <p>This file will get  updated  when MT502 is being sent to the broker.</p>
            <p>This file is also used to hold details regarding status of inward MT509  and MT513 for all the brokers</p>
            <p />
            <p />
        </ovdesc>
<ovimage></ovimage>
</overview>
<menu>
<t>
<field>BR.MSG.STATUS</field>
<desc>
            <p>This field forms associated multivalue set along with BROKER. NO field and tells the status of broker for particular order.</p>
            <p>If BR.MSG.STATUS is ACCEPTED then it means broker has accepted modification/cancellation of MT502</p>
            <p>If BR.MSG.STATUS is REJECTED then it means broker has rejected modification/cancellation of MT502</p>
            <p>If BR.MSG.STATUS is NULL then it means awaiting acceptance/reject from broker</p>
            <p>If BR.MSG.STATUS is LIVE  then it means all brokers for the particular order have sent acceptance/reject</p>
            <p>System Updated field</p>
            <p>
                <p>Validation Rules:</p>
            </p>
            <p>Up to 10 Alpha numeric characters</p>
        </desc>
</t>
<t>
<field>BROKER.NO</field>
<desc>
            <p>This field holds the value in the field BROKER of SEC.OPEN.ORDER. This forms associated multivalue set along with BR.MSG.STATUS field</p>
            <p>This is a system updated field</p>
            <p>
                <p>Validation Rules:</p>
            </p>
            <p />
            <p>Up to 15 characters in length</p>
        </desc>
</t>
<t>
<field>ORDER.ID</field>
<desc>
            <p>ID will be same as SEC.OPEN.ORDER ID</p>
            <p>
                <p>Validation Rules:</p>
            </p>
            <p>Up to 17 Alpha numeric characters</p>
        </desc>
</t>
</menu>
</t24help>

