<?xml version="1.0" encoding="utf-8"?>
<t24help>
<header>
<product>SP</product>
<table>SP.ORDER.DELIVERY.CONTROL</table>
</header>
<overview>
<ovdesc>

            <p>This file will hold details of  message being sent for all the broker in SEC.OPEN.ORDER.This file is also used to hold SC.EXE.SEC.ORDERS data coming from inward MT513, in case when all brokers have not sent MT509.</p>
            <p />
            <p />
        </ovdesc>
<ovimage></ovimage>
</overview>
<menu>
<t>
<field>MESSAGE.FUNCTION</field>
<desc>
            <p>This field holds the function (NEWM/REPL/CANC) of the message</p>
            <p>This is a system updated field</p>
            <p>
                <p>Validation Rules:</p>
            </p>  Up to 5 alphabetical characters in length </desc>
</t>
<t>
<field>EXECUTED.PRICE</field>
<desc>
            <p>This field holds the price to be assigned to PRICE field of SC.EXE.SEC.ORDERS</p>
            <p>This forms associated multivalue set along with EXECUTED.NOM and EXE.DELIVERY.REF</p>
            <p>
                <p>Validation Rules:</p>
            </p>
            <p />
            <p>Up to 18 numeric characters</p>
        </desc>
</t>
<t>
<field>REMAIN.NOM.EXE</field>
<desc>
            <p />
            <p>This field will be updated with the remaining quantity of nominal to be executed by the Broker.</p>
            <p />
            <p>Normally this field will be equal to EXE.BY.BROKER</p>
            <p> field in SC.EXE.SEC.ORDERS. </p>
            <p />
            <p>This field will be updated the value contained in BR.NOM.NEW (ordered nominal) minus the TOT.EXE.NOM value (executed nominal) once when inward MT513 is received.</p>
            <p>
                <p>Validation Rules:</p>
            </p>
            <p />
            <p />
        </desc>
</t>
<t>
<field>TOTAL.EXE.NOM</field>
<desc>
            <p />
            <p>This field will be updated with the total number of executed nominal for a particular order by the Broker. This field will be added by the value contained in this field with nominal that comes in inward MT513.</p>
            <p>
                <p>Validation Rules:</p>
            </p>
            <p />
            <p />
        </desc>
</t>
<t>
<field>CUST.NUMBER</field>
<desc>
            <p>This field contains customer number from the SEC.OPEN.ORDER</p>
            <p>This field forms associated multivalue set with CUST.NOM.OLD and CUST.NOM.NEW</p>
            <p>This is a system updated field</p>
            <p>
                <p>Validation Rules:</p>
            </p>
            <p />
            <p>Up to 15 numeric characters in length</p>
        </desc>
</t>
<t>
<field>ORD.MAP.KEY</field>
<desc>
            <p>This field holds the mapping key of the currently generated message for the broker.</p>
            <p>This is a system updated field.</p>
            <p />
            <p>
                <p>Validation Rules:</p>
            </p>
            <p />
            <p>Up to 15 alphanumeric characters in length</p>
            <p />
        </desc>
</t>
<t>
<field>EXE.DELIVERY.REF</field>
<desc>
            <p>This field holds the MT513 sender's reference to be assigned to BR.EXE.ADV.REF field of SC.EXE.SEC.ORDERS</p>
            <p>
                <p>Validation Rules:</p>
            </p>
            <p />
            <p>Up to 25 Alpha numeric characters</p>
        </desc>
</t>
<t>
<field>REFERENCE</field>
<desc>
            <p> ID consists of two parts separated by '.'</p>
            <p>First part contains SEC.OPEN.ORDER ID</p>
            <p>Second part contains Broker no</p>
            <p>
                <p>Validation Rules:</p>
            </p>
            <p />
            <p>Up to 30 alpha  numeric characters in length</p>
        </desc>
</t>
<t>
<field>EXECUTED.NOM</field>
<desc>
            <p>This field holds the nominal to be assigned to NOMINAL.RECD field of SC.EXE.SEC.ORDERS</p>
            <p>This is a system updated field. This field forms associated multivalue set along with EXECUTED. PRICE and EXE.DELIVERY.REF</p>
            <p>
                <p>Validation Rules:</p>
            </p>
            <p />
            <p>Up to 18 numeric characters</p>
            <p />
        </desc>
</t>
<t>
<field>DELIVERY.REF</field>
<desc>
            <p>This field holds the delivery reference for the message type generated</p>
            <p>System updated field</p>
            <p>
                <p>Validation Rules:</p>
            </p>
            <p />
            <p>Up to 25 alpha numeric characters</p>
        </desc>
</t>
<t>
<field>SOO.CURR.NO</field>
<desc>
            <p>This field holds the value in the field CURR.NO of SEC.OPEN.ORDER. The value remains same for all  SP.ORDER.DELIVERY.CONTROL record for a particular sec.open.order.</p>
            <p>This is a system updated field</p>
            <p>
                <p>Validation Rules:</p>
            </p>
            <p />
            <p>Up to 3 numeric characters in length</p>
        </desc>
</t>
<t>
<field>REMAIN.NOM</field>
<desc>
            <p />
            <p>This field will be updated with the remaining no of nominal from MT576 message</p>
            <p>
                <p>Validation Rules:</p>
            </p>
            <p />
            <p />
        </desc>
</t>
<t>
<field>BR.NOM.NEW</field>
<desc>
            <p>This field holds the R.NEW  of AMT.TO.BROKER field in SEC.OPEN.ORDER</p>
            <p> System updated field</p>
            <p>
                <p>Validation Rules:</p>
            </p>
            <p> Up to 18 numeric characters </p>
        </desc>
</t>
<t>
<field>BR.NOM.OLD</field>
<desc>
            <p>This field holds the R.OLD  of AMT.TO.BROKER field in SEC.OPEN.ORDER</p>
            <p>System updated field</p>
            <p>
                <p>Validation Rules:</p>
            </p>  Up to 18 numeric characters </desc>
</t>
<t>
<field>CUST.NOM.NEW</field>
<desc>
            <p>This field holds the prorated new nominal. This field forms associated multivalue set along with CUST.NOM.OLD and CUST.NUMBER</p>
            <p>If MESSAGE. FUNCTION is CANC then this field will be NULL</p>
            <p>If MESSAGE. FUNCTION is REPL or NEWM then this field will have prorated new nominal </p>
            <p>System updated field </p>
            <p>
                <p>Validation Rules:</p>
            </p>
            <p>Up to 18 numeric characters </p>
        </desc>
</t>
<t>
<field>CUST.NOM.OLD</field>
<desc>
            <p>This field holds the prorated old nominal. This forms associated multivalue set with CUST.NUMBER and CUST.NOM.OLD</p>
            <p>If MESSAGE. FUNCTION is NEWM then this field will be NULL</p>
            <p>If MESSAGE. FUNCTION is REPL or CANC then this field will assign value from CUST.NOM.NEW</p>
            <p>System updated field</p>
            <p>
                <p>Validation Rules:</p>
            </p>
            <p />
            <p>Up to 18 numeric characters</p>
        </desc>
</t>
</menu>
</t24help>

