<?xml version="1.0" encoding="utf-8"?>
<t24help>
<header>
<product>SP</product>
<table>SP.REASON.CODE</table>
</header>
<overview>
<ovdesc>

            <p>This file will hold details of reason code</p>
            <p />
            <p />
        </ovdesc>
<ovimage></ovimage>
</overview>
<menu>
<t>
<field>DESCRIPTION</field>
<desc>
            <p>This field will hold description of reason code</p>
            <p>
                <p>Validation Rules:</p>
            </p>
            <p />
            <p />
        </desc>
</t>
<t>
<field>REASON.CODE</field>
<desc>
            <p>This field will accept a valid reason code</p>
            <p>
                <p>Validation Rules:</p>
            </p>
            <p />
            <p>Valid SWIFT reason code used in MT509</p>
            <p />
        </desc>
</t>
</menu>
</t24help>

