<?xml version="1.0" encoding="utf-8"?>
<t24help>
<header>
<product>SP</product>
<table>SP.RECONCILIATION</table>
</header>
<overview>
<ovdesc>

            <p>This application is used to maintain reconciliation details of the aggregated trades.</p>
        </ovdesc>
<ovimage></ovimage>
</overview>
<menu>
<t>
<field>RECON.KEY</field>
<desc>
            <p>SP.RECONCILIATION.CONCAT reference and NOINPUT field. This field will be automatically updated based on the components involved in aggregation.</p>
        </desc>
</t>
<t>
<field>RECON.AMOUNT</field>
<desc>
            <p>This field is used for manual reconciliation without MT515.</p>
        </desc>
</t>
<t>
<field>VALUE.DATE</field>
<desc>
            <p>This field used is to specify the Value date of the trade.</p>
        </desc>
</t>
<t>
<field>TRADE.DATE</field>
<desc>
            <p>This field used is to specify the Trade date.</p>
        </desc>
</t>
<t>
<field>SETT.VALUE.DATE</field>
<desc>
            <p>Value date of settlement that will be updated into SC.SETTLEMENT.</p>
        </desc>
</t>
<t>
<field>GROSS.AMOUNT</field>
<desc>
            <p>This field will hold the Consolidated Broker gross amount of all aggregated trades.</p>
        </desc>
</t>
<t>
<field>PRICE</field>
<desc>
            <p>This field will hold the consolidated price based on the  aggregated trades.</p>
        </desc>
</t>
<t>
<field>DELIV.INSTR</field>
<desc>
            <p>This field used is to specify the Delivery instruction APMT/FREE maintained as per swift.</p>
        </desc>
</t>
<t>
<field>CONF.AMOUNT</field>
<desc>
            <p>This field will hold the aggregated Amount received in MT515.</p>
        </desc>
</t>
<t>
<field>SETT.INSTR.REF</field>
<desc>
            <p>This field will hold the aggregated MT541/MT543 reference.</p>
        </desc>
</t>
<t>
<field>LOCAL2</field>
<desc>
            <p>Local values to be used for RECONCILIATION.</p>
        </desc>
</t>
<t>
<field>SETT.STAT.REF</field>
<desc>
            <p>This field will hold the aggregated MT548 reference.</p>
        </desc>
</t>
<t>
<field>NOM.OUTSTAND</field>
<desc>
            <p>This field will hold the aggregated nominal outstanding.</p>
        </desc>
</t>
<t>
<field>CONF.REF</field>
<desc>
            <p>This field will hold the aggregated MT515 reference.</p>
        </desc>
</t>
<t>
<field>CANCEL.TRADES</field>
<desc>
            <p>This field can be used to reverse the underlying trades and aggregation records pertaining to it. Only input of YES allowed.</p>
        </desc>
</t>
<t>
<field>NOMINAL</field>
<desc>
            <p>This field will hold the consolidated Nominal of all aggregated trades.</p>
        </desc>
</t>
<t>
<field>DEPO.CONF.REF</field>
<desc>
            <p>This field will hold the  aggregated MT545/MT547 reference.</p>
        </desc>
</t>
<t>
<field>NET.AMOUNT</field>
<desc>
            <p>This field will hold the Consolidated Broker Net amount of all aggregated trades.</p>
        </desc>
</t>
<t>
<field>TOLERANCE.AMOUNT</field>
<desc>
            <p>This field will hold the tolerance amount calculated using tolerance percentage setup in CUSTOMER.SECURITY record of broker.</p>
        </desc>
</t>
<t>
<field>NOM.PERC.SETT.REV</field>
<desc>
            <p>Percentage of nominal settled/reversed as a part of MT545 or MT547.</p>
        </desc>
</t>
<t>
<field>STATUS.NARR</field>
<desc>
            <p>Records the reason for the rejection/reconciliation failure and any other narrative. The status could be:</p>
            <p>NOREC:  No Matching record found for the group based on details in incoming message</p>
            <p>DIFFNOM: Quantity varies from the quantity in the incoming message</p>
            <p>DIFFAMT:  The amount varies from the amount in the incoming message</p>
            <p>MTCHTOL:Status is matched but the amount in incoming message differs from the amount in Recon record but the difference is within tolerance specified</p>
        </desc>
</t>
<t>
<field>CONF.STATUS</field>
<desc>
            <p>This field will hold the Status of Inward MT515 – Matched/Unmatched/Pending.</p>
        </desc>
</t>
<t>
<field>NOM.SETTLED</field>
<desc>
            <p>This field will hold the Total nominal settled as a part of aggregated MT545 or MT547.</p>
        </desc>
</t>
<t>
<field>LOCAL1</field>
<desc>
            <p>Local values to be used for RECONCILIATION.</p>
        </desc>
</t>
<t>
<field>SECURITY</field>
<desc>
            <p>This field used is to specify the Security involved in the trade.</p>
        </desc>
</t>
<t>
<field>STOCK.EXCHANGE</field>
<desc>
            <p>This field used is to specify the Stock exchange maintained as per swift codes.</p>
        </desc>
</t>
<t>
<field>TRANS.CODE</field>
<desc>
            <p>This field used is to specify the Transaction code BUYI/SELL  and is maintained as per swift guidelines.</p>
        </desc>
</t>
<t>
<field>SP.RECON.ID</field>
<desc>
            <p>This is the reference to SP.RECONCILIATION.</p>
        </desc>
</t>
<t>
<field>CONF.NOMINAL</field>
<desc>
            <p>This field will hold the aggregated Nominal received in MT515.</p>
        </desc>
</t>
<t>
<field>SETTLEMENT.STATUS</field>
<desc>
            <p>The status of settlement.</p>
            <p>Pending - Before any settlement confirmation is received </p>
            <p>Partial - After partial settlement</p>
            <p>Settled  After complete settlement</p>
        </desc>
</t>
<t>
<field>TRADE.CURRENCY</field>
<desc>
            <p>This field used is to specify the Currency of trade.</p>
        </desc>
</t>
<t>
<field>RECON.NOMINAL</field>
<desc>
            <p>This field is used for manual reconciliation without MT515.</p>
        </desc>
</t>
<t>
<field>DEPOSITORY</field>
<desc>
            <p>This field used is to specify the Depository involved in the trade.</p>
        </desc>
</t>
<t>
<field>AMT.OUTSTAND</field>
<desc>
            <p>This field will hold the aggregated nominal outstanding.</p>
        </desc>
</t>
<t>
<field>AMT.PERC.SETT.REV</field>
<desc>
            <p>Percentage of amount settled/reversed as a part of MT545 or MT547.</p>
        </desc>
</t>
<t>
<field>AMT.SETTLED</field>
<desc>
            <p>This field will hold the Total amount settled as a part of aggregated MT545 or MT547.</p>
        </desc>
</t>
<t>
<field>BROKER.NO</field>
<desc>
            <p>This field used is to specify the Broker whose MT515 will be aggregated (i.e. Aggregated Broker</p>
        </desc>
</t>
<t>
<field> SEQUENCE </field>
<desc>
            <p> This field will accept contains alphanumeric Value </p>
            <p> This field to hold the current child record sequence and also the total child records for populating the depository delivery messages under qualifiers TOSE and SETT </p>
        </desc>
</t>
</menu>
</t24help>

