<?xml version="1.0" encoding="utf-8"?>
<t24help>
<header>
<product>SP</product>
<table>SP.STATUS</table>
</header>
<overview>
<ovdesc>

            <p />
            <p>This file is used</p>
            <p> to generate MT509 manually/automatically and MT549 (for requesting a MT576 message)</p>
            <p />
        </ovdesc>
<ovimage></ovimage>
</overview>
<menu>
<t>
<field>ORD.EXE.REF</field>
<desc>
            <p />
            <p>This field will accept a valid SEC.OPEN.ORDER reference if 509 is inputted in SEND.MSG field. This field will not allow any value if TRADE.REF is input.</p>
            <p>
                <p>Validation Rules:</p>
            </p>
            <p />
            <p>Valid record in SP.ORDER.STP.ACTIVITY file</p>
        </desc>
</t>
<t>
<field>REQ.TIME</field>
<desc>
            <p />
            <p>Current time will be defaulted</p>
            <p />
            <p>It can also be changed</p>
            <p>
                <p>Validation Rules:</p>
            </p>
            <p />
            <p />
        </desc>
</t>
<t>
<field>NARRATIVE</field>
<desc>
            <p>This field forms associated multivalue set along with REASON.CODE and is used to hold description of the assoicated reason code</p>
            <p>
                <p>Validation Rules:</p>
            </p>
            <p />
            <p>Input allowed only for MT509</p>
        </desc>
</t>
<t>
<field>TRADE.REF</field>
<desc>
            <p />
            <p>This field will accept a valid SEC.TRADE reference if 509 is inputted in SEND.MSG field. This field will not allow any value if ORD.EXE.REF is input</p>
            <p>
                <p>Validation Rules:</p>
            </p>
            <p />
            <p />
        </desc>
</t>
<t>
<field>SEND.MSG</field>
<desc>
            <p>Holds the message type that will be sent</p>
            <p>
                <p>Validation Rules:</p>
            </p>
            <p />
            <p>Record should exist in DE.MESSAGE file</p>
            <p>Input should be only MT509 and MT549</p>
        </desc>
</t>
<t>
<field>STATUS.CODE</field>
<desc>
            <p />
            <p>This field will allow the following codes MACH_NMAT_AFFI_NAFI. If STATUS.QUALIFIER is set to :MTCH then code MACH/NMAT will be allowed as input.</p>
            <p />
            <p>For  :AFFM AFFI or NAFI code will be allowed as input.</p>
            <p />
            <p>For :CPRC, CANP will allowed as input</p>
            <p />
            <p>For :RPRC, DAND will allowed as input</p>
            <p />
            <p>
                <p>Validation Rules:</p>
            </p>
            <p />
            <p />
            <p>Mandatory input if     STATUS.QUALIFIER is input with a value and if SEND.MSG is 509</p>
            <p />
        </desc>
</t>
<t>
<field>REQ.DATE</field>
<desc>
            <p />
            <p>Current date will be defaulted</p>
            <p />
            <p>It can also be changed</p>
            <p>
                <p>Validation Rules:</p>
            </p>
            <p />
            <p>Valid Date format</p>
        </desc>
</t>
<t>
<field>STATUS.NO</field>
<desc>
            <p />
            <p>A key to the record that will be auto generated.</p>
            <p>
                <p>Validation Rules:</p>
            </p>
            <p />
            <p />
        </desc>
</t>
<t>
<field>STATUS.QUALIFIER</field>
<desc>
            <p />
            <p>This field will allow the following options</p>
            <p>: MTCH       </p>
            <p />
            <p>: AFFM</p>
            <p />
            <p>: CPRC</p>
            <p />
            <p>: RPRC</p>
            <p>This field is used to describe the status of message being sent.</p>
            <p>
                <p>Validation Rules:</p>
            </p>
            <p />
            <p>Valid SWIFT qualifier</p>
        </desc>
</t>
<t>
<field>RECEIVER</field>
<desc>
            <p />
            <p>The Receiver of the message will be input in this field. This field will allow a valid CUSTOMER. SECURITY record of a BROKER</p>
            <p>
                <p>Validation Rules:</p>
            </p>
            <p />
            <p>Valid record on CUSTOMER. SECURITY and BROKER. TYPE should be BROKER</p>
        </desc>
</t>
<t>
<field>REASON.CODE</field>
<desc>
            <p />
            <p>This field  will hold the value if MT509 is sent as rejection and will hold the reason codes for rejection</p>
            <p>This field will allow input if STATUS.CODE is set to NMAT or NAFI.</p>
            <p>
                <p>Validation Rules:</p>
            </p>
            <p />
            <p>Should be valid record on SP.REASON.CODE file</p>
            <p>Mandatory input if STATUS.CODE is NMAT or NAFI</p>
            <p>Input allowed only for MT509</p>
        </desc>
</t>
<t>
<field>BROKER.REF</field>
<desc>
            <p />
            <p>When an inward MT509/MT576 is received for a previously sent query, this field will be populated with the senders reference. The sender's reference from an  inward message will be recorded in this field. For rejection MT509 this field will be populated with the senders reference in MT513/MT515</p>
            <p>
                <p>Validation Rules:</p>
            </p>
            <p />
            <p />
        </desc>
</t>
<t>
<field>DELIVERY.REF</field>
<desc>
            <p>This field holds the delivery reference</p>
            <p>
                <p>Validation Rules:</p>
            </p>
            <p />
            <p />
        </desc>
</t>
<t>
<field>LINK.IN.REF</field>
<desc>
            <p>This field will hold delivery reference of MT509, MT513 and MT515</p>
            <p>
                <p>Validation Rules:</p>
            </p>
            <p />
            <p />
        </desc>
</t>
<t>
<field>LINK.MSG</field>
<desc>
            <p />
            <p>This field will allow option 576_502_513_515. </p>
            <p />
            <p>This field will accept 576 if SEND.MSG is 549 otherwise it accepts 502 513 or 515 depending upon the fields STATUS.QUALIFIER, ORD.EXE.REF and TRADE.REF. </p>
            <p />
            <p>If STATUS.QUALIFIER is: CPRC or: RPRC then this field will hold 502.</p>
            <p>If STATUS.QUALIFIER is: MTCH or: AFFM then this field will hold 513 if ORD.EXE.REF is inputted.</p>
            <p />
            <p>If STATUS.QUALIFIER is: MTCH or: AFFM then this field will hold 515 if TRADE.REF is inputted.</p>
            <p />
            <p>
                <p>Validation Rules:</p>
            </p>
            <p />
            <p>Valid record in DE.MESSAGE file</p>
        </desc>
</t>
</menu>
</t24help>

