<?xml version="1.0" encoding="utf-8"?>
<t24help>
<header>
<product>SP</product>
<table>SP.STP.PARAM</table>
</header>
<overview>
<ovdesc>

            <p>This parameter file will be allowed to input only when product SP is being set for a company.</p>
        </ovdesc>
<ovimage></ovimage>
</overview>
<menu>
<t>
<field>TRADE.VERSION</field>
<desc>
            <p> This field will accept a Version record that is used to authorise SEC.TRADE as a part of aggregated MT515.</p>
        </desc>
</t>
<t>
<field>OFS.SOURCE</field>
<desc>
            <p> This field will hold the OFS.SOURCE record that will be used for aggregation process.</p>
        </desc>
</t>
<t>
<field>SETTLE.VERSION</field>
<desc>
            <p> This field will accept a Version record that is used to authorise SC.SETTLEMENT as a part of aggregated MT545 or MT547.</p>
        </desc>
</t>
<t>
<field>REASON.CODE</field>
<desc>
            <p>This field specifies the reason code under which rejection MT509 is to be sent.</p>
            <p />
            <p>At present, only following values will be allowed to input </p>
            <p />
            <p>DSEC     Invalid security</p>
            <p />
            <p>DQUA     Invalid quantity</p>
            <p />
            <p>DDEA     Invalid Deal price</p>
            <p />
            <p>NCRR     Invalid Currency</p>
            <p />
            <p>ULNK      Invalid Reference</p>
            <p />
            <p> If any value is input in this field then rejection 509 will be sent automatically otherwise 509 will be sent manually for the message specified in AUTO.COMPARE field</p>
            <p>
                <p>Validation Rules:</p>
            </p>
            <p />
            <p>Valid SWIFT MT509 reason code</p>
        </desc>
</t>
<t>
<field>USER.ROUTINE</field>
<desc>
            <p>The routine specified in this field will be called during inward processing of messages.</p>
            <p>The user routine can be used to check for additional rejections for the message type being processed locally at client site.</p>
            <p>Two arguments will be passed to this routine. </p>
            <p>1. Inward message record</p>
            <p>2. Rejection record which is SP.STATUS record</p>
            <p>User routine needs to check for rejections using inward message record and append the rejection code to REASON.CODE field of SP.STATUS record</p>
            <p>
                <p>Validation Rules:</p>
            </p>
            <p />
            <p>PGM.FILE record with type 'S'</p>
        </desc>
</t>
<t>
<field>RECON.VERSION</field>
<desc>
            <p> This field will accept a Version record that is used to authorise SP.RECONCILIATION.</p>
        </desc>
</t>
<t>
<field>AGGR.VERSION</field>
<desc>
            <p> This field will accept a Version record that is used to authorise SP.AGGREGATION.</p>
        </desc>
</t>
<t>
<field>AUTO.COMPARE</field>
<desc>
            <p />
            <p>This field will allow options 513 and 515.</p>
            <p />
            <p>Message type specified here will be checked for rejection during inward message processing. </p>
            <p />
            <p>Rejection MT509 will be sent automatically ( when message type is specified) and manually( when message type is not specified or no REASON.CODE specified)</p>
            <p />
            <p> Associated multi value field with USER.ROUTINE and REASON.CODE</p>
            <p>
                <p>Validation Rules:</p>
            </p>
            <p />
            <p>Valid DE.MESSAGE record.</p>
        </desc>
</t>
<t>
<field>COMPANY</field>
<desc>
            <p> ID will be company.</p>
            <p>
                <p>Validation Rules:</p>
            </p>
            <p />
            <p>Up to 12 Alpha numeric characters in length</p>
        </desc>
</t>
<t>
<field>MSG.TYPE</field>
<desc>
            <p>Holds the list of messages that can be used in product SP.</p>
            <p>The following message types are supported</p>
            <p>502, 509, 513, 514, 515, 544, 545, 546, 547, 549, 576</p>
            <p>
                <p>Validation Rules:</p>
            </p>
            <p />
            <p>Up to 3 numeric characters in length</p>
        </desc>        
</t>
<t>
<field>XML.IN.DIR</field>
<desc>
<p>Defines the name of the directory used to hold incoming MX xml messages.</p>
<p>The UNIX or NT pathname for the directory can be specified with apos;/apos; separators (Note do not use apos;\apos; in an NT environment).</p>
<p>If no path is specified the system will create a directory at authorisation if it does not exist, otherwise the directory must exist.</p>
<p>validation:</p>
<p>Must be a type 1 or 19 file if an existing directory is defined</p>
</desc>
</t>
<t>
<field>XML.ARC.DIR</field>
<desc>
<p>Defines the name of the directory used to hold archieved MX xml messages recieved.</p>
<p>The UNIX or NT pathname for the directory can be specified with apos;/apos; separators (Note do not use apos;\apos; in an NT environment).</p>
<p>If no path is specified the system will create a directory at authorisation if it does not exist, otherwise the directory must exist.</p>
<p>validation:</p>
<p>Must be a type 1 or 19 file if an existing directory is defined.</p>
</desc>
</t>
<t>
<field>OFSML.DIR</field>
<desc>
<p>Defines the name of the directory used to store the converted OFSML messages from XML message.</p>
<p>The UNIX or NT pathname for the directory can be specified with apos;/apos; separators (Note do not use apos;\apos; in an NT environment).</p>
<p>If no path is specified the system will create a directory at authorisation if it does not exist, otherwise the directory must exist.</p>
<p>validation</p>
<p>Must be a type 1 or 19 file if an existing directory is defined.</p>
</desc>
</t>
</menu>
</t24help>

