<t24help>
  <header>
    <product>USRETL</product>
    <title>Safe Deposit Box</title>
    <table>SDB.BOX.DETAILS</table>
  </header>
  <overview>
    <ovdesc>
      <p>Capture the safe deposit box inventory details</p>
      <p></p>
    </ovdesc>
    <ovimage>
    </ovimage>
  </overview>
  <menu>
    <t>
      <field>DESCRIPTION</field>
      <desc>
        <p>This field is used to provide the description</p>
		<P>for the table</P>
        <p>Safe deposit Box details</p>
      </desc>
    </t>  
    <t>
      <field>ALTERNATE.ID</field>
      <desc>
        <p>This field is used to provide the alternate id</p>
        <p>for the safe deposit box type</p>
		<p>This field can be used for migration purpose</p>
	  </desc>
    </t>    
    <t>
      <field>MNEMONIC</field>
      <desc>
        <p>This field is used to provide the Mnemonic</p>
        <p>for the safe deposit box type</p>
      </desc>
    </t> 
	<t>
      <field>CUS.KEY.NUMBER</field>
      <desc>
        <p>This field is used to store the Customer</p>
        <p>key number for the Safe deposit Box</p>
	  </desc>
    </t> 
	<t>
      <field>CUS.KEY.STATUS</field>
      <desc>
        <p>This field is used to specify the Customer</p>
        <p>key status for the Safe Deposit Box</p>
	  </desc>
    </t> 
	<t>
      <field>BANK.KEY.NUMBER</field>
      <desc>
        <p>This field is used to store the Bank</p>
        <p>key number for each Safe Deposit Box</p>
	  </desc>
    </t>
	<t>
      <field>BANK.KEY.STATUS</field>
      <desc>
        <p>This field is used to store the Status of the</p>
        <p>Bank key for each Safe Deposit Box</p>
	  </desc>
    </t>
	<t>
      <field>SDB.STATUS</field>
      <desc>
        <p>The value to this field will be defaulted from</p>
        <p>the status defined in the table SDB.PARAMETER</p>
		<P>The user is allowed to change the status</P>
		<P>of the safe deposit box</P>
	  </desc>
    </t>
	<t>
      <field>NOTES</field>
      <desc>
        <p>This field is used to give any additional information</p>
        <p>related to Box type</p>
	  </desc>
    </t>
	<t>
      <field>LOCATION</field>
      <desc>
        <p>This field is used to specify the location</p>
        <p>of the safe deposit box</p>
	  </desc>
    </t> 
	<t>
      <field>ARRANGEMENT.ID</field>
      <desc>
        <p>This field gets updated once the safe deposited box</p>
        <p>is Blocked or Rented</p>
	  </desc>
    </t> 
  </menu>
</t24help>