<t24help>
  <header>
    <product>USRETL</product>
    <title>Safe Deposit Box</title>
    <table>SDB.PARAMETER</table>
  </header>
  <overview>
    <ovdesc>
      <p>SDB Parameter table</p>
      <p></p>
    </ovdesc>
    <ovimage>
    </ovimage>
  </overview>
  <menu>
    <t>
      <field>DESCRIPTION</field>
      <desc>
        <p>This field provides the description for</p>
        <p> Safe Deposit Box parameter</p>
      </desc>
    </t>  
    <t>
      <field>DEF.BOX.STATUS</field>
      <desc>
        <p>This field is used to define the status by which</p>
        <p>the Safe deposit box will be created.</p>
        <p>Current valid Status:</p>
		<p>Available Maintenance Rented Blocked Reserved</p>
      </desc>
    </t>
    <t>
      <field>SDB.OFS.SOURCE</field>
      <desc>
        <p>This field is used to define the OFS.SOURCE to update</p>
        <p>the status of the box in SDB.BOX.DETAILS</p>
      </desc>
    </t>    
    <t>
      <field>SDB.OFS.VERSION</field>
      <desc>
        <p>This field is used to define the OFS VERSION to post</p>
        <p>in the application SDB.BOX.DETAILS</p>
      </desc>
    </t> 
  </menu>
</t24help>