<t24help>
  <header>
    <product>USRETL</product>
    <title>Safe Deposit Box</title>
    <table>SDB.BOX.REQUEST</table>
  </header>
  <overview>
    <ovdesc>
      <p>Customer and the safe deposit box details</p>
    </ovdesc>
    <ovimage>
    </ovimage>
  </overview>
  <menu>
    <t>
      <field>BOX.COMPANY</field>
      <desc>
        <p>This field is used to specify the Company code in which the safe deposit box is located</p>
      </desc>
    </t>  
    <t>
      <field>BOX.SIZE</field>
      <desc>
        <p>This field is used to specify the Box size rented for the customer</p>
      </desc>
    </t>    
    <t>
      <field>CABINET.NO</field>
      <desc>
        <p>This field is used to store the cabinet number under which the safe deposit box is located</p>
      </desc>
    </t> 
    <t>
      <field>BOX.NO</field>
      <desc>
        <p>This field denotes the Box number rented to the customer</p>
      </desc>
    </t>
    <t>
      <field>STATUS</field>
      <desc>
        <p>This field gets updated with values OPEN and CLOSE based on the activity</p>
	<p>If the box status is rented then the status in this table will be updated as Open and if the box status is closed then the status in this table will be updated as Closed</p>
      </desc>
    </t>
    <t>
      <field>OPEN.DATE</field>
      <desc>
        <p>This field is updated based on the effective date of the  apply payment activity</p>
      </desc>
    </t>
    <t>
      <field>CLOSE.DATE</field>
      <desc>
        <p>This field is updated based on the effective date of the close arrangement activity</p>
      </desc>
    </t>
    <t>
      <field>PRIMARY.CUSTOMER</field>
      <desc>
        <p>This field updates the primary customer id of the safe deposit box</p>
      </desc>
    </t> 
    <t>
      <field>OTHER.CUSTOMER</field>
      <desc>
        <p>This field updates  the other joint customers of safe deposit box</p>
      </desc>
    </t> 
    <t>
      <field>CUSTOMER.ROLE</field>
      <desc>
        <p>This field defines the role of Primary customer and Joint customers</p>
      </desc>
    </t>
    <t>
      <field>VISIT.CUSTOMER</field>
      <desc>
        <p>This field denotes the name of the customer who visited the safe deposit box. This field gets updated based on customer visit activity</p>
      </desc>
    </t>
    <t>
      <field>VISIT.DATE</field>
      <desc>
        <p>This field gets updated based on the customer visit of safe deposit box</p>
	<p>This gets updated based on customer visit activity</p>
	  </desc>
    </t>
    <t>
      <field>VISIT.TIME</field>
      <desc>
        <p>This field denotes the visit time of safe deposit box by the primary or joint customers</p>
	<P>This field gets updated based on customer visit activity</P>
      </desc>
    </t>
	<t>
      <field>VISIT.ACTIVITY</field>
      <desc>
        <p>This field update the activity id of customer visit activity</p>
      </desc>
    </t>
  </menu>
</t24help>