<t24help>
  <header>
    <product>USRETL</product>
    <title>Safe Deposit Box</title>
    <table>SDB.BOX.REQUEST</table>
  </header>
  <overview>
    <ovdesc>
      <p>Customer requested for Safe deposit box</p>
      <p></p>
    </ovdesc>
    <ovimage>
    </ovimage>
  </overview>
  <menu>
    <t>
      <field>REQ.DATE</field>
      <desc>
        <p>This fields is used store the request date</p>
		<P>of the customer for Safe Deposit Box</P>
      </desc>
    </t>  
    <t>
      <field>BOX.TYPE</field>
      <desc>
        <p>This field is used to select the box types from</p>
        <p>EB.LOOKUP values</p>
		<p>from the table SDB.BOX.TYPE</p>
	  </desc>
    </t>    
    <t>
      <field>CUSTOMER</field>
      <desc>
        <p>This field is used to specify the</p>
        <p>customer requested for Safe deposit box</p>
      </desc>
    </t> 
	<t>
      <field>CUS.NAME</field>
      <desc>
        <p>This field is used to identify the name</p>
        <p>of the customer requested for</p>
		<p>Safe deposit box</p>
	  </desc>
    </t>
	<t>
      <field>NOTES</field>
      <desc>
        <p>This field is used to give any additional information</p>
        <p>related to Box type</p>
	  </desc>
    </t>
	<t>
      <field>STATUS</field>
      <desc>
        <p>This field is used to select the status</p>
        <p>while the creating the safe deposit box request</p>
	  </desc>
    </t>
	<t>
      <field>ARRANGEMENT.ID</field>
      <desc>
        <p>This field gets updated once the safe deposited</p>
        <p>box is Rented</p>
	  </desc>
    </t> 
  </menu>
</t24help>