<t24help>
  <header>
    <product>USRETL</product>
    <title>Safe Deposit Box</title>
    <table>SDB.BOX.ENTRY</table>
  </header>
  <overview>
    <ovdesc>
      <p>Capture the details of Safe deposit box</p>
      <p></p>
    </ovdesc>
    <ovimage>
    </ovimage>
  </overview>
  <menu>
    <t>
      <field>DESCRIPTION</field>
      <desc>
        <p>This field to provide description for the table</p>
        <p>Safe Deposit Box Entry</p>
      </desc>
    </t>  
    <t>
      <field>CABINET.ID</field>
      <desc>
        <p>This field is used to mention Cabinet number</p>
        <p>under which the Safe deposit</p>
        <p>boxes are held</p>
	  </desc>
    </t>
    <t>
      <field>BOX.TYPE</field>
      <desc>
        <p>This field is drop down field with EB.LOOKUP values</p>
        <p>The user can select the Safe deposit box based on</p>
		<p>the customer requirement. The Box type selected here</p>
		<p>should be available as a product under the Safe Deposit Box product group</p>
      </desc>
    </t>    
    <t>
      <field>BOX.START.NO</field>
      <desc>
        <p>This field is used to specifiy the Start number</p>
        <p>for the box type selected</p>
      </desc>
    </t> 
	<t>
      <field>BOX.TOTAL</field>
      <desc>
        <p>This field is used to capture the number of boxes</p>
        <p>being created in the cabinet for the</p>
		<p>specified box type</p>
      </desc>
    </t> 
  </menu>
</t24help>