<?xml version="1.0" encoding="utf-8"?>
<t24help xmlns:xsi="http://www.w3.org/2001/XMLSchema-instance">
    <header>
        <product>USRETL</product>
        <title>USRETL.NSF.PARAMETER</title>
        <table>USRETL.NSF.PARAMETER</table>
    </header>
    <overview>
        <ovdesc>
            <p>This table used to maintain the required details for NSF processiong  like  Cut Off date,Return Method ,Charges and  Version Id</p>
			 <p>@ID will be company code</p>
     </ovdesc>
    </overview>
    <menu>
        <t>
            <field>CUT.OFF.DATE</field>
            <desc>
				<p>This field hold the values cut off date in the format 0W,1W,2W for NSF records processing through service.</p>
				<p>Validation Rules</p>
				<p>Rule: Field length - 15</p>
            </desc>
        </t>
		<t>
            <field>RETURN.METHOD</field>
            <desc>
				<p>This field holds the return type whether it is Pay All or Pay None.</p>
				<p>Validation Rules</p>
				<p>Rule: Field length - 12</p>
            </desc>
        </t>
		<t>
            <field>NSF.VERSION</field>
            <desc>
				<p>This field holds the PGM.VERSION which will be used by the service to process the transaction i.e in IHLD</p>
				<p>Validation Rules</p>
				<p>Rule: Field length - 35.</p>
				<p>Should contain only the version name and not the application</p>
				<p> e.x., this field should contain INPUT if version name to be used is FUNDS.TRANSFER,INPUT</p> 
            </desc>
        </t>
		<t>
            <field>OVERRIDE.ID</field>
            <desc>
				<p>This field holds override ids ,if the transaction gets the mentioned override then it will be store in USRETL.NSF.DETAILS with REASON CODE as NSF</p>
                <p>If other override occured it will be marked as OTHERS</p>
				<p>Validation Rules</p>
				<p>Rule: Field length - 35.</p>
				<p>Valid id from OVERRIDE table</p>
		    </desc>
        </t>
		<t>
            <field>UDP.CHARGE.LIMIT</field>
            <desc>
				<p>This field holds the  charge limit for the UDP transactions per day.</p>
				<p>Validation Rules</p>
				<p>Rule: Field length - 35.</p>
				<p>Valid amount</p>
            </desc>
        </t>

		<t>
            <field>	ODP.CHARGE.LIMIT</field>
            <desc>
				<p>This field holds the  charge limit for the ODP transactions per day</p>
				<p>Validation Rules</p>
				<p>Rule: Field length - 35.</p>
				<p>Valid amount</p>
            </desc>
        </t>
		<t>
            <field>NSF.CHARGE.LIMIT </field>
            <desc>
				<p>This field holds the  charge limit for the NSF transactions per day</p>
				<p>Validation Rules</p>
				<p>Rule: Field length - 35.</p>
				<p>Valid amount</p>
		    </desc>
        </t>
		<t>
            <field>CHANNEL</field>
            <desc>
				<p>This field holds the channels through which the transaction can come through NSF</p>
				<p>Validation Rules</p>
				<p>Rule: Field length - 35.</p>
				<p>Valid EB.CHANNEL id</p>
		    </desc>
        </t>        
		<t>
            <field>RETURN.OVERRIDE</field>
            <desc>
				<p>This field holds a valid override id or a override message</p>
				<p>Validation Rules</p>
				<p>Rule: Field length - 35.</p>
		    </desc>
        </t>        
		<t>
            <field>RETURN.CODE</field>
            <desc>
				<p>This field holds a return code which should be sent back to the interface raising the transaction</p>
				<p>Validation Rules</p>
				<p>Rule: Field length - 35.</p>
		    </desc>
        </t>
		<t>
            <field>DEFAULT.RETURN.CODE</field>
            <desc>
				<p>This field holds a default return code which should be used when the override from transaction is not mapped to a specific reason code</p>
				<p>Validation Rules</p>
				<p>Rule: Field length - 35.</p>
		    </desc>
        </t>                 
    </menu>
</t24help>
