<?xml version="1.0" encoding="utf-8"?>
<t24help xmlns:xsi="http://www.w3.org/2001/XMLSchema-instance">
    <header>
        <product>USRETL</product>
        <title>USRETL.NSF.ACTIVITY</title>
        <table>USRETL.NSF.ACTIVITY</table>
    </header>
    <overview>
        <ovdesc>
            <p>This table used to maintain the yearly Non Sufficient transaction ,Overdraft and untauthorised count,fees record by month and daywise</p>
			 <p>@ID will be account number and YYYYMM ex: 62588-201305</p>
     </ovdesc>
    </overview>
    <menu>
        <t>
            <field>	DAY</field>
            <desc>
				<p>Current date of the transaction ger processed.</p>
				<p>Validation Rules</p>
				<p>Rule: Field length - 2.</p>
            </desc>
        </t>
		<t>
            <field>NSF.COUNT</field>
            <desc>
				<p>This field holds the Non sufficient count transaction occured on that day.</p>
				<p>Validation Rules</p>
				<p>Rule: Field length - 10</p>
            </desc>
        </t>
		<t>
            <field>ODP.COUNT</field>
            <desc>
				<p>This field holds the Overdraft count transaction occured on that day.</p>
				<p>Validation Rules</p>
				<p>Rule: Field length - 10</p>
            </desc>
        </t>

		<t>
            <field>UDP.COUNT</field>
            <desc>
				<p>This field holds the unauthorised count transaction occured on that day.</p>
				<p>Validation Rules</p>
				<p>Rule: Field length - 10</p>
            </desc>
        </t>
	<t>
            <field>NSF.CHARGES</field>
            <desc>
				<p>This field holds the Non sufficient charges transaction occured on that day.</p>
				<p>Validation Rules</p>
				<p>Rule: Field length - 10</p>
            </desc>
        </t>
		<t>
            <field>ODP.CHARGES</field>
            <desc>
				<p>This field holds the Overdraft charges transaction occured on that day.</p>
				<p>Validation Rules</p>
				<p>Rule: Field length - 10</p>
            </desc>
        </t>

		<t>
            <field>UDP.CHARGES</field>
            <desc>
				<p>This field holds the unauthorised charges transaction occured on that day.</p>
				<p>Validation Rules</p>
				<p>Rule: Field length - 10</p>
            </desc>
        </t>
		<t>
            <field>TXN.REF</field>
            <desc>
				<p>This field holds an transaction reference processed on that day . this is a sub associate set</p>
				<p>Validation Rules</p>
				<p>Rule: Field length - 35.</p>
		    </desc>
        </t>
    </menu>
</t24help>
