<?xml version="1.0" encoding="utf-8"?>
<t24help xmlns:xsi="http://www.w3.org/2001/XMLSchema-instance">
    <header>
        <product>USRETL</product>
        <title>USRETL.PAY.OUT.CHECK.DETAILS</title>
        <table>USRETL.PAY.OUT.CHECK.DETAILS</table>
    </header>
    <overview>
        <ovdesc>
			<p>This table holds the pay out check details of the bill generated for the contracts.</p>
            <p>@ID - The ID must be a valid AA.BILL.DETAILS ID</p>
     </ovdesc>
    </overview>
    <menu>
        <t>
            <field>CUSTOMER</field>
            <desc>
				<p>This field is used to store the CUSTOMER id for the check to be produced.</p>
				<p>Must be a valid CUSTOMER ID</p>
            </desc>
        </t>
		<t>
            <field>ARRANGEMENT</field>
            <desc>
				<p>This field is used to store the ARRANGEMENT ID for the check to be produced.</p>
				<p>Must be a valid AA.ARRANGEMENT ID</p>
			</desc>
        </t>
		<t>
            <field>PROPERTY.CLASS</field>
            <desc>
				<p>This field is used to store the PROPERTY.CLASS id for the check to be produced. To identify which of the property class that the bill has been raised.</p>
				<p>Must be a valid AA.PROPERTY.CLASS ID</p>
            </desc>
        </t>
		<t>
            <field>AMOUNT</field>
            <desc>
				<p>This field is used to store the amount value for the check to be produced. Initially it will be same as issue amount field value. To identify which bill amount has been raised during ISSUE.BILL.</p>
				<p>During MAKE.DUE if the amount varies from ISSUE.BILL then that amount will be updated.</p>
            </desc>
        </t>
        <t>
            <field>DATE</field>
            <desc>
				<p>This field is used to store the date for check to be produced. Initially it will be same as issue date field value. To identify which bill date has been raised during ISSUE.BILL.</p>
				<p>During MAKE.DUE if the date varies from ISSUE.BILL then that date will be updated.</p>
            </desc>
        </t>
        <t>
            <field>DUE.AMOUNT</field>
            <desc>
			    <p>This field is used to store the due amount value. To identify the bill due amount has been raised during MAKE.DUE.</p>	
				<p>During MAKE.DUE if the amount varies from ISSUE.BILL then only the due amount will be updated.</p>
            </desc>
        </t>
        <t>
            <field>DUE.DATE</field>
            <desc>
				<p>This field is used to store the due date. To identify the bill due date has been raised during MAKE.DUE.</p>	
				<p>During MAKE.DUE if the amount varies from ISSUE.BILL then only the due date will be updated.</p>
            </desc>
        </t>
        <t>
            <field>ISSUE.AMOUNT</field>
            <desc>
				<p>This field is used to store the issue amount value. To identify which bill amount has been raised during ISSUE.BILL.</p>
			</desc>
        </t>
        <t>
            <field>ISSUE.DATE</field>
            <desc>
				<p>This field is used to store the issue date value. To identify which bill date has been raised during ISSUE.BILL.</p>
            </desc>
        </t>
        <t>
            <field>REVIEW.STATUS</field>
            <desc>
				<p>This field is used to store the review status.</p>
				<p>During MAKE.DUE if the date varies from ISSUE.BILL then review status will be updated as PENDING.</p>
				<p>Valid options are PENDING and REVIEWED</p>
            </desc>
        </t>		
    </menu>
</t24help>
