<?xml version="1.0" encoding="utf-8"?>
<t24help xmlns:xsi="http://www.w3.org/2001/XMLSchema-instance">
    <header>
        <product>USRETL</product>
        <title>USRETL.AVAILABLE.BAL.PARAM</title>
        <table>USRETL.AVAILABLE.BAL.PARAM</table>
    </header>
    <overview>
        <ovdesc>
			<p>This table holds the different components of the Account to calculate the Available balance depands upon the incoming Channel.</p>
            <p>@ID - The ID should be a vaild EB.CHANNEL record Id</p>
     </ovdesc>
    </overview>
    <menu>
        <t>
            <field>DESCRIPTION</field>
            <desc>
				<p>This field is used to describe the purpose of the record.</p>
				<p>Rule: Field length - 35.</p>
            </desc>
        </t>
		<t>
            <field>ADD.COMPONENT</field>
            <desc>
				<p>This field should hold the valid record id of USRETL.AVAILABLE.BAL.DETAILS to return the amount for the account supplied in it.</p>
				<p>This field should only contains the component which should consider as Asset for the Account.</p>
				<p>Rule: Field length - 35.</p>
			</desc>
        </t>
		<t>
            <field>SUB.COMPONENT</field>
            <desc>
				<p>This field should hold the valid record id of USRETL.AVAILABLE.BAL.DETAILS to return the amount for the account supplied in it.</p>
				<p>This field should only contains the component which should consider as Liablity for the Account.</p>
				<p>Rule: Field length - 35.</p>
			</desc>
        </t>
    </menu>
</t24help>
