<?xml version="1.0" encoding="utf-8"?>
<t24help xmlns:xsi="http://www.w3.org/2001/XMLSchema-instance">
	<header>
		<product>USRETL</product>
		<title>USRETL.NSF.DETAILS</title>
		<table>USRETL.NSF.DETAILS</table>
	</header>
	<overview>
		<ovdesc>
			<p>This table will get updated while cheque clearing and ATM or POS transaction ,if the debit account number have insufficient fund  or other core override</p>
			<p>@ID will be the transaction reference</p>
		</ovdesc>
	</overview>
	<menu>
		<t>
			<field>ACCOUNT.NO</field>
			<desc>
				<p>This field hold the debit account number of the transaction.</p>
				<p>Validation Rules</p>
				<p>Rule: Field length - 25.</p>
				<p>Can hold a valid account number</p>
			</desc>
		</t>
		<t>
			<field>APPLICATION</field>
			<desc>
				<p>This field holds the application name used for the tranaction processing.</p>
				<p>Validation Rules</p>
				<p>No user input. System populated field</p>
			</desc>
		</t>
		<t>
			<field>STATUS</field>
			<desc>
				<p>This field holds the status of the transaction as IN.PROGRESS or PAY or RETURN.</p>
				<p>This will get updated while receiving the transaction through interface or decision making or through service routine</p>
				<p>Validation Rules</p>
				<p>Rule: Field length - 25</p>
				<p>Options: PAY or RETURN or NULL</p>	
			</desc>
		</t>
		<t>
			<field>REASON.CODE</field>
			<desc>
				<p>This field holds the transaction whether it's come under Overdraft protection(ODP) or waiting for End of Day Sweep from the link account (EOD.SWEEP ).</p>
				<p>or Non sufficient fund in the debit account(NSF) or Others or waiting for special approval of overrides(NSF2)</p>
				<p>Validation Rules</p>
				<p>No user input. System populated field</p>
			</desc>
		</t>
		<t>
			<field>TXN.DATE</field>
			<desc>
				<p>This field holds the date on which the transaction is presented</p>
				<p>Validation Rules</p>
				<p>No user input. System populated field</p>	
			</desc>
		</t>
		<t>
			<field>TXN.AMOUNT</field>
			<desc>
				<p>This field holds the transaction amount</p>
				<p>Validation Rules</p>
				<p>No user input. System populated field</p>
			</desc>
		</t>
		<t>
			<field>ACCOUNT.OFFICER</field>
			<desc>
				<p>This field holds the account officer of the debit account</p>
				<p>Validation Rules</p>
				<p>No user input. System populated field</p>	
			</desc>
		</t>

		<t>
			<field>WAIVE.CHARGE</field>
			<desc>
				<p>This field holds the flag to waive the charge or not</p>
				<p>Validation Rules</p>
				<p>Rule: YES or NO </p>	
			</desc>
		</t>
		<t>
			<field>OVERRIDE.ID</field>
			<desc>
				<p>This field holds the override while transaction get processed.</p>
				<p>Validation Rules</p>
				<p>No user input. System populated field</p>	
			</desc>
		</t>
		<t>
			<field>CHANNEL</field>
			<desc>
				<p>This field holds the channel through which the transaction is processed</p>
				<p>Validation Rules</p>
				<p>No user input. System populated field</p>	
			</desc>
		</t>
		<t>
			<field>PRESENTMENT.BAL</field>
			<desc>
				<p>This field holds the account balance while the transaction is presented for processing</p>
				<p>Validation Rules</p>
				<p>No user input. System populated field</p>	
			</desc>
		</t>
		<t>
			<field>REJECTION.CODE</field>
			<desc>
				<p>This field holds the rejection code which has to be sent back to the interface which post the transaction</p>
				<p>Setup should be done in USRETL.NSF.PARAMETER to automatically default this field based on overrides</p>
				<p>Validation Rules</p>
				<p>Rule: Field Length - 35</p>	
			</desc>
		</t>				
	</menu>
</t24help>