<?xml version="1.0" encoding="utf-8"?>
<t24help xmlns:xsi="http://www.w3.org/2001/XMLSchema-instance">
    <header>
        <product>USRETL</product>
        <title>USRETL.AVAILABLE.BAL.DETAILS</title>
        <table>USRETL.AVAILABLE.BAL.DETAILS</table>
    </header>
    <overview>
        <ovdesc>
			<p>This table holds the Routines to fetch the different components of Account to calculate the Available balance depands upon the incoming Channel.</p>
            <p>@ID - The ID is a text field to fill meaningful Id</p>
     </ovdesc>
    </overview>
    <menu>
        <t>
            <field>DESCRIPTION</field>
            <desc>
				<p>This field is used to describe the purpose of the record.</p>
				<p>Rule: Field length - 35.</p>
            </desc>
        </t>
		<t>
            <field>CALC.ROUTINE</field>
            <desc>
				<p>This field should hold the valid Routine to return the amount for the account supplied in it.</p>
				<p>This field should only have a Valid EB.API Record.</p>
				<p>Rule: Field length - 35.</p>
			</desc>
        </t>
    </menu>
</t24help>
