<t24help>
  <header>
    <product>USRETL</product>
    <title>Account Last Activity Date</title>
    <table>USRETL.ACTIVITY.DATE.LOG</table>
  </header>
  <overview>
    <ovdesc>
      <p>Capture the details of during the change in Last Activity date of the Account</p>
      <p>This is a Live template.</p>
    </ovdesc>
    <ovimage>
    </ovimage>
  </overview>
  <menu>
    <t>
      <field>@ID</field>
      <desc>
        <p>This field holds the account number</p>
      </desc>
    </t>  
    <t>
      <field>OLD.DATE</field>
      <desc>
        <p>This field is used to capture the old Last Activity Date before modification.</p>
	  </desc>
    </t>
    <t>
      <field>NEW.DATE</field>
      <desc>
        <p>This field is used to capture the old Last Activity Date before modification.</p>
      </desc>
    </t>    
    <t>
      <field>USER.ID</field>
      <desc>
        <p>This field is used to capture the User ID who modifies the Last Activity Date.</p>
      </desc>
    </t> 
	<t>
      <field>DATE</field>
      <desc>
        <p>This field is used to capture the Date on which the Last Activity date is modified.</p>
      </desc>
    </t> 
	<t>
      <field>TIME</field>
      <desc>
        <p>This field is used to capture the Time during the modification of the Last Activity Date.</p>
      </desc>
    </t> 
  </menu>
</t24help>