<?xml version="1.0" encoding="utf-8"?>
<t24help>
<header>
<product>SA</product>
<table>MNEMONIC.DATAGRP</table>
</header>
<overview>
<ovdesc>

        </ovdesc>
<ovimage></ovimage>
</overview>
<menu>
<t>
<field>RATIOS.ID</field>
<desc>
            <p>not used.</p>
        </desc>
</t>
<t>
<field></field>
<desc>
        <p>Key to this application. This is the concat file for the field MNEMONIC Of SA.DATA.GROU.</p>
        <p>RATIOS.ID</p>
        <p>Not used.</p>
        <p>DATA.GROUP.ID</p>
        <p>Key to a valid SA.DATA.GROUP record.</p>
    </desc>
</t>
<t>
<field>DATA.GROUP.ID</field>
<desc>
            <p>Key to a valid SA.DATA.GROUP record.</p>
        </desc>
</t>
<t>
<field>KEY</field>
<desc>
            <p>Key to this application. This is the concat file for the field MNEMONIC Of SA.DATA.GROUP </p>
        </desc>
</t>
</menu>
</t24help>

