<?xml version="1.0" encoding="utf-8"?>
<t24help>
<header>
<product>SA</product>
<table>SA.SCORE.LIMIT</table>
</header>
<overview>
<ovdesc>

            <p>This table would be used to define the allowable limits for various product types depending on the points scored by the borrower. The structure of this table is designed in such a manner that specific limit amounts could be defined for each block of scores for each product type. </p>
        </ovdesc>
<ovimage></ovimage>
</overview>
<menu>
<t>
<field>UPTO.SCORE</field>
<desc>
            <p>This field is used to define the score upto which the limit mentioned in the next field is applicable. The value in the last multi-value field should be 'REST' to define the upper band.  While assigning the limits for a particular product it would be possible to do so for each block of score. For example;

2.1    Upto Score        24
3.1    Rec Limit         0.00
2.2    Upto Score        39
3.2    Rec Limit         1,000,000
2.3    Upto Score        69
3.3    Rec Limit         5,000,000
2.4    Upto Score        REST
3.4    Rec Limit         10,000,000
</p>
            <p>
                <p>Validation Rules:</p>
            </p>
            <p>Upto six character numeric plus a decimal point.</p>
        </desc>
</t>
<t>
<field>REC.EB.RATING</field>
<desc>
            <p>This field is updated to record the rating  for the associated data content in Upto Score field.</p>
            <p> Should be a valid record in EB.RATING</p>
        </desc>
</t>
<t>
<field>REC.LIMIT</field>
<desc>
            <p>This field is used to define the recommended limit for the score mentioned in the earlier field.The value in the last multi-value field should be 'REST' to define the upper band. While assigning the limits for a particular product it would be possible to do so for each block of score. For example;

2.1    Upto Score       24
3.1    Rec Limit        0.00
2.2    Upto Score       39
3.2    Rec Limit        1,000,000
2.3    Upto Score       69
3.3    Rec Limit        5,000,000
2.4    Upto Score       REST
3.4    Rec Limit        10,000,000
</p>
            <p>
                <p>Validation Rules:</p>
            </p>
            <p>Standard T24 'AMOUNT' field</p>
        </desc>
</t>
<t>
<field>REC.PRE.PAY.PERC</field>
<desc>
            <p>This field is updated to record the pre-payment percentage of loan  for the associated data content in Upto Score field..</p>
        </desc>
</t>
<t>
<field>REC.SCORE.STATUS</field>
<desc>
            <p>This field is updated to record the scoring status of the customer for the associated data content in Upto Score field..</p>
            <p> Lookup field with identifier as SA.SCORE.STATUS</p>
        </desc>
</t>
<t>
<field>REC.INT.SPREAD</field>
<desc>
            <p>This field is updated to record the spread application for the associated data content in Upto Score field.</p>
        </desc>
</t>
<t>
<field></field>
<desc>
        <p>Upto 35 character alphanumeric description field Multivalue field to support local language </p>
        <p>Validation Rules</p>
        <p> Upto 35 characters alphanumeric Mandatory inpu.</p>
        <p>CALC.ROUTINE</p>
        <p>Should the user so desire, a calculation routine developed locally may be attached to assign the recommended limits. In this case, fields 2 and 3 should be left blank. </p>
        <p>Validation Rules</p>
        <p> Must be a valid record on PGM.FILE The record should have PGM.TYPE as 'S' Input allowed in this field only if fields Upto Score and Rec Limit are blan.</p>
        <p>REC.LIMIT</p>
        <p>This field is used to define the recommended limit for the score mentioned in the earlier field.The value in the last multi-value field should be 'REST' to define the upper band. While assigning the limits for a particular product it would be possible to do so for each block of score. For example;2.1 Upto Score 243.1 Rec Limit 0.002.2 Upto Score 393.2 Rec Limit 1,000,0002.3 Upto Score 693.3 Rec Limit 5,000,0002.4 Upto Score REST3.4 Rec Limit 10,000,000 </p>
        <p>Validation Rules</p>
        <p> Standard T24 'AMOUNT' fiel.</p>
        <p>UPTO.SCORE</p>
        <p>This field is used to define the score upto which the limit mentioned in the next field is applicable. The value in the last multi-value field should be 'REST' to define the upper band. While assigning the limits for a particular product it would be possible to do so for each block of score. For example;2.1 Upto Score 243.1 Rec Limit 0.002.2 Upto Score 393.2 Rec Limit 1,000,0002.3 Upto Score 693.3 Rec Limit 5,000,0002.4 Upto Score REST3.4 Rec Limit 10,000,000 </p>
        <p>Validation Rules</p>
        <p> Upto six character numeric plus a decimal point.</p>
        <p>ID</p>
        <p>Key to this application. Should a valid record in SA.SCORE.CARd</p>
    </desc>
</t>
<t>
<field>CALC.ROUTINE</field>
<desc>
            <p>Should the user so desire, a calculation routine developed locally may be attached to assign the recommended limits.</p>
            <p>In this case, fields 2 and 3 should be left blank.</p>
            <p>
                <p>Validation Rules:</p>
            </p>
            <p>Must be a valid record on PGM.FILE</p>
            <p>The record should have PGM.TYPE as 'S' </p>
            <p>Input allowed in this field only if fields Upto Score and Rec Limit are blank</p>
        </desc>
</t>
<t>
<field>DESCRIPTION</field>
<desc>
            <p>Upto 35 character alphanumeric description field</p>
            <p>Multivalue field to support local language</p>
            <p>
                <p>Validation Rules:</p>
            </p>
            <p>Upto 35 characters alphanumeric</p>
            <p>Mandatory input</p>
        </desc>
</t>
<t>
<field>ID</field>
<desc>
            <p>Key to this application. Should a valid record in SA.SCORE.CARD</p>
        </desc>
</t>
</menu>
</t24help>

