<t24help>
  <header>
    <product>USCORE</product>
    <title>USCORE.AA.ARRANGEMENT</title>
    <table>USCORE.AA.ARRANGEMENT</table>
  </header>
  <overview>
    <ovdesc>
      <p>This table is used to store and maintain the loan information related to US Credit bureau reporting</p>
      <p></p>
     
    </ovdesc>
    <ovimage>
    </ovimage>
  </overview>
  <menu>
    <t>
      <field>CBR.ACCT.STATUS</field>
      <desc>
        <p>This field is used to store the Account status code as per metro2 format of Credit bureau reporting</p> 
<p> Valid codes are 05,11, 13, 61-65,71,78,80,82, 83, 84, 89, 93-97, DA, DF</p>		
      </desc>
    </t>
    
	<t>
      <field>CBR.PYMT.RATING</field>
      <desc>
        <p>This field is used to store Payment ratings based on overdue status as per metro2 format of Credit bureau reporting</p>  
<p>valid codes are 
0  =  Current account 
            (0?29 days past the due date) 
1  =  30-59 days past the due date 
2  =  60-89 days past the due date 
3  =  90-119 days past the due date  
4  =  120-149 days past the due date 
5  =  150-179 days past the due date 
6  =  180 or more days past the due date 
G  =  Collection 
L  =  Charge-off </p>		
      </desc>
    </t>
    
		<t>
      <field>CBR.CMPLN.CODE</field>
      <desc>
        <p>This field is used to enter the legal compliance code as mentioned by Fair Credit Reporting Act(FRCA)</p>     
      </desc>
    </t>
	
			<t>
      <field>CBR.CHARGE.OFF</field>
      <desc>
        <p>For account status codes 64 and 97(all portfolio types), this field is used to store the original amount charged to loss, regardless of the declining balance in the current balance and amount past due</p>     
      </desc>
    </t>

<t>
      <field>CRA.TYPE</field>
      <desc>
        <p>This field defines the Community Reinvestment Act Reporting Type for a lending product. </p>     
	<p></p>
	</desc>
    </t>

<t>
      <field>ORIGIN</field>
      <desc>
        <p>This field defines the Origin of the Loan. It can take only values from the dropdown list.  1. Originated 2. Purchased.</p>     
	<p></p>
	<p>Validation Rules:</p>
	<p></p>
	<p>This field is Mandatory.</p>
      </desc>
    </t>

<t>
      <field>REVENUE</field>
      <desc>
        <p>This field is used to capture the Revenue of the Business or Farm of the customer.</p>     
      </desc>
    </t>
	
<t>
      <field>INCOME</field>
      <desc>
        <p>This field is used to capture the Gross Annual Income of the borrower.</p>     
      </desc>
    </t>

<t>
      <field>AFFILIATE.LOAN</field>
      <desc>
        <p>This field is used to define the type of Loan. It can take the values from the dropdown list. 1. By Institution 2. By Affiliate</p>     
      </desc>
    </t>

<t>
      <field>MSA.MD</field>
      <desc>
        <p>This field is used to capture the Metropolitan Statistical Area /Metropolitan Division number</p>     
	<p></p>
	<p>Validation Rules:</p>
	<p>This field is mandatory only if CRA.TYPE is selected.</p>
      </desc>
    </t>

<t>
      <field>STATE</field>
      <desc>
        <p>This field is used to capture the State. This field can take values from the dropdown list attached with the valid states</p>     
      </desc>
    </t>

<t>
      <field>COUNTY</field>
      <desc>
        <p>This field is used to capture the County of the respective State. This field can take values from the dropdown list attached with the valid County for the user</p>     
      </desc>
    </t>

<t>
      <field>CENSUS.TRACT</field>
      <desc>
        <p>This field is used to capture the Loan location for census tract.</p>     
	<p></p>
	<p>This is a User input field.</p>
	<p></p>
	<p>Validation Rules:</p>
	<p></p>
	<p>Up to 7 type A (alphanumeric) characters</p>
      </desc>
    </t>

<t>
      <field>ORIGINAL.AMOUNT</field>
      <desc>
        <p>This field denotes the total amount which is lent to the customer at the time of Loan Origination</p>     
      </desc>
    </t>
	
	</menu>
</t24help>
