<t24help>
  <header>
    <product>US Loan Regulations</product>
    <title>USLREG.PARAMETER</title>
    <table>USLREG.PARAMETER</table>
  </header>
  <overview>
    <ovdesc>
      <p>This table is used to store parameters related to US lending regulations.</p>
      <p></p>
     
    </ovdesc>
    <ovimage>
    </ovimage>
  </overview>
  <menu>

<t>
      <field>DESCRIPTION</field>
      <desc>
        <p>This field is to define the description of regulations.</p>     
      </desc>
    </t>
<t>
      <field>REVENUE.FROM</field>
      <desc>
        <p>This field along with the field REVENUE.TO and REVENUE.CODE is used to parameterized revenue slab for CRA reporting. </p> 
	<p></p>
	<p>This field should hold lower limit of the revenue slab.</p>    
	<p></p>
	<p>Associated Multivalue Field with REVENUE.TO and REVENUE.CODE</p>
	<p>If $25000 - 1Million indicates the revenue code of '1' then this field should hold the lower limit '25000'.</p>
      </desc>
    </t>
<t>
      <field>REVENUE.TO</field>
      <desc>
        <p>This field along with the field REVENUE.FROM and REVENUE.CODE is used to parameterized revenue slab for CRA reporting.</p>  
	<p></p>
	<p>This field should hold higher limit of the revenue slab.</p>    
	<p></p>
	<p>Associated Multivalue Field with REVENUE.FROM and REVENUE.CODE</p>
	<p>If $25000 - 1Million indicates the revenue code of '1' then this field should hold the higher limit 1Million.</p>   
      </desc>
    </t>

<t>
      <field>REVENUE.CODE</field>
      <desc>
        <p>This field should hold the CRA reporting revenue code for the amount slab associated to the fields REVENUE.FROM and REVENUE.TO</p>     
      </desc>
    </t>

<t>
      <field>DEF.REVENUE.CODE</field>
      <desc>
        <p>This is the default revenue code. This code will be used when the customer revenue information is not available. </p>     
      </desc>
    </t>

<t>
      <field>RESERVED.56</field>
      <desc>
        <p>Reserved for future developments</p>     
      </desc>
    </t>

<t>
      <field>RESERVED.55</field>
      <desc>
        <p>Reserved for future developments</p>     
      </desc>
    </t>
<t>
      <field>RESERVED.54</field>
      <desc>
        <p>Reserved for future developments</p>     
      </desc>
    </t>


<t>
      <field>CRA.TYPE</field>
      <desc>
        <p>This field will hold the CRA type for the lending product.</p>     
      </desc>
    </t>
<t>
      <field>RESERVED.53</field>
      <desc>
        <p>Reserved for future developments</p>     
      </desc>
    </t>
<t>
      <field>RESERVED.52</field>
      <desc>
        <p>Reserved for future developments</p>     
      </desc>
    </t>
<t>
      <field>RESERVED.51</field>
      <desc>
        <p>Reserved for future developments</p>     
      </desc>
    </t>
<t>
      <field>AA.PRODUCT</field>
      <desc>
        <p>This field should hold the product that are associated with CRA type mentioned in the field CRA.TYPE.</p> 
	<P></P>
	<p>This is associated sub value field along with CRA.TYPE</p>    
      </desc>
    </t>
<t>
      <field>RESERVED.50</field>
      <desc>
        <p>Reserved for future developments</p>     
      </desc>
    </t>
<t>
      <field>RESERVED.49</field>
      <desc>
        <p>Reserved for future developments</p>     
      </desc>
    </t>
<t>
      <field>RESERVED.48</field>
      <desc>
        <p>Reserved for future developments</p>     
      </desc>
    </t>
<t>
      <field>RESERVED.47</field>
      <desc>
        <p>Reserved for future developments</p>     
      </desc>
    </t>
<t>
      <field>RESERVED.46</field>
      <desc>
        <p>Reserved for future developments</p>     
      </desc>
    </t>
<t>
      <field>RESERVED.45</field>
      <desc>
        <p>Reserved for future developments</p>     
      </desc>
    </t>
<t>
      <field>RESERVED.44</field>
      <desc>
        <p>Reserved for future developments</p>     
      </desc>
    </t>
<t>
      <field>RESERVED.45</field>
      <desc>
        <p>Reserved for future developments</p>     
      </desc>
    </t>
<t>
      <field>RESERVED.44</field>
      <desc>
        <p>Reserved for future developments</p>     
      </desc>
    </t>
<t>
      <field>RESERVED.43</field>
      <desc>
        <p>Reserved for future developments</p>     
      </desc>
    </t>
<t>
      <field>RESERVED.42</field>
      <desc>
        <p>Reserved for future developments</p>     
      </desc>
    </t>
<t>
      <field>RESERVED.41</field>
      <desc>
        <p>Reserved for future developments</p>     
      </desc>
    </t>
<t>
      <field>RESERVED.40</field>
      <desc>
        <p>Reserved for future developments</p>     
      </desc>
    </t>
<t>
      <field>RESERVED.39</field>
      <desc>
        <p>Reserved for future developments</p>     
      </desc>
    </t>
<t>
      <field>RESERVED.38</field>
      <desc>
        <p>Reserved for future developments</p>     
      </desc>
    </t>
<t>
      <field>RESERVED.37</field>
      <desc>
        <p>Reserved for future developments</p>     
      </desc>
    </t>
<t>
      <field>RESERVED.36</field>
      <desc>
        <p>Reserved for future developments</p>     
      </desc>
    </t>
<t>
      <field>RESERVED.35</field>
      <desc>
        <p>Reserved for future developments</p>     
      </desc>
    </t>
<t>
      <field>RESERVED.34</field>
      <desc>
        <p>Reserved for future developments</p>     
      </desc>
    </t>
<t>
      <field>RESERVED.33</field>
      <desc>
        <p>Reserved for future developments</p>     
      </desc>
    </t>
<t>
      <field>RESERVED.32</field>
      <desc>
        <p>Reserved for future developments</p>     
      </desc>
    </t>
<t>
      <field>RESERVED.31</field>
      <desc>
        <p>Reserved for future developments</p>     
      </desc>
    </t>
<t>
      <field>RESERVED.30</field>
      <desc>
        <p>Reserved for future developments</p>     
      </desc>
    </t>
<t>
      <field>RESERVED.29</field>
      <desc>
        <p>Reserved for future developments</p>     
      </desc>
    </t>
<t>
      <field>RESERVED.28</field>
      <desc>
        <p>Reserved for future developments</p>     
      </desc>
    </t>
<t>
      <field>RESERVED.27</field>
      <desc>
        <p>Reserved for future developments</p>     
      </desc>
    </t>
<t>
      <field>RESERVED.26</field>
      <desc>
        <p>Reserved for future developments</p>     
      </desc>
    </t>
<t>
      <field>RESERVED.25</field>
      <desc>
        <p>Reserved for future developments</p>     
      </desc>
    </t>
<t>
      <field>RESERVED.24</field>
      <desc>
        <p>Reserved for future developments</p>     
      </desc>
    </t><t>
      <field>RESERVED.23</field>
      <desc>
        <p>Reserved for future developments</p>     
      </desc>
    </t>
<t>
      <field>RESERVED.22</field>
      <desc>
        <p>Reserved for future developments</p>     
      </desc>
    </t>
<t>
      <field>RESERVED.21</field>
      <desc>
        <p>Reserved for future developments</p>     
      </desc>
    </t>
<t>
      <field>RESERVED.20</field>
      <desc>
        <p>Reserved for future developments</p>     
      </desc>
    </t>
<t>
      <field>RESERVED.19</field>
      <desc>
        <p>Reserved for future developments</p>     
      </desc>
    </t>
<t>
      <field>RESERVED.18</field>
      <desc>
        <p>Reserved for future developments</p>     
      </desc>
    </t>

<t>
      <field>RESERVED.17</field>
      <desc>
        <p>Reserved for future developments</p>     
      </desc>
    </t>
<t>
      <field>RESERVED.16</field>
      <desc>
        <p>Reserved for future developments</p>     
      </desc>
    </t>
<t>
      <field>RESERVED.15</field>
      <desc>
        <p>Reserved for future developments</p>     
      </desc>
    </t>
<t>
      <field>RESERVED.14</field>
      <desc>
        <p>Reserved for future developments</p>     
      </desc>
    </t>
<t>
      <field>RESERVED.13</field>
      <desc>
        <p>Reserved for future developments</p>     
      </desc>
    </t><t>
      <field>RESERVED.12</field>
      <desc>
        <p>Reserved for future developments</p>     
      </desc>
    </t>
<t>
      <field>RESERVED.11</field>
      <desc>
        <p>Reserved for future developments</p>     
      </desc>
    </t>
<t>
      <field>RESERVED.10</field>
      <desc>
        <p>Reserved for future developments</p>     
      </desc>
    </t>
<t>
      <field>RESERVED.9</field>
      <desc>
        <p>Reserved for future developments</p>     
      </desc>
    </t>
<t>
      <field>RESERVED.8</field>
      <desc>
        <p>Reserved for future developments</p>     
      </desc>
    </t>
<t>
      
<t>
      <field>RESERVED.7</field>
      <desc>
        <p>Reserved for future developments</p>     
      </desc>
    </t>
<t>
      <field>RESERVED.6</field>
      <desc>
        <p>Reserved for future developments</p>     
      </desc>
    </t>
<t>
      <field>RESERVED.5</field>
      <desc>
        <p>Reserved for future developments</p>     
      </desc>
    </t>
<t>
      <field>RESERVED.4</field>
      <desc>
        <p>Reserved for future developments</p>     
      </desc>
    </t>

<t>
      <field>RESERVED.3</field>
      <desc>
        <p>Reserved for future developments</p>     
      </desc>
    </t>

<t>
      <field>RESERVED.3</field>
      <desc>
        <p>Reserved for future developments</p>     
      </desc>
    </t>

<t>
      <field>RESERVED.2</field>
      <desc>
        <p>Reserved for future developments</p>     
      </desc>
    </t>

<t>
      <field>RESERVED.1</field>
      <desc>
        <p>Reserved for future developments</p>     
      </desc>
    </t>
	
	</menu>
</t24help>
