<?xml version="1.0" encoding="utf-8"?>
<t24help xmlns:xsi="http://www.w3.org/2001/XMLSchema-instance">
    <header>
        <product>USLREG</product>
        <title>USLREG.HUD.SCRA</title>
        <table>USLREG.HUD.SCRA</table>
    </header>
    <overview>
        <ovdesc>
            <p>To know whether the bank wants to create a delinquency letter for Housing Urban Development (HUD) and Service members Civil Relief Act (SCRA). Create the local table USLREG.HUD.SCRA and should have the below details</p>
        </ovdesc>
    </overview>
    <menu>
		<t>
            <field>	HUD.SCRA </field>
            <desc>
				<p>This field shows whether the 45/30 days delinquent notice has to be generated for HUD-SCRA</p> 
				<p>Validation Rules</p>
				<p>Optional Field, Text Field</p>
				<p>Dropdown Values are Yes and No</p>
			</desc>
	    </t>
        <t>
            <field>	SCRA.PERIOD </field>
            <desc>
			   <p>This field shows the HUD-SCRA notice has to be generated Mandatory field if the field USMB.HUD.SCRA is not equal to NULL</p> 
			   <p>Validation Rules</p>
			   <p>Dropdown Values are 30 and 45</p>
			</desc>
        </t>
		<t>
            <field>	COMPANY.PHONE </field>
            <desc>
			   <p>This field shows the particular branch contact number</p> 
			   <p>Optional Field, Text Field</p>
               <p>Validation Rules</p>
			   <p>Numeric Max 10 characters</p>
            </desc>
        </t>
		<t>
            <field>	HUD.PHONE </field>
            <desc>
			   <p>This field shows the HUD contact number</p> 
			   <p>Optional Field, Text Field</p>
               <p>Validation Rules</p>
			   <p>Numeric Max 10 characters</p>
            </desc>
        </t>
		<t>
            <field>	SMHC.PHONE </field>
            <desc>
			   <p>This field shows the Service Member Housing Counselling contact number</p> 
			   <p>Optional Field, Text Field</p>
               <p>Validation Rules</p>
			   <p>Numeric Max 10 characters</p>
            </desc>
        </t>
		<t>
            <field>	SMHC.WEBSITE </field>
            <desc>
			   <p>This field shows the Service Member Housing Counselling website ID</p> 
			   <p>Optional Field, Text Field</p>
               <p>Validation Rules</p>
			   <p>35 Aplhanumeric characters to allowed</p>
            </desc>
        </t>
    </menu>
</t24help>