<?xml version="1.0" encoding="utf-8"?>
<t24help>
<header>
<product>SE</product>
<table>EXPORT.FILE.DETAILS</table>
</header>
<overview>
<ovdesc>

            <p>This application is used to specify the path to which the data files are to be copied. EXPORT.FILE.DETAILS may be set up only in the export area. When this record is verified, the data files are copied to the specified path with a prefix COMP.</p>
        </ovdesc>
<ovimage></ovimage>
</overview>
<menu>
<t>
<field>FLD.SELECT.REC</field>
<desc>
            <p>Should contain the ID of the corresponding record in COMPARE.FILE.DETAILS. Upto 45 characters are allowed.</p>
        </desc>
</t>
<t>
<field>COMPARE.INFO</field>
<desc>
            <p>Any ID with Alpha-Numeric values. Upto 20 characters are allowed.</p>
        </desc>
</t>
<t>
<field>EXPORT.PATH</field>
<desc>
            <p>Specifies the path to which the comparison data files should be copied to. Mandatory Field . Upto 35 characters are allowed. </p>
        </desc>
</t>
<t>
<field>FILE.NAME</field>
<desc>
            <p>Used to specify the files that are to be copied . Mandatory Field . Upto 35 characters are allowed.</p>
        </desc>
</t>
<t>
<field>FILE.SELECTION</field>
<desc>
            <p>Specifies the selection criteria .Upto 45 characters are allowed. Eg: @ID LIKE MBGL…</p>
        </desc>
</t>
</menu>
</t24help>

