<?xml version="1.0" encoding="utf-8"?>
<t24help>
<header>
<product>SE</product>
<table>MODULE.COMPARE.DETS</table>
</header>
<overview>
<ovdesc>

            <p>This table is used to specify the module flow hierarchy for comparison purposes. The tables that need to be compared are specified here.</p>
        </ovdesc>
<ovimage></ovimage>
</overview>
<menu>
<t>
<field>MOD.COMP.ID</field>
<desc>
            <p>Any ID with Alpha-Numeric values. Upto 35 characters are allowed. </p>
        </desc>
</t>
<t>
<field>MAIN.FILE.NAME</field>
<desc>
            <p>The Name of the file or application that needs to be compared should be entered here.  Eg STMT.ENTRY,  ACCOUNT . Mandatory input. Upto 35 characters are allowed.</p>
        </desc>
</t>
<t>
<field>COMP.RANK</field>
<desc>
            <p>This is a no input field. The field COMP.RANK will be system defaulted and is used for establishing the hierarchy of the linkages.</p>
        </desc>
</t>
<t>
<field>DESCRIPT</field>
<desc>
            <p>Mandatory input. Text for description. Upto 35 characters are allowed. </p>
        </desc>
</t>
<t>
<field>LINK.FIELD</field>
<desc>
            <p>The information that is to be compared , if it is required to be extracted from a linked file, then the details of the common field, through which the data can be linked needs to be specified in this field . Upto 35 characters are allowed. </p>
        </desc>
</t>
<t>
<field>LINK.ID.RTN</field>
<desc>
            <p>Should be a valid routine name. An entry in the PGM.FILE with type 'S' is checked. If no link field exists, then a routine can be attached to this field to link the linked application with the main application. Upto 35 characters are allowed. Eg : GET.PL.KEYS.FOR.LINE</p>
        </desc>
</t>
<t>
<field>LNK.FILE.NAM</field>
<desc>
            <p>Should contain a value in MAIN.FILE.NAME before a value is entered in this field. The linked file name from where the information that needs to be extracted and compared is specified here. Linked applications will be compared only when the main applications throw up differences. Upto 35 characters are allowed. </p>
        </desc>
</t>
</menu>
</t24help>

