<?xml version="1.0" encoding="utf-8"?>
<t24help>
<header>
<product>SE</product>
<table>RE.BAL.DIFFERENCE</table>
</header>
<overview>
<ovdesc>

            <p>This application is an accounting compare utitlity. It is a live file and is updated when the service 'ACCOUNTING.COMPARE'  is run.</p>
        </ovdesc>
<ovimage></ovimage>
</overview>
<menu>
<t>
<field>AL.PL.BALANCE</field>
<desc>
            <p>This is an amount field. The CAL/CPL ids from RE.STAT.LINE.CONT for the line-ccy combination are extracted and the balances from the CAL/CPL are taken and updated into this field. Upto 19 charaters are allowed. </p>
        </desc>
</t>
<t>
<field>AL.PL.ID</field>
<desc>
            <p>The CAL/CPL ids from RE.STAT.LINE.CONT for the line-ccy combination are extracted and updated in this field. Mandatory Field. Upto 34 characters are allowed with a minimum of 3 characters</p>
        </desc>
</t>
<t>
<field>LINE.BALANCE</field>
<desc>
            <p>The job LINE.BAL.COMPARE will select the RE.STAT.LINE.BAL file. The record routine would read the imported file and the file from the current area and when the balances are not equal will write the line.ids into this field. Upto 19 characters are allowed. </p>
        </desc>
</t>
<t>
<field>LINE.ID</field>
<desc>
            <p>The id is LINE.</p>
        </desc>
</t>
</menu>
</t24help>

