<?xml version="1.0" encoding="utf-8"?>
<t24help>
<header>
<product>SE</product>
<table>SEAT.PRODUCT.GROUP</table>
</header>
<overview>
<ovdesc>

            <p>Definition of new product groups which can be used within SEAT.SCRIPTS. For instance TREASURY is a product group under which the scripts for the applications MONEY MARKET, FOREX, FRA.DEALS etc., can be defined.</p>
        </ovdesc>
<ovimage></ovimage>
</overview>
<menu>
<t>
<field>DESCRIPTION</field>
<desc>
            <p>Description of the purpose of the script. This should cover the very purpose for which this script is used for testing. Between 3 and 35 characters allowed, no special editing will be done.</p>
        </desc>
</t>
<t>
<field>PRODUCT.ID</field>
<desc>
            <p>This id is used to specify the T24 modules.This ID will be used in SEAT.SCRIPTS application in PRODUCT.GROUP field.Mandatory field, maximum of 16 characters allowed.</p>
        </desc>
</t>
</menu>
</t24help>

