<?xml version="1.0" encoding="utf-8"?>
<t24help>
<header>
<product>SE</product>
<table>SEAT.INTEGRITY.CHECK.ERRORS</table>
</header>
<overview>
<ovdesc>

            <p>This is the template which gets updated with errors for system wide/integrity check  COB jobs.</p>
        </ovdesc>
<ovimage></ovimage>
</overview>
<menu>
<t>
<field>PROCESS.NAME</field>
<desc>
            <p>Stores the reference to the BATCH record that contains jobs.</p>
            <p>    No input field and can have a maximum of 60 characters</p>
        </desc>
</t>
<t>
<field>JOB.NAME</field>
<desc>
            <p>Reference to the job name. Jobs form the part of a process in the BATCH record. Jobs have a frequency and carries specific attributes.</p>
            <p>    No input field and can have a maximum of 40 characters</p>
        </desc>
</t>
<t>
<field>REASON</field>
<desc>
            <p>States the reason for the error.</p>
            <p>    No input field and can have a maximum of 40 characters</p>
        </desc>
</t>
<t>
<field>ACTUAL</field>
<desc>
            <p>Actual value during upload. No input field and can have a maximum of 40 characters.</p>
        </desc>
</t>
<t>
<field>APPL.FILE.TYPE</field>
<desc>
            <p>This fields hold the product code of the application and the type contingent or non.contingent </p>
            <p> For example </p>
            <p />
            <p> AC-NON.CONT</p>
            <p> BL-CONT</p>
        </desc>
</t>
<t>
<field>BANK.DATE</field>
<desc>
            <p>Updated with bank's current working date.The date is in YYYYMMDD format.</p>
        </desc>
</t>
<t>
<field>EB.JNL.SUMM.ID</field>
<desc>
            <p>Holds the EB.JOURNAL.SUMMARY id. This field is a component of the associated multi-value set (REASON – ACTUAL). The EXPECTED field should always hold ‘0’. The actual will be fetched from the EB.JOURNAL.SUMMARY record. </p>
        </desc>
</t>
<t>
<field>EXPECTED</field>
<desc>
            <p>Expected value of the field.</p>
            <p>    No input field and can have a maximum of 40 characters</p>
        </desc>
</t>
<t>
<field>REC.ID</field>
<desc>
            <p>Stores the RECORD ID during the upload.</p>
            <p>    Multi value field and can have a maximum of 75 characters</p>
        </desc>
</t>
<t>
<field>TEST.ID</field>
<desc>
            <p>The Test id can have a maximum of 35 alpha - numeric characters.</p>
            <p />
        </desc>
</t>
</menu>
</t24help>

