<?xml version="1.0" encoding="utf-8"?>
<t24help>
<header>
<product>SE</product>
<table>SEAT.COMP.SCENARIO</table>
</header>
<overview>
<ovdesc>

            <p> This application defines the order in which the SEAT.COMPONENT to be tested.</p>
            <p> Component specified in the MASTER SEAT component runs first followed</p>
            <p>by the LINK SEAT component.</p>
        </ovdesc>
<ovimage></ovimage>
</overview>
<menu>
<t>
<field>SEAT.SCEN.ID</field>
<desc>
            <p>Key to SEAT.COMP.SCENARIO.</p>
            <p>Must be alphanumeric.</p>
            <p>Should not exceed 35 characters.</p>
        </desc>
</t>
<t>
<field>DESCRIPTION</field>
<desc>
            <p>Description of the SEAT.COMP.SCENARIO.</p>
            <p>Language multi value field.</p>
        </desc>
</t>
<t>
<field>LINK.SEAT.COMP</field>
<desc>
            <p>Name of the SEAT.COMPONENT to be tested followed by the MASTER.SEAT.COMP</p>
            <p>Must be a valid SEAT.COMPONENT.</p>
            <p>Link SEAT.COMPONENT should not be a master seat component.</p>
        </desc>
</t>
<t>
<field>MASTER.SEAT.COMP</field>
<desc>
            <p>Name of the SEAT.COMPONENT to be tested initially.</p>
            <p>Must be a valid SEAT.COMPONENT.</p>
        </desc>
</t>
</menu>
</t24help>

