<?xml version="1.0" encoding="utf-8"?>
<t24help>
<header>
<product>SE</product>
<table>UI.OBJECTS</table>
</header>
<overview>
<ovdesc>

            <p>The T24 Browser screen is represented by various objects with Input fields as Web Edit objects, No input fields as Web Elements, Menus as links etc. Such Objects that are present in the BROWSER Interface such Browser, page, Web element etc are defined in this application.</p>
        </ovdesc>
<ovimage></ovimage>
</overview>
<menu>
<t>
<field>DESCRIPTION</field>
<desc>
            <p>Standard Descriptive field where the description of the Object can be defined.</p>
        </desc>
</t>
<t>
<field>UI.OBJECT.ID</field>
<desc>
            <p>Refers to the name of the standard UI Object that would be used in Scripting.</p>
        </desc>
</t>
</menu>
</t24help>

