<?xml version="1.0" encoding="utf-8"?>
<t24help>
<header>
<product>SE</product>
<table>UI.OBJ.PROPERTIES</table>
</header>
<overview>
<ovdesc>

            <p>The properties of objects identified in UI.OBJECTS are defined in these records and a UI.OBJECTS record must exist prior to the creation of a UI.OBJ.PROPERTIES record.</p>
            <p />
        </ovdesc>
<ovimage></ovimage>
</overview>
<menu>
<t>
<field>DESCRIPTION</field>
<desc>
            <p>Standard Descriptive field</p>
        </desc>
</t>
<t>
<field>PROPERTIES</field>
<desc>
            <p>This field holds the property names of the given UI.OBJECT and would be used in the script to identify the objects.</p>
        </desc>
</t>
<t>
<field>UI.OBJECT.ID</field>
<desc>
            <p>Refers to the ID field of the UI Object. Must be the same as the UI.OBJECTS record that this is linked to.</p>
        </desc>
</t>
</menu>
</t24help>

