<?xml version="1.0" encoding="utf-8"?>
<t24help>
<header>
<product>SE</product>
<table>UI.OBJ.MAPPING</table>
</header>
<overview>
<ovdesc>

            <p>This application holds the details of Standard Mapping Objects and its properties to be used when creating Scripts for a Workflow.This application would be used effectively for building the static objects by their Object name and its properties when Scripts are being built for workflows like SIGN.ON,CONTRACT, ENQUIRY etc. </p>
        </ovdesc>
<ovimage></ovimage>
</overview>
<menu>
<t>
<field>OBJECT.NAME</field>
<desc>
            <p>This holds the name of the Static Objects defined in UI.OBJECTS specific to Workflows.</p>
        </desc>
</t>
<t>
<field>UI.OBJ.MAP.ID</field>
<desc>
            <p>Valid record in UI.T24.OBJ.PROPERTIES must exist first and use the same ID.</p>
        </desc>
</t>
<t>
<field>DESCRIPTION</field>
<desc>
            <p>Standard Descriptive field</p>
        </desc>
</t>
<t>
<field>OBJ.METHOD</field>
<desc>
            <p>Reserved for future use, currently this field has no functionality.</p>
        </desc>
</t>
<t>
<field>OBJ.PROPERTIES</field>
<desc>
            <p>This field refers to the Property names of the Objects defaulted from UI.OBJ.PROPERTIES application when the Object.Name has been selected.</p>
        </desc>
</t>
<t>
<field>OBJ.VALUES</field>
<desc>
            <p>The Object value based on the type of Object.Name field that has been selected will be entered here.This field holds no validation.</p>
        </desc>
</t>
</menu>
</t24help>

