<?xml version="1.0" encoding="utf-8"?>
<t24help>
<header>
<product>SE</product>
<table>UI.T24.OBJ.PROPERTIES</table>
</header>
<overview>
<ovdesc>

            <p>This application holds the detailsof  the static objects (usually fields) that will recognized by the UI Scripting application.</p>
        </ovdesc>
<ovimage></ovimage>
</overview>
<menu>
<t>
<field>DESCRIPTION</field>
<desc>
            <p>Standard Descriptive field</p>
        </desc>
</t>
<t>
<field>OBJECTS</field>
<desc>
            <p>These detail the static data objects that will be recognized by UI scripting.</p>
        </desc>
</t>
<t>
<field>UI.T24.OBJECT.ID</field>
<desc>
            <p>Static Object Mapping ID</p>
        </desc>
</t>
</menu>
</t24help>

