<?xml version="1.0" encoding="utf-8"?>
<t24help>
<header>
<product>PD</product>
<table>PD.ACTIVITY</table>
</header>
<overview>
<ovdesc>

        </ovdesc>
<ovimage></ovimage>
</overview>
<menu>
<t>
<field>RESERVED.2</field>
<desc>
            <p>Reserved for future use. </p>
            <p>
                <p>Validation Rules:</p>
            </p>
            <p>Noinput field.</p>
        </desc>
</t>
<t>
<field>RESERVED.4</field>
<desc>
            <p>Reserved for future use. </p>
            <p>
                <p>Validation Rules:</p>
            </p>
            <p>Noinput field.</p>
        </desc>
</t>
<t>
<field>RESERVED.3</field>
<desc>
            <p>Reserved for future use. </p>
            <p>
                <p>Validation Rules:</p>
            </p>
            <p>Noinput field.</p>
        </desc>
</t>
<t>
<field>RESERVED.6</field>
<desc>
            <p>Reserved for future use. </p>
            <p>
                <p>Validation Rules:</p>
            </p>
            <p>Noinput field.</p>
        </desc>
</t>
<t>
<field>RESERVED.7</field>
<desc>
            <p>Reserved for future use. </p>
            <p>
                <p>Validation Rules:</p>
            </p>
            <p>Noinput field.</p>
        </desc>
</t>
<t>
<field>RESERVED.9</field>
<desc>
            <p>Reserved for future use. </p>
            <p>
                <p>Validation Rules:</p>
            </p>
            <p>Noinput field.</p>
        </desc>
</t>
<t>
<field>RESERVED.10</field>
<desc>
            <p>Reserved for future use. </p>
            <p>
                <p>Validation Rules:</p>
            </p>
            <p>Noinput field.</p>
        </desc>
</t>
<t>
<field>RESERVED.1</field>
<desc>
            <p>Reserved for future use. </p>
            <p>
                <p>Validation Rules:</p>
            </p>
            <p>Noinput field.</p>
        </desc>
</t>
<t>
<field>DESCRIPTION</field>
<desc>
            <p>Describes the activity record. </p>
            <p>This description is used for enrichment purposes throughout the Payment Due system. </p>
            <p>
                <p>Validation Rules:</p>
            </p>
            <p>3-35 alphanumeric type A characters. (Multilanguage field).</p>
            <p>Mandatory input.</p>
        </desc>
</t>
<t>
<field>HANDOFF.ROUTINE</field>
<desc>
            <p>Identifies the routine to call to produce additional Delivery output information. </p>
            <p>
                <p>Validation Rules:</p>
            </p>
            <p>Up to 35 alphanumeric type A characters. (Optional input).</p>
            <p>Input must exist on PGM.FILE as a type S (subroutine) program.</p>
        </desc>
</t>
<t>
<field>LOCAL.REF</field>
<desc>
            <p>Identifies any local reference field(s) defined by the user. </p>
            <p>Identifies any additional element which has been defined locally to meet a particular requirement. </p>
            <p>This is a multivalue field. </p>
            <p>
                <p>Validation Rules:</p>
            </p>
            <p>Up to 35 characters as defined in the local table definition for this local reference field. (Multivalue field).</p>
            <p>Optional or mandatory input according to the LOCAL.TABLE definition for this field.</p>
        </desc>
</t>
<t>
<field>RESERVED.8</field>
<desc>
            <p>Reserved for future use. </p>
            <p>
                <p>Validation Rules:</p>
            </p>
            <p>Noinput field.</p>
        </desc>
</t>
<t>
<field>PD.ACTIVITY.CODE</field>
<desc>
            <p>Represents the reference number which uniquely identifies a particular activity. </p>
            <p>The id is a three digit code identifying the activity. </p>
            <p>A three digit user-defined code which can be used to trigger production of a specific advice in connection with a status change. See also the helptext for PD.ADVICES. </p>
            <p>The id 110 is reserved for the automatic genration of chasers advices. </p>
            <p>
                <p>Validation Rules:</p>
            </p>
            <p>3 numeric characters. (Mandatory input).</p>
        </desc>
</t>
<t>
<field>RESERVED.5</field>
<desc>
            <p>Reserved for future use. </p>
            <p>
                <p>Validation Rules:</p>
            </p>
            <p>Noinput field.</p>
        </desc>
</t>
</menu>
</t24help>

