<?xml version="1.0" encoding="utf-8"?>
<t24help>
<header>
<product>PD</product>
<table>PD.AMOUNT.TYPE</table>
</header>
<overview>
<ovdesc>

        </ovdesc>
<ovimage></ovimage>
</overview>
<menu>
<t>
<field>TXN.CODE.DR</field>
<desc>
            <p>Defines the transaction code to be used for the debit entries raised by the system for the amount type. </p>
            <p>
                <p>Validation Rules:</p>
            </p>
            <p> 1-10(Max Value) numeric characters Transaction Code.(Mandatory Input) </p>
            <p> The Maximum value is specified in EB.OBJECT for TRANSACTION. </p> 
            <p>Must be a valid transaction code on the TRANSACTION table.</p>
            <p>Cannot be the same code as defined in field TXN.CODE.CR.</p>
            <p>Code must not be defined as a CREDIT type on the TRANSACTION table.</p>
        </desc>
</t>
<t>
<field>RESERVED.4</field>
<desc>
            <p>Reserved for future use. </p>
            <p>
                <p>Validation Rules:</p>
            </p>
            <p>Noinput field.</p>
        </desc>
</t>
<t>
<field>RESERVED.5</field>
<desc>
            <p>Reserved for future use. </p>
            <p>
                <p>Validation Rules:</p>
            </p>
            <p>Noinput field.</p>
        </desc>
</t>
<t>
<field>TAX.CODE</field>
<desc>
            <p>Identifies the TAX record or TAX.TYPE.CONDITION record to be used for the tax calculation and processing applicable to the amount type. </p>
            <p>
                <p>Validation Rules:</p>
            </p>
            <p>1-2 numeric character TAX code or, upto 16 character TAX.TYPE.CONDITION ID prefixed with an "*". (Optional input).</p>
            <p>Must be a valid code on the TAX table.</p>
            <p>Tax Type Condition ids must exist on the TAX.TYPE.CONDITION file. These ids are prefixed with an asterisk ("*").</p>
            <p>TAX code not allowed for type 'PF'</p>
        </desc>
</t>
<t>
<field>RESERVED.2</field>
<desc>
            <p>Reserved for future use. </p>
            <p>
                <p>Validation Rules:</p>
            </p>
            <p>Noinput field.</p>
        </desc>
</t>
<t>
<field>RESERVED.6</field>
<desc>
            <p>Reserved for future use. </p>
            <p>
                <p>Validation Rules:</p>
            </p>
            <p>Noinput field.</p>
        </desc>
</t>
<t>
<field>TXN.CODE.CR</field>
<desc>
            <p>Defines the transaction code to be used for the credit entries raised by the system for the amount type. </p>
            <p>
                <p>Validation Rules:</p>
            </p>
            <p> 1-10(Max Value) numeric characters Transaction Code.(Mandatory Input) </p>
            <p> The Maximum value is specified in EB.OBJECT for TRANSACTION. </p> 
            <p>Must be a valid transaction code on the TRANSACTION table.</p>
            <p>Cannot be the same code as defined in field TXN.CODE.DR.</p>
            <p>Code must not be defined as a DEBIT type on the TRANSACTION table.</p>
        </desc>
</t>
<t>
<field>RESERVED.8</field>
<desc>
            <p>Reserved for future use. </p>
            <p>
                <p>Validation Rules:</p>
            </p>
            <p>Noinput field.</p>
        </desc>
</t>
<t>
<field>RESERVED.1</field>
<desc>
            <p>Reserved for future use. </p>
            <p>
                <p>Validation Rules:</p>
            </p>
            <p>Noinput field.</p>
        </desc>
</t>
<t>
<field>PM.TYPE</field>
<desc>
            <p>Defines the generic position type of this entry. </p>
            <p>Input is optional as not all accounting activities update PM e.g. accruals which take place during end of day and will be absorbed into the account balances. </p>
            <p>To update PM the POSN.TYPE field of the  PD record of PM.PC.PARAM must also be set up with the same value. </p>
            <p>Must exist on PM.POSN.TYPE which contains all generic position types. </p>
            <p>
                <p>Validation Rules:</p>
            </p>
            <p>Optional input 3 character Alphabetic. Must exist on PM.POSN.TYPE.</p>
        </desc>
</t>
<t>
<field>AMOUNT.TYPE</field>
<desc>
            <p>Identifies the type of amount allowed in the Payment Due module. </p>
            <p>There are a fixed number of basic allowable types but these may be further subdivided by the users to allow greater control if so desired. </p>
            <p>The base types that are allowed are: </p>
            <p>(a) PR      -  PRincipal (b) IN      -  INterest (c) CH      -  CHarge (d) CO      -  COmmission (e) TX      -  TaX (f) A1-A5   -  Additional types as defined in the Mortgages application (g) PE      -  PEnalty interest (h) PS      -  Penalty Spread </p>
            <p>It is possible to define extra types of up to six characters but the first two characters have to be one of the above base types, so valid types would be "PRSPEC" or "TXLOC". </p>
            <p>It is also possible to define types by category, the format of which is the amount type followed by a '-' and then the category code, e.g. "PR-21050" or "INEXT-25000". </p>
            <p>It is important to remember that the base type must exist before any extra types can be defined. </p>
            <p>
                <p>Validation Rules:</p>
            </p>
            <p>2-12 alphanumeric type A characters in the format 2-6 characters optionally followed by a "-" and then a valid CATEGORY code. (Mandatory input).</p>
            <p>First two characters must be one of the folowing:    PR, IN, CH, CO, TX, A1, A2, A3, A4, A5, PE, PS.</p>
            <p>If the amount type entered is greater than two characters then the first two characters must be one of the above types.</p>
            <p>If a category code is entered then it must be a valid code on the CATEGORY table.</p>
        </desc>
</t>
<t>
<field>DESCRIPTION</field>
<desc>
            <p>Describes the amount type record. </p>
            <p>This description is used for enrichment purposes throughout the Payment Due system. </p>
            <p>
                <p>Validation Rules:</p>
            </p>
            <p>3-35 alphanumeric type A characters. (Multilanguage field).</p>
            <p>Mandatory input.</p>
        </desc>
</t>
<t>
<field>FIRST.2.CHAR</field>
<desc>
            <p>NOT USED </p>
        </desc>
</t>
<t>
<field>LOCAL.REF</field>
<desc>
            <p>Identifies any local reference field(s) defined by the user. </p>
            <p>Identifies any additional element which has been defined locally to meet a particular requirement. </p>
            <p>This is a multivalue field. </p>
            <p>
                <p>Validation Rules:</p>
            </p>
            <p>Up to 35 characters as defined in the local table definition for this local reference field. (Multivalue field).</p>
            <p>Optional or mandatory input according to the LOCAL.TABLE definition for this field.</p>
        </desc>
</t>
<t>
<field>RESERVED.9</field>
<desc>
            <p>Reserved for future use. </p>
            <p>
                <p>Validation Rules:</p>
            </p>
            <p>Noinput field.</p>
        </desc>
</t>
<t>
<field>RESERVED.7</field>
<desc>
            <p>Reserved for future use. </p>
            <p>
                <p>Validation Rules:</p>
            </p>
            <p>Noinput field.</p>
        </desc>
</t>
<t>
<field>RESERVED.3</field>
<desc>
            <p>Reserved for future use. </p>
            <p>
                <p>Validation Rules:</p>
            </p>
            <p>Noinput field.</p>
        </desc>
</t>
</menu>
</t24help>

