<?xml version="1.0" encoding="utf-8"?>
<t24help>
<header>
<product>PD</product>
<table>PD.BALANCES</table>
</header>
<overview>
<ovdesc>

        <p> PD PD CONTRACT BALANCES PD.BALANCES 
</p>
        <p>BASE.EFF.DATE</p>
        <p>
Fields BASE.EFF.DATE to BASE.AMOUNT form a related multi value set. Standard T24 date field. 

</p>
        <b>Validation Rules</b>
        <p> A maximum of 11 characters may be entered.
</p>
        <p>BASE2.AMOUNT</p>
        <p>
Fields BASE2.EFF.DATE to BASE2.AMOUNT form a related multi value set. 

</p>
        <b>Validation Rules</b>
        <p> A maximum of 19 characters may be entered.
</p>
        <p>BASE2.EFF.DATE</p>
        <p>
Fields BASE2.EFF.DATE to BASE2.AMOUNT form a related multi value set. Standard T24 date field. 

</p>
        <b>Validation Rules</b>
        <p> A maximum of 11 characters may be entered.
</p>
        <p>CALC.START.DATE</p>
        <p>
Standard T24 date field. 

</p>
        <b>Validation Rules</b>
        <p> A maximum of 11 characters may be entered.
</p>
        <p>CE.LAST.CAP.DATE</p>
        <p>
This field holds the last Captitalisation Date of The Penalty Interest.
</p>
        <p>CONTRACT.ID</p>
        <p>
Jdescriptor field
</p>
        <p>CREATE.DATE</p>
        <p>
Date on which the PD.BALANCES record is created.
</p>
        <p>CS.LAST.CAP.DATE</p>
        <p>
This field holds the last Captitalisation Date of The Penalty Spread.
</p>
        <p>CURR.OS.ACCR</p>
        <p>
Fields AMT.TYPE to ADJ.AMT form a related multi value set. 

</p>
        <b>Validation Rules</b>
        <p> A maximum of 19 characters may be entered.
</p>
        <p>CURR.OS.AMT</p>
        <p>
Fields AMT.TYPE to ADJ.AMT form a related multi value set. 

</p>
        <b>Validation Rules</b>
        <p> A maximum of 019 characters may be entered.
</p>
        <p>ACCR.ACT.AMT.1</p>
        <p>
Fields FROM.DATE.1 to POSTED.IND.1 form a related multi value set. Standard T24 amount field. 

</p>
        <b>Validation Rules</b>
        <p> A maximum of 19 characters may be entered.
</p>
        <p>CURR.OS.NAB</p>
        <p>
Fields AMT.TYPE to ADJ.AMT form a related multi value set. 

</p>
        <b>Validation Rules</b>
        <p> A maximum of 19 characters may be entered.
</p>
        <p>CURR.OS.TAX</p>
        <p>
Fields AMT.TYPE to ADJ.AMT form a related multi value set. 

</p>
        <b>Validation Rules</b>
        <p> A maximum of 019 characters may be entered.
</p>
        <p>CURRENCY</p>
        <p>
Standard T24 currency field. 

</p>
        <b>Validation Rules</b>
        <p> A maximum of 3 characters may be entered. Must be the key to a valid entry on the CURRENCY file.
</p>
        <p>CUSTOMER.NO</p>
        <p>
Jdescriptor field
</p>
        <p>DAYS.OVERDUE</p>
        <p>
Not used
</p>
        <p>DUE.AMT</p>
        <p>
This has the Suspended IN or CO amount. Fields DUE.AMT and DUE.TYPE form a related multi value set. 

</p>
        <b>Validation Rules</b>
        <p> A maximum of 19 characters may be entered. 
</p>
        <p>DUE.TYPE</p>
        <p>
Fields DUE.AMT and DUE.TYPE form a related multi value set. This has the Component that is suspended. 

</p>
        <b>Validation Rules</b>
        <p> It can be either IN or CO. 
</p>
        <p>FROM.DATE.1</p>
        <p>
Fields FROM.DATE.1 to POSTED.IND.1 form a related multi value set. Standard T24 date field. 

</p>
        <b>Validation Rules</b>
        <p> A maximum of 11 characters may be entered.
</p>
        <p>FROM.DATE.2</p>
        <p>
Fields FROM.DATE.2 to POSTED.IND.2 form a related multi value set. Standard T24 date field. 

</p>
        <b>Validation Rules</b>
        <p> A maximum of 11 characters may be entered.
</p>
        <p>INT.REPAY.AMT</p>
        <p>
Fields INT.REPAY.DATE to INT.REPAY.AMT form a related multi value set. 

</p>
        <b>Validation Rules</b>
        <p> A maximum of 19 characters may be entered.
</p>
        <p>ACCR.ACT.AMT.2</p>
        <p>
Fields FROM.DATE.2 to POSTED.IND.2 form a related multi value set. Standard T24 amount field. 

</p>
        <b>Validation Rules</b>
        <p> A maximum of 19 characters may be entered.
</p>
        <p>INT.REPAY.DATE</p>
        <p>
Fields INT.REPAY.DATE to INT.REPAY.AMT form a related multi value set. Standard T24 date field. 

</p>
        <b>Validation Rules</b>
        <p> A maximum of 11 characters may be entered.
</p>
        <p>INT2.REPAY.AMT</p>
        <p>
Fields INT2.REPAY.DATE to form a related multi value set. 

</p>
        <b>Validation Rules</b>
        <p> A maximum of 19 characters may be entered.
</p>
        <p>INT2.REPAY.DATE</p>
        <p>
Fields INT2.REPAY.DATE to form a related multi value set. Standard T24 date field. 

</p>
        <b>Validation Rules</b>
        <p> A maximum of 11 characters may be entered.
</p>
        <p>KEY</p>
        <p>
Standard T24 alphanumeric field. 

</p>
        <b>Validation Rules</b>
        <p> A maximum of 25 characters may be entered.
</p>
        <p>LOAN.SPREAD</p>
        <p>
Holds the spread of the Underlying Contract.
</p>
        <p>NO.DAYS.1</p>
        <p>
Fields FROM.DATE.1 to POSTED.IND.1 form a related multi value set. Standard T24 numeric field. 

</p>
        <b>Validation Rules</b>
        <p> A maximum of 3 characters may be entered.
</p>
        <p>NO.DAYS.2</p>
        <p>
Fields FROM.DATE.2 to POSTED.IND.2 form a related multi value set. Standard T24 numeric field. 

</p>
        <b>Validation Rules</b>
        <p> A maximum of 3 characters may be entered.
</p>
        <p>NO.DAYS.OVERDUE</p>
        <p>
Standard T24 numeric field. 

</p>
        <b>Validation Rules</b>
        <p> A maximum of 3 characters may be entered.
</p>
        <p>OP.BASIS.SET</p>
        <p>
Holds the value as 'YES' if PEN.CALC.BASIS of corresponding parameter is set as 'OP' 
</p>
        <p>ORIGINAL.AMT</p>
        <p>
Fields AMT.TYPE to ADJ.AMT form a related multi value set. 

</p>
        <b>Validation Rules</b>
        <p> A maximum of 19 characters may be entered.
</p>
        <p>ACCR.AMT.1</p>
        <p>
Fields FROM.DATE.1 to POSTED.IND.1 form a related multi value set. 

</p>
        <b>Validation Rules</b>
        <p> A maximum of 19 characters may be entered.
</p>
        <p>PAYMENT.STATUS</p>
        <p>
        </p>
        <b>Validation Rules</b>
        <p> A maximum of 3 characters may be entered.
</p>
        <p>PEN.CALC.DATE</p>
        <p>
Standard T24 date field. 

</p>
        <b>Validation Rules</b>
        <p> A maximum of 11 characters may be entered.
</p>
        <p>PEN.INT.ACCR.AMT</p>
        <p>
        </p>
        <b>Validation Rules</b>
        <p> A maximum of 019 characters may be entered.
</p>
        <p>PEN.INT.CALC.AMT</p>
        <p>
        </p>
        <b>Validation Rules</b>
        <p> A maximum of 019 characters may be entered.
</p>
        <p>PEN.INT.NAB.AMT</p>
        <p>
        </p>
        <b>Validation Rules</b>
        <p> A maximum of 019 characters may be entered.
</p>
        <p>PEN.INT2.ACCR.AMT</p>
        <p>
        </p>
        <b>Validation Rules</b>
        <p> A maximum of 019 characters may be entered.
</p>
        <p>PEN.INT2.CALC.AMT</p>
        <p>
        </p>
        <b>Validation Rules</b>
        <p> A maximum of 019 characters may be entered.
</p>
        <p>PEN.INT2.NAB.AMT</p>
        <p>
        </p>
        <b>Validation Rules</b>
        <p> A maximum of 019 characters may be entered.
</p>
        <p>PENALTY.SPREAD</p>
        <p>
Indicates the penalty spread part of the RATE field. This field will be populated if the relevant PD.PARAMETER record CONTRACT.METHOD field is set to '4', indicating that the penalty rate is made up of the contract rate plus penalty spread from the PD.PARAMETER record. To determine the underlying contract rate subtract the PENALTY.SPREAD value from the RATE value. 

</p>
        <b>Validation Rules</b>
        <p> No input field. Standard T24 rate format.
</p>
        <p>PERIOD</p>
        <p>
Holds the date component of PD.BALANCES key. PD.BALANCES key is a combination of PD id and the date on which the schedule is moved to PD. 
</p>
        <p>ACCR.AMT.2</p>
        <p>
Fields FROM.DATE.2 to POSTED.IND.2 form a related multi value set. 

</p>
        <b>Validation Rules</b>
        <p> A maximum of 19 characters may be entered.
</p>
        <p>PERIODS</p>
        <p>
Date component in the PD.BALANCES key.
</p>
        <p>POST.END.DATE</p>
        <p>
Standard T24 date field. 

</p>
        <b>Validation Rules</b>
        <p> A maximum of 11 characters may be entered.
</p>
        <p>POST.START.DATE</p>
        <p>
Standard T24 date field. 

</p>
        <b>Validation Rules</b>
        <p> A maximum of 11 characters may be entered.
</p>
        <p>POST2.END.DATE</p>
        <p>
Standard T24 date field. 

</p>
        <b>Validation Rules</b>
        <p> A maximum of 11 characters may be entered.
</p>
        <p>POST2.START.DATE</p>
        <p>
Standard T24 date field. 

</p>
        <b>Validation Rules</b>
        <p> A maximum of 11 characters may be entered.
</p>
        <p>POSTED.IND.1</p>
        <p>
Fields FROM.DATE.1 to POSTED.IND.1 form a related multi value set. 

</p>
        <b>Validation Rules</b>
        <p> A maximum of 2 characters may be entered.
</p>
        <p>POSTED.IND.2</p>
        <p>
Fields FROM.DATE.2 to POSTED.IND.2 form a related multi value set. 

</p>
        <b>Validation Rules</b>
        <p> A maximum of 2 characters may be entered.
</p>
        <p>PREVIOUS.STATUS</p>
        <p>
        </p>
        <b>Validation Rules</b>
        <p> A maximum of 3 characters may be entered.
</p>
        <p>RATE</p>
        <p>
Fields RATE.EFF.DATE to RATE form a related multi value set. Standard T24 rate field. 

</p>
        <b>Validation Rules</b>
        <p> A maximum of 11 characters may be entered.
</p>
        <p>RATE.1</p>
        <p>
Fields FROM.DATE.1 to POSTED.IND.1 form a related multi value set. Standard T24 rate field. 

</p>
        <b>Validation Rules</b>
        <p> A maximum of 11 characters may be entered.
</p>
        <p>ADJ.AMT</p>
        <p>
Fields AMT.TYPE to ADJ.AMT form a related multi value set. 

</p>
        <b>Validation Rules</b>
        <p> A maximum of 19 characters may be entered.
</p>
        <p>RATE.2</p>
        <p>
Fields FROM.DATE.2 to POSTED.IND.2 form a related multi value set. Standard T24 rate field. 

</p>
        <b>Validation Rules</b>
        <p> A maximum of 11 characters may be entered.
</p>
        <p>RATE.EFF.DATE</p>
        <p>
Fields RATE.EFF.DATE to RATE form a related multi value set. Standard T24 date field. 

</p>
        <b>Validation Rules</b>
        <p> A maximum of 11 characters may be entered.
</p>
        <p>RATE2</p>
        <p>
Fields RATE2.EFF.DATE to RATE2 form a related multi value set. Standard T24 rate field. 

</p>
        <b>Validation Rules</b>
        <p> A maximum of 11 characters may be entered.
</p>
        <p>RATE2.EFF.DATE</p>
        <p>
Fields RATE2.EFF.DATE to RATE2 form a related multi value set. Standard T24 date field. 

</p>
        <b>Validation Rules</b>
        <p> A maximum of 11 characters may be entered.
</p>
        <p>RECORD.START.DATE</p>
        <p>
Standard T24 date field. 

</p>
        <b>Validation Rules</b>
        <p> A maximum of 11 characters may be entered.
</p>
        <p>REPAY.AMT</p>
        <p>
Fields AMT.TYPE to ADJ.AMT form a related multi value set. 

</p>
        <b>Validation Rules</b>
        <p> A maximum of 019 characters may be entered.
</p>
        <p>REPAY.DATE</p>
        <p>
Fields AMT.TYPE to ADJ.AMT form a related multi value set. Standard T24 date field. 

</p>
        <b>Validation Rules</b>
        <p> A maximum of 11 characters may be entered.
</p>
        <p>TO.DATE.1</p>
        <p>
Fields FROM.DATE.1 to POSTED.IND.1 form a related multi value set. Standard T24 date field. 

</p>
        <b>Validation Rules</b>
        <p> A maximum of 11 characters may be entered.
</p>
        <p>TO.DATE.2</p>
        <p>
Fields FROM.DATE.2 to POSTED.IND.2 form a related multi value set. Standard T24 date field. 

</p>
        <b>Validation Rules</b>
        <p> A maximum of 11 characters may be entered.
</p>
        <p>AMT.TYPE</p>
        <p>
Fields AMT.TYPE to ADJ.AMT form a related multi value set. Standard T24 amount field. 

</p>
        <b>Validation Rules</b>
        <p> A maximum of 12 characters may be entered. Must be the key to a valid entry on the PD.AMOUNT.TYPE file.
</p>
        <p>BASE.AMOUNT</p>
        <p>
Fields BASE.EFF.DATE to BASE.AMOUNT form a related multi value set. 

</p>
        <b>Validation Rules</b>
        <p> A maximum of 19 characters may be entered.
</p>
        <p>BASE.AMT.1</p>
        <p>
Fields FROM.DATE.1 to POSTED.IND.1 form a related multi value set. 

</p>
        <b>Validation Rules</b>
        <p> A maximum of 19 characters may be entered.
</p>
        <p>BASE.AMT.2</p>
        <p>
Fields FROM.DATE.2 to POSTED.IND.2 form a related multi value set. 

</p>
        <b>Validation Rules</b>
        <p> A maximum of 19 characters may be entered.
</p>
    </ovdesc>
<ovimage></ovimage>
</overview>
<menu>
<t>
<field>INT2.REPAY.AMT</field>
<desc>
            <p>Fields INT2.REPAY.DATE to  form a related multi value set. </p>
            <p>
                <p>Validation Rules:</p>
            </p>
            <p> A maximum of 19 characters may be entered.</p>
        </desc>
</t>
<t>
<field>POST2.START.DATE</field>
<desc>
            <p>Standard T24 date field. </p>
            <p>
                <p>Validation Rules:</p>
            </p>
            <p> A maximum of 11 characters may be entered.</p>
        </desc>
</t>
<t>
<field>CE.LAST.CAP.DATE</field>
<desc>
            <p>This field holds the last Captitalisation Date of The Penalty Interest.</p>
        </desc>
</t>
<t>
<field>KEY</field>
<desc>
            <p>Standard T24 alphanumeric field. </p>
            <p>
                <p>Validation Rules:</p>
            </p>
            <p> A maximum of 25 characters may be entered.</p>
        </desc>
</t>
<t>
<field>PENALTY.SPREAD</field>
<desc>
            <p>Indicates the penalty spread part of the RATE field. </p>
            <p> This field will be populated if the relevant PD.PARAMETER record CONTRACT.METHOD field is set to '4', indicating that the penalty rate is made up of the contract rate plus penalty spread from the PD.PARAMETER record. </p>
            <p> To determine the underlying contract rate subtract the PENALTY.SPREAD value from the RATE value. </p>
            <p>
                <p>Validation Rules:</p>
            </p>
            <p> No input field. Standard T24 rate format.</p>
        </desc>
</t>
<t>
<field>CONTRACT.ID</field>
<desc>
            <p>Jdescriptor field</p>
        </desc>
</t>
<t>
<field>FROM.DATE.2</field>
<desc>
            <p>Fields FROM.DATE.2 to POSTED.IND.2 form a related multi value set. Standard T24 date field. </p>
            <p>
                <p>Validation Rules:</p>
            </p>
            <p> A maximum of 11 characters may be entered.</p>
        </desc>
</t>
<t>
<field>CUSTOMER.NO</field>
<desc>
            <p>Jdescriptor field</p>
        </desc>
</t>
<t>
<field>NO.DAYS.2</field>
<desc>
            <p>Fields FROM.DATE.2 to POSTED.IND.2 form a related multi value set. Standard T24 numeric field. </p>
            <p>
                <p>Validation Rules:</p>
            </p>
            <p> A maximum of 3 characters may be entered.</p>
        </desc>
</t>
<t>
<field>PEN.INT2.ACCR.AMT</field>
<desc>
            <p>
                <p>Validation Rules:</p>
            </p>
            <p> A maximum of 019 characters may be entered.</p>
        </desc>
</t>
<t>
<field>RATE.1</field>
<desc>
            <p>Fields FROM.DATE.1 to POSTED.IND.1 form a related multi value set. Standard T24 rate field. </p>
            <p>
                <p>Validation Rules:</p>
            </p>
            <p> A maximum of 11 characters may be entered.</p>
        </desc>
</t>
<t>
<field>DAYS.OVERDUE</field>
<desc>
            <p>Not used</p>
        </desc>
</t>
<t>
<field>CALC.START.DATE</field>
<desc>
            <p>Standard T24 date field. </p>
            <p>
                <p>Validation Rules:</p>
            </p>
            <p> A maximum of 11 characters may be entered.</p>
        </desc>
</t>
<t>
<field>BASE.AMT.2</field>
<desc>
            <p>Fields FROM.DATE.2 to POSTED.IND.2 form a related multi value set. </p>
            <p>
                <p>Validation Rules:</p>
            </p>
            <p> A maximum of 19 characters may be entered.</p>
        </desc>
</t>
<t>
<field>OP.BASIS.SET</field>
<desc>
            <p>Holds the value as 'YES' if PEN.CALC.BASIS of corresponding parameter is set as 'OP' </p>
        </desc>
</t>
<t>
<field>BASE.EFF.DATE</field>
<desc>
            <p>Fields BASE.EFF.DATE to BASE.AMOUNT form a related multi value set. Standard T24 date field. </p>
            <p>
                <p>Validation Rules:</p>
            </p>
            <p> A maximum of 11 characters may be entered.</p>
        </desc>
</t>
<t>
<field>BASE2.EFF.DATE</field>
<desc>
            <p>Fields BASE2.EFF.DATE to BASE2.AMOUNT form a related multi value set. Standard T24 date field. </p>
            <p>
                <p>Validation Rules:</p>
            </p>
            <p> A maximum of 11 characters may be entered.</p>
        </desc>
</t>
<t>
<field>POST2.END.DATE</field>
<desc>
            <p>Standard T24 date field. </p>
            <p>
                <p>Validation Rules:</p>
            </p>
            <p> A maximum of 11 characters may be entered.</p>
        </desc>
</t>
<t>
<field>CURR.OS.AMT</field>
<desc>
            <p>Fields AMT.TYPE to ADJ.AMT form a related multi value set. </p>
            <p>
                <p>Validation Rules:</p>
            </p>
            <p> A maximum of 019 characters may be entered.</p>
        </desc>
</t>
<t>
<field>BASE.AMT.1</field>
<desc>
            <p>Fields FROM.DATE.1 to POSTED.IND.1 form a related multi value set. </p>
            <p>
                <p>Validation Rules:</p>
            </p>
            <p> A maximum of 19 characters may be entered.</p>
        </desc>
</t>
<t>
<field>TO.DATE.1</field>
<desc>
            <p>Fields FROM.DATE.1 to POSTED.IND.1 form a related multi value set. Standard T24 date field. </p>
            <p>
                <p>Validation Rules:</p>
            </p>
            <p> A maximum of 11 characters may be entered.</p>
        </desc>
</t>
<t>
<field>PEN.INT.ACCR.AMT</field>
<desc>
            <p>
                <p>Validation Rules:</p>
            </p>
            <p> A maximum of 019 characters may be entered.</p>
        </desc>
</t>
<t>
<field>POST.END.DATE</field>
<desc>
            <p>Standard T24 date field. </p>
            <p>
                <p>Validation Rules:</p>
            </p>
            <p> A maximum of 11 characters may be entered.</p>
        </desc>
</t>
<t>
<field>RECORD.START.DATE</field>
<desc>
            <p>Standard T24 date field. </p>
            <p>
                <p>Validation Rules:</p>
            </p>
            <p> A maximum of 11 characters may be entered.</p>
        </desc>
</t>
<t>
<field>FROM.DATE.1</field>
<desc>
            <p>Fields FROM.DATE.1 to POSTED.IND.1 form a related multi value set. Standard T24 date field. </p>
            <p>
                <p>Validation Rules:</p>
            </p>
            <p> A maximum of 11 characters may be entered.</p>
        </desc>
</t>
<t>
<field>CURR.OS.NAB</field>
<desc>
            <p>Fields AMT.TYPE to ADJ.AMT form a related multi value set. </p>
            <p>
                <p>Validation Rules:</p>
            </p>
            <p> A maximum of 19 characters may be entered.</p>
        </desc>
</t>
<t>
<field>POSTED.IND.1</field>
<desc>
            <p>Fields FROM.DATE.1 to POSTED.IND.1 form a related multi value set. </p>
            <p>
                <p>Validation Rules:</p>
            </p>
            <p> A maximum of 2 characters may be entered.</p>
        </desc>
</t>
<t>
<field>NO.DAYS.1</field>
<desc>
            <p>Fields FROM.DATE.1 to POSTED.IND.1 form a related multi value set. Standard T24 numeric field. </p>
            <p>
                <p>Validation Rules:</p>
            </p>
            <p> A maximum of 3 characters may be entered.</p>
        </desc>
</t>
<t>
<field>AMT.TYPE</field>
<desc>
            <p>Fields AMT.TYPE to ADJ.AMT form a related multi value set. Standard T24 amount field. </p>
            <p>
                <p>Validation Rules:</p>
            </p>
            <p> A maximum of 12 characters may be entered.</p>
            <p> Must be the key to a valid entry on the PD.AMOUNT.TYPE file.</p>
        </desc>
</t>
<t>
<field>BASE2.AMOUNT</field>
<desc>
            <p>Fields BASE2.EFF.DATE to BASE2.AMOUNT form a related multi value set. </p>
            <p>
                <p>Validation Rules:</p>
            </p>
            <p> A maximum of 19 characters may be entered.</p>
        </desc>
</t>
<t>
<field>BASE.AMOUNT</field>
<desc>
            <p>Fields BASE.EFF.DATE to BASE.AMOUNT form a related multi value set. </p>
            <p>
                <p>Validation Rules:</p>
            </p>
            <p> A maximum of 19 characters may be entered.</p>
        </desc>
</t>
<t>
<field>CURR.OS.ACCR</field>
<desc>
            <p>Fields AMT.TYPE to ADJ.AMT form a related multi value set. </p>
            <p>
                <p>Validation Rules:</p>
            </p>
            <p> A maximum of 19 characters may be entered.</p>
        </desc>
</t>
<t>
<field>PEN.CALC.DATE</field>
<desc>
            <p>Standard T24 date field. </p>
            <p>
                <p>Validation Rules:</p>
            </p>
            <p> A maximum of 11 characters may be entered.</p>
        </desc>
</t>
<t>
<field>REPAY.AMT</field>
<desc>
            <p>Fields AMT.TYPE to ADJ.AMT form a related multi value set. </p>
            <p>
                <p>Validation Rules:</p>
            </p>
            <p> A maximum of 019 characters may be entered.</p>
        </desc>
</t>
<t>
<field>PAYMENT.STATUS</field>
<desc>
            <p>
                <p>Validation Rules:</p>
            </p>
            <p> A maximum of 3 characters may be entered.</p>
        </desc>
</t>
<t>
<field>INT.REPAY.DATE</field>
<desc>
            <p>Fields INT.REPAY.DATE to INT.REPAY.AMT form a related multi value set. Standard T24 date field. </p>
            <p>
                <p>Validation Rules:</p>
            </p>
            <p> A maximum of 11 characters may be entered.</p>
        </desc>
</t>
<t>
<field>INT2.REPAY.DATE</field>
<desc>
            <p>Fields INT2.REPAY.DATE to  form a related multi value set. Standard T24 date field. </p>
            <p>
                <p>Validation Rules:</p>
            </p>
            <p> A maximum of 11 characters may be entered.</p>
        </desc>
</t>
<t>
<field>RATE2</field>
<desc>
            <p>Fields RATE2.EFF.DATE to RATE2 form a related multi value set. Standard T24 rate field. </p>
            <p>
                <p>Validation Rules:</p>
            </p>
            <p> A maximum of 11 characters may be entered.</p>
        </desc>
</t>
<t>
<field>RATE</field>
<desc>
            <p>Fields RATE.EFF.DATE to RATE form a related multi value set. Standard T24 rate field. </p>
            <p>
                <p>Validation Rules:</p>
            </p>
            <p> A maximum of 11 characters may be entered.</p>
        </desc>
</t>
<t>
<field>INT.REPAY.AMT</field>
<desc>
            <p>Fields INT.REPAY.DATE to INT.REPAY.AMT form a related multi value set. </p>
            <p>
                <p>Validation Rules:</p>
            </p>
            <p> A maximum of 19 characters may be entered.</p>
        </desc>
</t>
<t>
<field>RATE2.EFF.DATE</field>
<desc>
            <p>Fields RATE2.EFF.DATE to RATE2 form a related multi value set. Standard T24 date field. </p>
            <p>
                <p>Validation Rules:</p>
            </p>
            <p> A maximum of 11 characters may be entered.</p>
        </desc>
</t>
<t>
<field>PERIODS</field>
<desc>
            <p>Date component in the PD.BALANCES key.</p>
        </desc>
</t>
<t>
<field>CURR.OS.TAX</field>
<desc>
            <p>Fields AMT.TYPE to ADJ.AMT form a related multi value set. </p>
            <p>
                <p>Validation Rules:</p>
            </p>
            <p> A maximum of 019 characters may be entered.</p>
        </desc>
</t>
<t>
<field>TO.DATE.2</field>
<desc>
            <p>Fields FROM.DATE.2 to POSTED.IND.2 form a related multi value set. Standard T24 date field. </p>
            <p>
                <p>Validation Rules:</p>
            </p>
            <p> A maximum of 11 characters may be entered.</p>
        </desc>
</t>
<t>
<field>CURRENCY</field>
<desc>
            <p>Standard T24 currency field. </p>
            <p>
                <p>Validation Rules:</p>
            </p>
            <p> A maximum of 3 characters may be entered.</p>
            <p> Must be the key to a valid entry on the CURRENCY file.</p>
        </desc>
</t>
<t>
<field>ADJ.AMT</field>
<desc>
            <p>Fields AMT.TYPE to ADJ.AMT form a related multi value set. </p>
            <p>
                <p>Validation Rules:</p>
            </p>
            <p> A maximum of 19 characters may be entered.</p>
        </desc>
</t>
<t>
<field>LOAN.SPREAD</field>
<desc>
            <p>Holds the spread of the Underlying Contract.</p>
        </desc>
</t>
<t>
<field>POST.START.DATE</field>
<desc>
            <p>Standard T24 date field. </p>
            <p>
                <p>Validation Rules:</p>
            </p>
            <p> A maximum of 11 characters may be entered.</p>
        </desc>
</t>
<t>
<field>ACCR.ACT.AMT.1</field>
<desc>
            <p>Fields FROM.DATE.1 to POSTED.IND.1 form a related multi value set. Standard T24 amount field. </p>
            <p>
                <p>Validation Rules:</p>
            </p>
            <p> A maximum of 19 characters may be entered.</p>
        </desc>
</t>
<t>
<field>ACCR.ACT.AMT.2</field>
<desc>
            <p>Fields FROM.DATE.2 to POSTED.IND.2 form a related multi value set. Standard T24 amount field. </p>
            <p>
                <p>Validation Rules:</p>
            </p>
            <p> A maximum of 19 characters may be entered.</p>
        </desc>
</t>
<t>
<field>ACCR.AMT.1</field>
<desc>
            <p>Fields FROM.DATE.1 to POSTED.IND.1 form a related multi value set. </p>
            <p>
                <p>Validation Rules:</p>
            </p>
            <p> A maximum of 19 characters may be entered.</p>
        </desc>
</t>
<t>
<field>ACCR.AMT.2</field>
<desc>
            <p>Fields FROM.DATE.2 to POSTED.IND.2 form a related multi value set. </p>
            <p>
                <p>Validation Rules:</p>
            </p>
            <p> A maximum of 19 characters may be entered.</p>
        </desc>
</t>
<t>
<field>POSTED.IND.2</field>
<desc>
            <p>Fields FROM.DATE.2 to POSTED.IND.2 form a related multi value set. </p>
            <p>
                <p>Validation Rules:</p>
            </p>
            <p> A maximum of 2 characters may be entered.</p>
        </desc>
</t>
<t>
<field>CS.LAST.CAP.DATE</field>
<desc>
            <p>This field holds the last Captitalisation Date of The Penalty Spread.</p>
        </desc>
</t>
<t>
<field>PEN.INT2.CALC.AMT</field>
<desc>
            <p>
                <p>Validation Rules:</p>
            </p>
            <p> A maximum of 019 characters may be entered.</p>
        </desc>
</t>
<t>
<field>ORIGINAL.AMT</field>
<desc>
            <p>Fields AMT.TYPE to ADJ.AMT form a related multi value set. </p>
            <p>
                <p>Validation Rules:</p>
            </p>
            <p> A maximum of 19 characters may be entered.</p>
        </desc>
</t>
<t>
<field>PEN.INT.CALC.AMT</field>
<desc>
            <p>
                <p>Validation Rules:</p>
            </p>
            <p> A maximum of 019 characters may be entered.</p>
        </desc>
</t>
<t>
<field>CREATE.DATE</field>
<desc>
            <p>Date on which the PD.BALANCES record is created.</p>
        </desc>
</t>
<t>
<field>PEN.INT2.NAB.AMT</field>
<desc>
            <p>
                <p>Validation Rules:</p>
            </p>
            <p> A maximum of 019 characters may be entered.</p>
        </desc>
</t>
<t>
<field>REPAY.DATE</field>
<desc>
            <p>Fields AMT.TYPE to ADJ.AMT form a related multi value set. Standard T24 date field. </p>
            <p>
                <p>Validation Rules:</p>
            </p>
            <p> A maximum of 11 characters may be entered.</p>
        </desc>
</t>
<t>
<field>DUE.TYPE</field>
<desc>
            <p>Fields DUE.AMT and DUE.TYPE form a related multi value set. This has the Component that is suspended. </p>
            <p>
                <p>Validation Rules:</p>
            </p>
            <p />
            <p>  It can be either IN or CO.  </p>
        </desc>
</t>
<t>
<field>NO.DAYS.OVERDUE</field>
<desc>
            <p>Standard T24 numeric field. </p>
            <p>
                <p>Validation Rules:</p>
            </p>
            <p> A maximum of 3 characters may be entered.</p>
        </desc>
</t>
<t>
<field>PERIOD</field>
<desc>
            <p>Holds the date component of  PD.BALANCES key.  PD.BALANCES key is a combination of PD id </p>
            <p>  and the date on which the schedule is moved to PD.</p>
            <p />
        </desc>
</t>
<t>
<field>DUE.AMT</field>
<desc>
            <p>This has the Suspended IN or CO amount. Fields DUE.AMT and DUE.TYPE form a related multi value set.</p>
            <p>
                <p>Validation Rules:</p>
            </p>
            <p />
            <p> A maximum of 19 characters may be entered. </p>
        </desc>
</t>
<t>
<field>PEN.INT.NAB.AMT</field>
<desc>
            <p>
                <p>Validation Rules:</p>
            </p>
            <p> A maximum of 019 characters may be entered.</p>
        </desc>
</t>
<t>
<field>RATE.2</field>
<desc>
            <p>Fields FROM.DATE.2 to POSTED.IND.2 form a related multi value set. Standard T24 rate field. </p>
            <p>
                <p>Validation Rules:</p>
            </p>
            <p> A maximum of 11 characters may be entered.</p>
        </desc>
</t>
<t>
<field>RATE.EFF.DATE</field>
<desc>
            <p>Fields RATE.EFF.DATE to RATE form a related multi value set. Standard T24 date field. </p>
            <p>
                <p>Validation Rules:</p>
            </p>
            <p> A maximum of 11 characters may be entered.</p>
        </desc>
</t>
<t>
<field>PREVIOUS.STATUS</field>
<desc>
            <p>
                <p>Validation Rules:</p>
            </p>
            <p> A maximum of 3 characters may be entered.</p>
        </desc>
</t>
</menu>
</t24help>

