<?xml version="1.0" encoding="utf-8"?>
<t24help>
<header>
<product>PD</product>
<table>PD.BALANCES.SAVE</table>
</header>
<overview>
<ovdesc>

        </ovdesc>
<ovimage></ovimage>
</overview>
<menu>
<t>
<field>NO.DAYS.OVERDUE</field>
<desc>
            <p>Standard T24 numeric field. </p>
            <p>
                <p>Validation Rules:</p>
            </p>
            <p>A maximum of 3 characters may be entered.</p>
        </desc>
</t>
<t>
<field>RATE.2</field>
<desc>
            <p>Fields FROM.DATE.2 to POSTED.IND.2 form a related multi value set. Standard T24 rate field. </p>
            <p>
                <p>Validation Rules:</p>
            </p>
            <p>A maximum of 11 characters may be entered.</p>
        </desc>
</t>
<t>
<field>POST.END.DATE</field>
<desc>
            <p>Standard T24 date field. </p>
            <p>
                <p>Validation Rules:</p>
            </p>
            <p>A maximum of 11 characters may be entered.</p>
        </desc>
</t>
<t>
<field>RATE</field>
<desc>
            <p>Fields RATE.EFF.DATE to RATE form a related multi value set. Standard T24 rate field. </p>
            <p>
                <p>Validation Rules:</p>
            </p>
            <p>A maximum of 11 characters may be entered.</p>
        </desc>
</t>
<t>
<field>PEN.INT.ACCR.AMT</field>
<desc>
            <p>
                <p>Validation Rules:</p>
            </p>
            <p>A maximum of 019 characters may be entered.</p>
        </desc>
</t>
<t>
<field>RATE2.EFF.DATE</field>
<desc>
            <p>Fields RATE2.EFF.DATE to RATE2 form a related multi value set. Standard T24 date field. </p>
            <p>
                <p>Validation Rules:</p>
            </p>
            <p>A maximum of 11 characters may be entered.</p>
        </desc>
</t>
<t>
<field>BASE2.AMOUNT</field>
<desc>
            <p>Fields BASE2.EFF.DATE to BASE2.AMOUNT form a related multi value set. </p>
            <p>
                <p>Validation Rules:</p>
            </p>
            <p>A maximum of 19 characters may be entered.</p>
        </desc>
</t>
<t>
<field>RATE.1</field>
<desc>
            <p>Fields FROM.DATE.1 to POSTED.IND.1 form a related multi value set. Standard T24 rate field. </p>
            <p>
                <p>Validation Rules:</p>
            </p>
            <p>A maximum of 11 characters may be entered.</p>
        </desc>
</t>
<t>
<field>CALC.START.DATE</field>
<desc>
            <p>Standard T24 date field. </p>
            <p>
                <p>Validation Rules:</p>
            </p>
            <p>A maximum of 11 characters may be entered.</p>
        </desc>
</t>
<t>
<field>BASE2.EFF.DATE</field>
<desc>
            <p>Fields BASE2.EFF.DATE to BASE2.AMOUNT form a related multi value set. Standard T24 date field. </p>
            <p>
                <p>Validation Rules:</p>
            </p>
            <p>A maximum of 11 characters may be entered.</p>
        </desc>
</t>
<t>
<field>FROM.DATE.2</field>
<desc>
            <p>Fields FROM.DATE.2 to POSTED.IND.2 form a related multi value set. Standard T24 date field. </p>
            <p>
                <p>Validation Rules:</p>
            </p>
            <p>A maximum of 11 characters may be entered.</p>
        </desc>
</t>
<t>
<field>NO.DAYS.2</field>
<desc>
            <p>Fields FROM.DATE.2 to POSTED.IND.2 form a related multi value set. Standard T24 numeric field. </p>
            <p>
                <p>Validation Rules:</p>
            </p>
            <p>A maximum of 3 characters may be entered.</p>
        </desc>
</t>
<t>
<field>CURR.OS.TAX</field>
<desc>
            <p>Fields AMT.TYPE to ADJ.AMT form a related multi value set. </p>
            <p>
                <p>Validation Rules:</p>
            </p>
            <p>A maximum of 019 characters may be entered.</p>
        </desc>
</t>
<t>
<field>PREVIOUS.STATUS</field>
<desc>
            <p>
                <p>Validation Rules:</p>
            </p>
            <p>A maximum of 3 characters may be entered.</p>
        </desc>
</t>
<t>
<field>POSTED.IND.1</field>
<desc>
            <p>Fields FROM.DATE.1 to POSTED.IND.1 form a related multi value set. </p>
            <p>
                <p>Validation Rules:</p>
            </p>
            <p>A maximum of 2 characters may be entered.</p>
        </desc>
</t>
<t>
<field>KEY</field>
<desc>
            <p>Standard T24 alphanumeric field. </p>
            <p>
                <p>Validation Rules:</p>
            </p>
            <p>A maximum of 25 characters may be entered.</p>
        </desc>
</t>
<t>
<field>POST.START.DATE</field>
<desc>
            <p>Standard T24 date field. </p>
            <p>
                <p>Validation Rules:</p>
            </p>
            <p>A maximum of 11 characters may be entered.</p>
        </desc>
</t>
<t>
<field>RATE.EFF.DATE</field>
<desc>
            <p>Fields RATE.EFF.DATE to RATE form a related multi value set. Standard T24 date field. </p>
            <p>
                <p>Validation Rules:</p>
            </p>
            <p>A maximum of 11 characters may be entered.</p>
        </desc>
</t>
<t>
<field>BASE.AMOUNT</field>
<desc>
            <p>Fields BASE.EFF.DATE to BASE.AMOUNT form a related multi value set. </p>
            <p>
                <p>Validation Rules:</p>
            </p>
            <p>A maximum of 19 characters may be entered.</p>
        </desc>
</t>
<t>
<field>ORIGINAL.AMT</field>
<desc>
            <p>Fields AMT.TYPE to ADJ.AMT form a related multi value set. </p>
            <p>
                <p>Validation Rules:</p>
            </p>
            <p>A maximum of 19 characters may be entered.</p>
        </desc>
</t>
<t>
<field>BASE.AMT.1</field>
<desc>
            <p>Fields FROM.DATE.1 to POSTED.IND.1 form a related multi value set. </p>
            <p>
                <p>Validation Rules:</p>
            </p>
            <p>A maximum of 19 characters may be entered.</p>
        </desc>
</t>
<t>
<field>TO.DATE.1</field>
<desc>
            <p>Fields FROM.DATE.1 to POSTED.IND.1 form a related multi value set. Standard T24 date field. </p>
            <p>
                <p>Validation Rules:</p>
            </p>
            <p>A maximum of 11 characters may be entered.</p>
        </desc>
</t>
<t>
<field>RATE2</field>
<desc>
            <p>Fields RATE2.EFF.DATE to RATE2 form a related multi value set. Standard T24 rate field. </p>
            <p>
                <p>Validation Rules:</p>
            </p>
            <p>A maximum of 11 characters may be entered.</p>
        </desc>
</t>
<t>
<field>CURRENCY</field>
<desc>
            <p>Standard T24 currency field. </p>
            <p>
                <p>Validation Rules:</p>
            </p>
            <p>A maximum of 3 characters may be entered.</p>
            <p>Must be the key to a valid entry on the CURRENCY file.</p>
        </desc>
</t>
<t>
<field>CURR.OS.NAB</field>
<desc>
            <p>Fields AMT.TYPE to ADJ.AMT form a related multi value set. </p>
            <p>
                <p>Validation Rules:</p>
            </p>
            <p>A maximum of 19 characters may be entered.</p>
        </desc>
</t>
<t>
<field>CURR.OS.ACCR</field>
<desc>
            <p>Fields AMT.TYPE to ADJ.AMT form a related multi value set. </p>
            <p>
                <p>Validation Rules:</p>
            </p>
            <p>A maximum of 19 characters may be entered.</p>
        </desc>
</t>
<t>
<field>CURR.OS.AMT</field>
<desc>
            <p>Fields AMT.TYPE to ADJ.AMT form a related multi value set. </p>
            <p>
                <p>Validation Rules:</p>
            </p>
            <p>A maximum of 019 characters may be entered.</p>
        </desc>
</t>
<t>
<field>RECORD.START.DATE</field>
<desc>
            <p>Standard T24 date field. </p>
            <p>
                <p>Validation Rules:</p>
            </p>
            <p>A maximum of 11 characters may be entered.</p>
        </desc>
</t>
<t>
<field>POST2.START.DATE</field>
<desc>
            <p>Standard T24 date field. </p>
            <p>
                <p>Validation Rules:</p>
            </p>
            <p>A maximum of 11 characters may be entered.</p>
        </desc>
</t>
<t>
<field>PAYMENT.STATUS</field>
<desc>
            <p>
                <p>Validation Rules:</p>
            </p>
            <p>A maximum of 3 characters may be entered.</p>
        </desc>
</t>
<t>
<field>INT2.REPAY.AMT</field>
<desc>
            <p>Fields INT2.REPAY.DATE to  form a related multi value set. </p>
            <p>
                <p>Validation Rules:</p>
            </p>
            <p>A maximum of 19 characters may be entered.</p>
        </desc>
</t>
<t>
<field>INT.REPAY.AMT</field>
<desc>
            <p>Fields INT.REPAY.DATE to INT.REPAY.AMT form a related multi value set. </p>
            <p>
                <p>Validation Rules:</p>
            </p>
            <p>A maximum of 19 characters may be entered.</p>
        </desc>
</t>
<t>
<field>BASE.AMT.2</field>
<desc>
            <p>Fields FROM.DATE.2 to POSTED.IND.2 form a related multi value set. </p>
            <p>
                <p>Validation Rules:</p>
            </p>
            <p>A maximum of 19 characters may be entered.</p>
        </desc>
</t>
<t>
<field>PEN.INT2.NAB.AMT</field>
<desc>
            <p>
                <p>Validation Rules:</p>
            </p>
            <p>A maximum of 019 characters may be entered.</p>
        </desc>
</t>
<t>
<field>AMT.TYPE</field>
<desc>
            <p>Fields AMT.TYPE to ADJ.AMT form a related multi value set. Standard T24 amount field. </p>
            <p>
                <p>Validation Rules:</p>
            </p>
            <p>A maximum of 12 characters may be entered.</p>
            <p>Must be the key to a valid entry on the PD.AMOUNT.TYPE file.</p>
        </desc>
</t>
<t>
<field>ACCR.ACT.AMT.1</field>
<desc>
            <p>Fields FROM.DATE.1 to POSTED.IND.1 form a related multi value set. Standard T24 amount field. </p>
            <p>
                <p>Validation Rules:</p>
            </p>
            <p>A maximum of 19 characters may be entered.</p>
        </desc>
</t>
<t>
<field>ACCR.ACT.AMT.2</field>
<desc>
            <p>Fields FROM.DATE.2 to POSTED.IND.2 form a related multi value set. Standard T24 amount field. </p>
            <p>
                <p>Validation Rules:</p>
            </p>
            <p>A maximum of 19 characters may be entered.</p>
        </desc>
</t>
<t>
<field>ACCR.AMT.1</field>
<desc>
            <p>Fields FROM.DATE.1 to POSTED.IND.1 form a related multi value set. </p>
            <p>
                <p>Validation Rules:</p>
            </p>
            <p>A maximum of 19 characters may be entered.</p>
        </desc>
</t>
<t>
<field>ACCR.AMT.2</field>
<desc>
            <p>Fields FROM.DATE.2 to POSTED.IND.2 form a related multi value set. </p>
            <p>
                <p>Validation Rules:</p>
            </p>
            <p>A maximum of 19 characters may be entered.</p>
        </desc>
</t>
<t>
<field>BASE.EFF.DATE</field>
<desc>
            <p>Fields BASE.EFF.DATE to BASE.AMOUNT form a related multi value set. Standard T24 date field. </p>
            <p>
                <p>Validation Rules:</p>
            </p>
            <p>A maximum of 11 characters may be entered.</p>
        </desc>
</t>
<t>
<field>INT2.REPAY.DATE</field>
<desc>
            <p>Fields INT2.REPAY.DATE to  form a related multi value set. Standard T24 date field. </p>
            <p>
                <p>Validation Rules:</p>
            </p>
            <p>A maximum of 11 characters may be entered.</p>
        </desc>
</t>
<t>
<field>TO.DATE.2</field>
<desc>
            <p>Fields FROM.DATE.2 to POSTED.IND.2 form a related multi value set. Standard T24 date field. </p>
            <p>
                <p>Validation Rules:</p>
            </p>
            <p>A maximum of 11 characters may be entered.</p>
        </desc>
</t>
<t>
<field>ADJ.AMT</field>
<desc>
            <p>Fields AMT.TYPE to ADJ.AMT form a related multi value set. </p>
            <p>
                <p>Validation Rules:</p>
            </p>
            <p>A maximum of 19 characters may be entered.</p>
        </desc>
</t>
<t>
<field>PEN.INT2.CALC.AMT</field>
<desc>
            <p>
                <p>Validation Rules:</p>
            </p>
            <p>A maximum of 019 characters may be entered.</p>
        </desc>
</t>
<t>
<field>REPAY.DATE</field>
<desc>
            <p>Fields AMT.TYPE to ADJ.AMT form a related multi value set. Standard T24 date field. </p>
            <p>
                <p>Validation Rules:</p>
            </p>
            <p>A maximum of 11 characters may be entered.</p>
        </desc>
</t>
<t>
<field>PEN.INT2.ACCR.AMT</field>
<desc>
            <p>
                <p>Validation Rules:</p>
            </p>
            <p>A maximum of 019 characters may be entered.</p>
        </desc>
</t>
<t>
<field>POST2.END.DATE</field>
<desc>
            <p>Standard T24 date field. </p>
            <p>
                <p>Validation Rules:</p>
            </p>
            <p>A maximum of 11 characters may be entered.</p>
        </desc>
</t>
<t>
<field>PEN.CALC.DATE</field>
<desc>
            <p>Standard T24 date field. </p>
            <p>
                <p>Validation Rules:</p>
            </p>
            <p>A maximum of 11 characters may be entered.</p>
        </desc>
</t>
<t>
<field>POSTED.IND.2</field>
<desc>
            <p>Fields FROM.DATE.2 to POSTED.IND.2 form a related multi value set. </p>
            <p>
                <p>Validation Rules:</p>
            </p>
            <p>A maximum of 2 characters may be entered.</p>
        </desc>
</t>
<t>
<field>REPAY.AMT</field>
<desc>
            <p>Fields AMT.TYPE to ADJ.AMT form a related multi value set. </p>
            <p>
                <p>Validation Rules:</p>
            </p>
            <p>A maximum of 019 characters may be entered.</p>
        </desc>
</t>
<t>
<field>NO.DAYS.1</field>
<desc>
            <p>Fields FROM.DATE.1 to POSTED.IND.1 form a related multi value set. Standard T24 numeric field. </p>
            <p>
                <p>Validation Rules:</p>
            </p>
            <p>A maximum of 3 characters may be entered.</p>
        </desc>
</t>
<t>
<field>FROM.DATE.1</field>
<desc>
            <p>Fields FROM.DATE.1 to POSTED.IND.1 form a related multi value set. Standard T24 date field. </p>
            <p>
                <p>Validation Rules:</p>
            </p>
            <p>A maximum of 11 characters may be entered.</p>
        </desc>
</t>
<t>
<field>INT.REPAY.DATE</field>
<desc>
            <p>Fields INT.REPAY.DATE to INT.REPAY.AMT form a related multi value set. Standard T24 date field. </p>
            <p>
                <p>Validation Rules:</p>
            </p>
            <p>A maximum of 11 characters may be entered.</p>
        </desc>
</t>
<t>
<field>PEN.INT.CALC.AMT</field>
<desc>
            <p>
                <p>Validation Rules:</p>
            </p>
            <p>A maximum of 019 characters may be entered.</p>
        </desc>
</t>
<t>
<field>PEN.INT.NAB.AMT</field>
<desc>
            <p>
                <p>Validation Rules:</p>
            </p>
            <p>A maximum of 019 characters may be entered.</p>
        </desc>
</t>
</menu>
</t24help>

