<?xml version="1.0" encoding="utf-8"?>
<t24help>
<header>
<product>PD</product>
<table>PD.CUSTOMER</table>
</header>
<overview>
<ovdesc>

        </ovdesc>
<ovimage></ovimage>
</overview>
<menu>
<t>
<field>CUSTOMER</field>
<desc>
            <p> This file groups the Payment due ids on customer basis.
The key for this file is customer id.  It holds all PD contract ids That are due to that customer.
</p>
        </desc>
</t>
<t>
<field>DEAL.ID</field>
<desc>
            <p>Indicates the list of PD contract IDs for the customer stated in @ID. When the PD moves to history, the contract is automatically removed from the list.</p>
            <p>
                <p>Validation Rules:</p>
            </p>
            <p />
            <p>Maximum of 12 Alphanumeric characters.</p>
            <p>Should be a valid ID in PD.PAYMENT.DUE file.</p>
        </desc>
</t>
</menu>
</t24help>

