<?xml version="1.0" encoding="utf-8"?>
<t24help>
<header>
<product>PD</product>
<table>PD.OP.BALANCES.DATE.LIST</table>
</header>
<overview>
<ovdesc>

        </ovdesc>
<ovimage></ovimage>
</overview>
<menu>
<t>
<field>CONTRACT.ID</field>
<desc>
            <p>Hold the PD contract ids 
</p>
        </desc>
</t>
<t>
<field>ID</field>
<desc>
            <p>Work file that contains PD contract ids. The id of the work file is the date On which PD.BALANCES gets Created</p>
        </desc>
</t>
<t>
<field>PD.DATE.ID</field>
<desc>
            <p>The date on which PD.BALANCES gets created
</p>
        </desc>
</t>
</menu>
</t24help>

