<?xml version="1.0" encoding="utf-8"?>
<t24help>
<header>
<product>PD</product>
<table>PD.ONLINE.PAYMENT</table>
</header>
<overview>
<ovdesc>

        <p> PD PD.ONLINE.PAYMENT 
</p>
        <p>TXN.REF</p>
        <p>
The field holds the entry hold ID of the credit transaction which is due to settle the PD underlying for an account or a contract. Multi-valued field.
</p>
        <p>VALUE.DATE</p>
        <p>
This field holds the value date of the credit transaction which is due to settle the PD. 

</p>
        <b>Validation Rules</b>
        <p> Multi-valued field. A valid date. 
</p>
        <p>ACCOUNT.NUMBER</p>
        <p>
The suspense account number to which the funds have been diverted to , when the credit transaction is processed for settling the PD contract 

</p>
        <b>Validation Rules</b>
        <p> A suspense account number which has been defined in the ACCOUNT.CLASS record PDREPAY. Multi-valued.
</p>
        <p>AMOUNT</p>
        <p>
This field is populated with the amount for which the credit transaction has been raised and the amount which will be used to repay the PD. 

</p>
        <b>Validation Rules</b>
        <p> AMT type field. Multi-valued.
</p>
        <p>CCY</p>
        <p>
The currency of the underlying transaction which would settle the PD. 

</p>
        <b>Validation Rules</b>
        <p> A valid currency code.Must exist in the currency table. Multi-valued field.
</p>
        <p>ENTRY.ID</p>
        <p>
This field holds the transaction reference of the credit transaction that is due to settle the PD for an account or the contract. Multi-valued field. 
</p>
        <p>ORIG.ACCT.NO</p>
        <p>
The account to which the credit transaction was being passed to, is populated into this field.If a credit transaction is passed to settle the PD,then the funds would be diverted to a suspense account and the original account to which the credit was going to would be populated into this field.During the actual processing of the online payments,if any funds remain even after settling the underlying PD,then the funds are credited to this original account itself. 

</p>
        <b>Validation Rules</b>
        <p> Valid T24 account. Multi-valued field.
</p>
        <p>PD.KEY</p>
        <p>
When there is a credit entry for an account and the THEIR.REFERENCE field has been populated with the account number or the contract number, then the account to which the credit is being made is checked against the repayment account. If he account matches , then the PD.ONLINE.PAYMENT file gets updated with the relevant details from the entry along with the account number to which the credit is going. A single PD.ONLINE.PAYMENT file might contain multiple sets of payments to be processed. After the settling the PD if any funds are available in the PD.ONLINE.PAYMENT file, the amount is paid back to the original account, which has been recorded in the online payment file
</p>
        <p>THEIR.REFERENCE</p>
        <p>
The narrative in the THEIR.REFERENCE field which could be either an account number or a valid contract number for which there is a PD underlying. 

</p>
        <b>Validation Rules</b>
        <p> Multi-valued field. Valid account number or a valid contract number. 
</p>
        <p>TXN.CODE.CR</p>
        <p>
The transaction code with which the original credit transaction has been passed.The transaction code will be used to credit the original account if in case any excess funds need to be refunded to the original account after settling the PD. 

</p>
        <b>Validation Rules</b>
        <p> A valid transaction code.Must have an entry in the transaction table.
</p>
        <p>TXN.CODE.DR</p>
        <p>
Transaction Code used for the Debit Entry.
</p>
    </ovdesc>
<ovimage></ovimage>
</overview>
<menu>
<t>
<field>THEIR.REFERENCE</field>
<desc>
            <p>The narrative in the THEIR.REFERENCE field which could be either an account number or a valid contract number for which there is a PD underlying.</p>
            <p>
                <p>Validation Rules:</p>
            </p>
            <p />
            <p> Multi-valued field.</p>
            <p> Valid account number or a valid contract number.</p>
            <p />
        </desc>
</t>
<t>
<field>TXN.REF</field>
<desc>
            <p>The field holds the entry hold ID of the credit transaction which is due to settle the PD underlying for an account or a contract.</p>
            <p />
            <p />
            <p> Multi-valued field.</p>
        </desc>
</t>
<t>
<field>ORIG.ACCT.NO</field>
<desc>
            <p>The account to which the credit transaction was being passed to, is populated into this field.If a credit transaction is passed to settle the PD,then the funds would be diverted to a suspense account and the original account to which the credit was going to would be populated into this field.During the actual processing of the online payments,if any funds remain even after settling the underlying PD,then the funds are credited to this original account itself.</p>
            <p>
                <p>Validation Rules:</p>
            </p>
            <p />
            <p> Valid T24 account.</p>
            <p> Multi-valued field.</p>
        </desc>
</t>
<t>
<field>TXN.CODE.CR</field>
<desc>
            <p>The transaction code with which the original credit transaction has been passed.The transaction code will be used to credit the original account if in case any excess funds need to be refunded to the original account after settling the PD.</p>
            <p>
                <p>Validation Rules:</p>
            </p>
            <p />
            <p> A valid transaction code.Must have an entry in the         transaction table.</p>
        </desc>
</t>
<t>
<field>VALUE.DATE</field>
<desc>
            <p>This field holds the value date of the credit transaction which is due to settle the PD.</p>
            <p>
                <p>Validation Rules:</p>
            </p>
            <p />
            <p> Multi-valued field.</p>
            <p> A valid date.</p>
            <p />
        </desc>
</t>
<t>
<field>TXN.CODE.DR</field>
<desc>
            <p>Transaction Code used for the Debit Entry.</p>
        </desc>
</t>
<t>
<field>PD.KEY</field>
<desc>
            <p>When there is a credit entry for an account and the THEIR.REFERENCE field has been populated with the account number or the contract number, then the account to which the credit is being made is checked against the repayment account. If he account matches , then the PD.ONLINE.PAYMENT file gets updated with the relevant details from the entry along with the account number to which the credit is going. </p>
            <p />
            <p> A single PD.ONLINE.PAYMENT file might contain multiple sets of payments to be processed. After the settling the PD if any funds are available in the PD.ONLINE.PAYMENT file, the amount is </p>
            <p> paid back to the original account, which has been recorded in the online payment file</p>
        </desc>
</t>
<t>
<field>ACCOUNT.NUMBER</field>
<desc>
            <p>The suspense account number to which the funds have been diverted to , when the credit transaction is processed for settling the PD contract</p>
            <p>
                <p>Validation Rules:</p>
            </p>
            <p />
            <p> A suspense account number which has been defined in the         ACCOUNT.CLASS record PDREPAY.</p>
            <p> Multi-valued.</p>
        </desc>
</t>
<t>
<field>AMOUNT</field>
<desc>
            <p>This field is populated with the amount for which the credit transaction has been raised and the amount which will be used to repay the PD.</p>
            <p>
                <p>Validation Rules:</p>
            </p>
            <p />
            <p> AMT type field.</p>
            <p> Multi-valued.</p>
        </desc>
</t>
<t>
<field>CCY</field>
<desc>
            <p>The currency of the underlying transaction which would settle the PD.</p>
            <p>
                <p>Validation Rules:</p>
            </p>
            <p />
            <p> A valid currency code.Must exist in the currency table.</p>
            <p> Multi-valued field.</p>
        </desc>
</t>
<t>
<field>ENTRY.ID</field>
<desc>
            <p>This field holds the transaction reference of the credit transaction that is due to settle the PD for an account or the contract.</p>
            <p />
            <p />
            <p> Multi-valued field.</p>
            <p />
        </desc>
</t>
</menu>
</t24help>

