<?xml version="1.0" encoding="utf-8"?>
<t24help>
<header>
<product>PD</product>
<table>PD.PENALTY.DETAILS</table>
</header>
<overview>
<ovdesc>

        <p> PD PD.PENALTY.DETAILS 
</p>
        <p>LAST.PD.MVMT.DT</p>
        <p>
Date field that is maintained by thesystem when repayment or adjustment is made on PD.
</p>
        <p>LLR.DATE</p>
        <p>
Holds the RECORD.START.DATE value of PD.BALANCES
</p>
        <p>PD.PENALTY.DET.ID</p>
        <p>
This file will be updated by a start of day. This will contain the calculation basis and the details of the last repayment/adjustment done. 
</p>
        <p>PENALTY.CALC</p>
        <p>
When penalty calculation in PD is based on ?OP? then this field would get updated as OP when PD is created.
</p>
        <p>PROJ.LLR.DATE</p>
        <p>
Holds the projected LLR date when back-dated repayment prior to LLR date is done.
</p>
    </ovdesc>
<ovimage></ovimage>
</overview>
<menu>
<t>
<field>PENALTY.CALC</field>
<desc>
            <p>When penalty calculation in PD is based  on  ?OP? then this field would get updated as OP when PD is created.</p>
        </desc>
</t>
<t>
<field>PROJ.LLR.DATE</field>
<desc>
            <p> Holds the projected LLR date when back-dated repayment prior  to LLR date is done.</p>
        </desc>
</t>
<t>
<field>LAST.PD.MVMT.DT</field>
<desc>
            <p>date field that is maintained by thesystem when repayment or adjustment is made on PD.</p>
        </desc>
</t>
<t>
<field>LLR.DATE</field>
<desc>
            <p>Holds the RECORD.START.DATE value of PD.BALANCES</p>
        </desc>
</t>
<t>
<field>PD.PENALTY.DET.ID</field>
<desc>
            <p>This file will be updated by a start of day. This will contain the calculation basis and the details of the last</p>
            <p> repayment/adjustment done.</p>
            <p />
        </desc>
</t>
</menu>
</t24help>

