<?xml version="1.0" encoding="utf-8"?>
<t24help>
<header>
<product>PD</product>
<table>PD.WOF.REASON</table>
</header>
<overview>
<ovdesc>

            <p>The table may be used to capture various reasons for Writing Off a contract and may use these in the PD.PAYMENT.DUE record during the actual Write-off.</p>
            <p>The table can store up to 99 reasons.</p>
        </ovdesc>
<ovimage></ovimage>
</overview>
<menu>
<t>
<field>DESCRIPTION</field>
<desc>
            <p>A detailed description stating the Write-off reason may be stored in this field. This is a Free-text field.</p>
            <p>
                <p>Validation Rules:</p>
            </p>
            <p />
            <p>Mandatory Input.</p>
            <p>3-35 Alphanumeric Characters.</p>
            <p>Standard Language field.</p>
        </desc>
</t>
<t>
<field>REASON.CODE</field>
<desc>
            <p>The various reasons may be recorded under different Numeric codes which may be used in the PD.PAYMENT.DUE during the actual Write-off.</p>
            <p>
                <p>Validation Rules:</p>
            </p>
            <p />
            <p>Maximum of 2 Numeric characters.</p>
        </desc>
</t>
<t>
<field>SHORT.DESC</field>
<desc>
            <p>A short description for the reason of Write-off (which may be used as enrichments).</p>
            <p>
                <p>Validation Rules:</p>
            </p>
            <p />
            <p>3-15 Alphanumeric characters.</p>
            <p>Standard Language field.</p>
        </desc>
</t>
</menu>
</t24help>

