<?xml version="1.0" encoding="utf-8"?>
<t24help xmlns:xsi="http://www.w3.org/2001/XMLSchema-instance">
    <header>
        <product>RS</product>
        <table>AC.ACCOUNT.LINK</table>
    </header>
    <overview>
        <ovdesc>
            <p>This application is used to create a link between accounts for a sweep to occour. The style of sweep is defined by the SWEEP.TYPE field and must be a valid record on AC.SWEEP.TYPE. The given accounts for linking can then be given the relevant rules, such as minimum or maximium balance. These then define the value the account needs to pass to triggger the sweep functionality</p>
            <p>Eg: Account 1 has a balance of $120 and a trigger to sweep when the balance drops below $100 dollars. If $40 is debited from the account, the resulting $80 balance will trigger the sweep as the balance has fallen below it's minimum.</p>
        </ovdesc>
    </overview>
    <menu>
        <t>
            <field>CONVERSION.RATE</field>
            <desc>
                <p>Identifies which conversion rate to be applied during the cross currency sweeping.</p>
                <p>Acceptable values are:</p>
                <p>•	MID – Mid rate from the currency table will be used for conversion</p>
                <p>•	BUY-SELL – Buy/sell rate from the currency table will be used for conversion</p>
                <p>Default value is MID.</p>
            </desc>
        </t>
        <t>
            <field>DESCRIPTION</field>
            <desc>
                <p>DESCRIPTION</p>
                <p>Description of Link</p>
                <p/>
                <p>Up to 35 type A (alphanumeric) characters.</p>
            </desc>
        </t>
        <t>
            <field>FREQUENCY</field>
            <desc>
                <p>FREQUENCY</p>
                <p>Frequency for running the sweeps. </p>
                <p/>
                <p/>
                <p/>
                <p>Accepts T24 standard date frequencies.</p>
                <p/>
                <p>"DAILY"   is not valid for Account Sweeping.</p>
            </desc>
        </t>
        <t>
            <field>FROM.ACCT.BALTYPE</field>
            <desc>
                <p>TO.ACCT.BALTYPE</p>
                <p>Contains the id of AC.BALANCE.TYPE</p>
                <p>Value will be allowed only if BALANCE.TO.USE is  AC.BALANCE.TYPE in respective AC.SWEEP.TYPE</p>
                <p/>
                <p/>
                <p>Valid AC.BALANCE.TYPE record id</p>
            </desc>
        </t>
        <t>
            <field>FROM.MIN.AMT</field>
            <desc>
                <p>FROM.MIN.AMT</p>
                <p>The optional minimum amount for the from account.</p>
            </desc>
        </t>
        <t>
            <field>LIST.ID</field>
            <desc>
                <p>This is a standard T24 contract ID. The first four characters are ACSW to denote an account sweep, the second 5 characters are the date. Of the date the first 2 numbers are the year and the next 3 numbers the number of days passed in the year (YYDDD). The last 5 characters are a numeric sequence allowing 99,999 individual contracts to be entered in one day.</p>
                <p>Pressing F3 will get the next ID in the sequence for today.</p>
                <p>Entering a number less than 5 figures long will be expanded with the date and ACSW, Eg, if the user enters ID 321 on the 31st Jan 1999, the actual ID T24 will use will be ACSW9903100321. T24 will then mask this to be ACSW/99031/00321</p>
            </desc>
        </t>
        <t>
            <field>LOCAL.REF.FIELD</field>
            <desc>
                <p>LOCAL.REF.FIELD</p>
                <p/>
                <p/>
                <p>Up to 35 type A (alphanumeric) characters.</p>
                <p/>
            </desc>
        </t>
        <t>
            <field>MAXIMUM.AMT</field>
            <desc>
                <p>MAXIMUM.AMT</p>
                <p>The maximum account balance allowed.</p>
                <p/>
                <p/>
                <p/>
                <p>MANDATORY field for a SURPLUS  or TWO-WAY sweep.</p>
                <p>NOINPUT field for a MAINTENANCE SWEEP.</p>
                <p/>
                <p/>
            </desc>
        </t>
        <t>
            <field>MINIMUM.AMT</field>
            <desc>
                <p>MINIMUM.AMT</p>
                <p>The minimum account balance required.</p>
                <p/>
                <p/>
                <p>MANDATORY field for a MAINTENANCE or TWO-WAY sweep.</p>
                <p>NOINPUT field for a SURPLUS SWEEP.</p>
            </desc>
        </t>
        <t>
            <field>NEXT.RUN.DATE</field>
            <desc>
                <p>NEXT.RUN.DATE</p>
                <p>Specifies the next run date of the sweep.</p>
                <p/>
                <p/>
                <p>NOINPUT field.</p>
                <p>Defaulted from the FREQUENCY field.</p>
            </desc>
        </t>
        <t>
            <field>ACCOUNT.FROM</field>
            <desc>
                <p>For surplus this refers to the account which will be credited and for maintenance this account from where the funds are debited. </p>
            </desc>
        </t>
        <t>
            <field>RESERVED.1</field>
            <desc>
                <p>RESERVED</p>
                <p/>
                <p/>
                <p>NOINPUT fields reserved for future use.</p>
            </desc>
        </t>
        <t>
            <field>SUSP.END.DATE</field>
            <desc>
                <p>Holds the end date for suspending the sweep.   Sweeps will not be processed between the date defined in SUSP.START.DATE and this date,</p>
            </desc>
        </t>
        <t>
            <field>SUSP.START.DATE</field>
            <desc>
                <p>Holds the start date for suspending the sweep.  Sweeps will not be processed between this date and the date defined in SUSP.END.DATE.</p>
            </desc>
        </t>
        <t>
            <field>SWEEP.CANCEL.DATE</field>
            <desc>
                <p>Holds the end date for the sweep record.  Record will be inactive after this date and sweep will not be executed after this date.</p>
            </desc>
        </t>
        <t>
            <field>SWEEP.CHG.AMOUNT</field>
            <desc>
                <p>Defines the fixed charge amount to be collected for each sweep.  Value is system calculated, if not input by the user.</p>
            </desc>
        </t>
        <t>
            <field>SWEEP.CHG.CODE</field>
            <desc>
                <p>Defines the charge code associated with the charge that is to be collected for each successful sweep.</p>
                <p>Value is defaulted from AC.CP.GROUP.PARAM which can be amended by the user.</p>
                <p>Optional field.</p>
            </desc>
        </t>
        <t>
            <field>SWEEP.STYLE</field>
            <desc>
                <p>Help Text for this field is unavailable.  Please refer to the T24 User Guides for further information.</p>
            </desc>
        </t>
        <t>
            <field>SWEEP.TYPE</field>
            <desc>
                <p>SWEEP.TYPE</p>
                <p>Sweep types can be defined with different transaction codes for the Maintenance, Surplus or Two-way Sweep.</p>
                <p>SWEEP.TYPE is assigned for linked accounts, linked through the AC.ACCOUNT.LINK table.</p>
                <p>It must be the key to a record on the AC.SWEEP.TYPE file</p>
                <p/>
                <p>Up to 35 type A (alphanumeric) characters. </p>
                <p>AC.SWEEP.TYPE with SWEEP.STYLE as "CASHFLOW" is allowed only in AC.CASH.POOL. It is same as a Two Way sweep rule except there is a controlling limit on how much can be taken from higher level account. </p>
            </desc>
        </t>
        <t>
            <field>TO.ACCT.BALTYPE</field>
            <desc>
                <p>TO.ACCT.BALTYPE</p>
                <p>Contains the id of AC.BALANCE.TYPE</p>
                <p>Value will be allowed only if BALANCE.TO.USE is  AC.BALANCE.TYPE in respective AC.SWEEP.TYPE</p>
                <p/>
                <p/>
                <p>Valid AC.BALANCE.TYPE record id</p>
            </desc>
        </t>
        <t>
            <field>WAIVE.CHARGES</field>
            <desc>
                <p>Defines whether charge is to be collected or not, for each successful sweep</p>
            </desc>
        </t>
        <t>
            <field>ACCOUNT.TO</field>
            <desc>
                <p>For Surplus sweep this refers to the account which will be debited and funds moved out.</p>
                <p/>
                <p>For maintenance sweep, this will be the account where funds are credited to maintain the account.</p>
                <p/>
                <p>So account given here is used to check the condition.</p>
            </desc>
        </t>
        <t>
            <field>ACCT.FROM.CCY</field>
            <desc>
                <p>ACCT.FROM.CCY</p>
                <p>Is the currency of the account which funds will be transferred from.</p>
                <p>The currency will default from the account entered in the ACCOUNT.FROM field</p>
                <p/>
                <p/>
                <p/>
                <p>This is a NOINPUT field</p>
            </desc>
        </t>
        <t>
            <field>ACCT.FROM.CURRENCY</field>
            <desc>
                <p>ACCT.FROM.CURRENCY</p>
                <p/>
                <p/>
                <p>NOINPUT field that is defaulted from the relevant ACCOUNT.FROM field.</p>
            </desc>
        </t>
        <t>
            <field>ACCT.TO.CCY</field>
            <desc>
                <p>ACCT.TO.CCY</p>
                <p>Is the currency of the account which funds will be transferred to.</p>
                <p>The currency will default from the account entered in the ACCOUNT.TO field</p>
                <p/>
                <p/>
                <p/>
                <p>This is a NOINPUT field</p>
            </desc>
        </t>
        <t>
            <field>ACCT.TO.CURRENCY</field>
            <desc>
                <p>ACCT.TO.CURRENCY</p>
                <p/>
                <p/>
                <p>NOINPUT field that is defaulted from the relevant ACCOUNT.TO field.</p>
            </desc>
        </t>
        <t>
            <field>CHARGE.ACCOUNT</field>
            <desc>
                <p>Defines the Account from which the charge is to be debited.</p>
            </desc>
        </t>
        <t>
            <field>CHARGE.AMOUNT</field>
            <desc>
                <p>Defines the fixed charge amount associated with the CHARGE.CODE field.</p>
            </desc>
        </t>
        <t>
            <field>CHARGE.CODE</field>
            <desc>
                <p>Defines the charge that is to be collected for setting up a sweep instruction.</p>
                <p>  Accepts valid record ID of FT.CHARGE.TYPE / FT.COMMISSION.TYPE.  </p>
                <p/>
                <p>After collecting the charge amount, field is set to null.</p>
                <p>Optional field.</p>
            </desc>
        </t>
    <t><field>TAX.AMOUNT</field><desc><p>Help Text for this field is unavailable.  Please refer to the T24 User Guides for further information.</p></desc></t><t><field>STMT.NOS</field><desc><p>Help Text for this field is unavailable.  Please refer to the T24 User Guides for further information.</p></desc></t></menu>
</t24help>
