<t24help>
<header>
<product>USCORE</product>
<table>USCORE.DELIVERY.PARAMETER</table>
</header>
<overview>
<ovdesc>
<p>This file is used to define whether bank uses pre-printed paper or the address of the lead company/branch company should be displayed in the statements, notices and advices sent from T24</p>
</ovdesc>
</overview>
<menu>
<t>
<field>@ID </field>
<desc><p>Possible values are</p></desc>
<desc><p>SYSTEM </p></desc>
<desc><p>SYSTEM*STATE</p></desc>
<desc><p>SYSTEM*COMPANY</p></desc>
<desc><p>Message Type (@Id of DE.FORMAT.PRINT or DEAL.SLIP.FORMAT)</p></desc>
<desc><p>Message Type*STATE</p></desc>
<desc><p>Message Type*COMPANY</p></desc>
</t>
<t>
<field>DESCRIPTION</field>
<desc>
<p>This field allow the user to enter description.</p>
</desc>
</t>
<t>
<field>BANK.ADDRESS</field>
<desc>
<p>This field is used to define whether pre-printed paper is used or  </p>
<p>Lead Company or Branch Company address is used to display the bank address in advices/notices sent out from T24. </p>
</desc>
</t>
</menu>
</t24help>