<t24help>
<header>
<product>USCORE</product>
<table>USCORE.COMPANY.DETAILS</table>
</header>
<overview>
<ovdesc>
<p>This file is used to to get the additional details about the company, we need the below table with @ID as Company code </p>
</ovdesc>
</overview>
<menu>
<t>
<field>@ID </field>
<desc><p>Valid Company CODE</p></desc>
</t>
<t>
<field>TAX.ID</field>
<desc>
<p>To define the banks Tax ID provided by the Tax man</p>
<p>Validation Rule:</p>
<p>Alpha-numeric 1-10 digits</p>
</desc>
</t>
<t>
<field>INCORP.STATE</field>
<desc>
<p>Define the companys incorporated state.</p>
<p>Validation Rule:</p>
<p>Alpha-numeric 1-20 digits </p>
</desc>
</t>
<t>
<field>INCORP.YEAR</field>
<desc>
<p>Define the companys incorporated year.</p>
<p>Validation Rule:</p>
<p>Numeric 1-4 digits</p>
</desc>
</t>
<t>
<field>INCORP.MON</field>
<desc>
<p>Define the companys incorporated month.</p>
<p>Validation Rule:</p>
<p>Numeric 1-2 digits</p>
</desc>
</t>
<t>
<field>INCORP.DAY</field>
<desc>
<p>Define the companys incorporated day.</p>
<p>Validation Rule:</p>
<p>Numeric 1-2 digits </p>
</desc>
</t>
<t>
<field>NAICS.CODE</field>
<desc>
<p>Define the code provided.</p>
<p>Validation Rule:</p>
<p>Numeric 1-15 digits </p>
</desc>
</t>
<t>
<field>HOLDER.TYPE</field>
<desc>
<p>Define the type of HOLDER</p>
<p>A = advising; R = Remitting; T = Test.</p>
<p>Validation Rule:</p>
<p>Alpha-numeric 1-10 digits </p>
</desc>
</t>
<t>
<field>HOLDER.FAX.AC</field>
<desc>
<p>Define the Banks fax no area code.</p>
<p>Validation Rule:</p>
<p>Numeric 1-20 digits</p>
</desc>
</t>
<t>
<field>HOLDER.FAX.NBR</field>
<desc>
<p>Define the banks fax number.</p>
<p>Validation Rule:</p>
<p>Numeric 1-15 digits </p>
</desc>
</t>
<t>
<field>HOLDER.CITY</field>
<desc>
<p>Define the Banks Branch city.</p>
<p>Validation Rule:</p>
<p>Alpha numeric 1-15 digits</p>
</desc>
</t>
<t>
<field>HOLDER.RPT.NUMBER</field>
<desc>
<p>Define the Banks Branch Report Number.</p>
<p>Validation Rule:</p>
<p>Alpha numeric 1-15 digits</p>
</desc>
</t>
<t>
<field>HOLDER.SIC.CODE</field>
<desc>
<p>Define the Banks Branch SIC Code.</p>
<p>Validation Rule:</p>
<p>Numeric 1-15 digits</p>
</desc>
</t>
<t>
<field>CUST.INACTIV.MONTHS</field>
<desc>
<p>Define the No of Inactive months to set Customer to Escheat status</p>
<p>Validation Rule:</p>
<p>Numeric 1-15 digits</p>
</desc>
</t>
<t>
<field>HOLDER.CONTACT.NAME</field>
<desc>
<p>Define the Banks Branch Contact person.</p>
<p>Validation Rule:</p>
<p>Alpha numeric 1-20 digits</p>
</desc>
</t>
<t>
<field>HOLDER.CONTACT.ADDR</field>
<desc>
<p>Define the address of the bank.</p>
<p>Validation Rule:</p>
<p>Alpha numeric 1-15 digits </p>
</desc>
</t>
<t>
<field>HOLDER.CONTACT.CITY</field>
<desc>
<p>Define the city of the bank</p>
<p>Validation Rule:</p>
<p>Alpha numeric 1-10 digits</p>
</desc>
</t>
<t>
<field>HOLDER.CONTACT.STATE</field>
<desc>
<p>Define the state of the bank</p>
<p>Validation Rule:</p>
<p>Alpha numeric 1-10 digits</p>
</desc>
</t>
<t>
<field>HOLDER.CONTACT.ZIP</field>
<desc>
<p>Define the ZIP code of the bank.</p>
<p>Validation Rule:</p>
<p>Alpha numeric 1-10 digits</p>
</desc>
</t>
<t>
<field>HOLDER.CONTACT.COUNTRY</field>
<desc>
<p>Define the country of the bank.</p>
<p>Validation Rule:</p>
<p>Alpha numeric 1-10 digits</p>
</desc>
</t>
<t>
<field>HOLDER.CONTACT.TEL.AC</field>
<desc>
<p>Define the telephone details of the bank.</p>
<p>Validation Rule:</p>
<p>Numeric 1-15 digits</p>
</desc>
</t>
<t>
<field>HOLDER.CONTACT.TEL.NBR</field>
<desc>
<p>Define the telephone details of the bank of the Bank</p>
<p>Validation Rule:</p>
<p>Numeric 1-15 digits</p>
</desc>
</t>
<t>
<field>HOLDER.CONTACT.TEL.EXTENSION</field>
<desc>
<p>Define the bank user extension.</p>
<p>Validation Rule:</p>
<p>Numeric 1-6 digits</p>
</desc>
</t>
<t>
<field>HOLDER.CONTACT.EMAIL</field>
<desc>
<p>Define the Email details.</p>
<p>Validation Rule:</p>
<p>Alpha numeric 1-15 digits</p>
</desc>
</t>
<t>
<field>PRIVACY.STATUS</field>
<desc><p>To flag a customer whether to opt in for the Privacy status or not</p>
<p>Validation Rules:</p><p>It can be either Opt-In or Opt-Out</p>
</desc>
</t>

</menu>
</t24help>