<?xml version="1.0" encoding="utf-8"?>

<t24help>
<header>
<product>USCORE</product>
<table>USCORE.INSIDER.DETAILS</table>
</header>
<overview>
<ovdesc>
<p>This file is used to update the Insider details.
</p></ovdesc>
<ovimage></ovimage>
</overview>
<menu>
<t>
<field></field>
<desc></desc>
</t>
<t>
<field>ACCOUNT.ID</field>
<desc>
<p>Holds the account ID in USCORE.INSIDER.DETAILS</p>
<p>Numeric 19 Characters</p>
</desc>
</t>
<t>
<field>CUSTOMER.ID</field>
<desc>
<p>Holds the customer ID for the account ID in USCORE.INSIDER.DETAILS and also store the primary customer ID while processing the relation arrangement details.</p>
<p>Numeric 15 Characters</p>
</desc>
</t>
<t>
<field>ROLE</field>
<desc>
<p>Holds the role of the customer to this loan. If processing the primary customer if will be store as ‘OWNER’</p>
<p>While processing the related customer, the role of the primary customer will be stored in this field</p>
<p>Alpha Numeric 35 Characters</p>
</desc>
</t>
<t>
<field>SECTOR</field>
<desc>
<p>Holds the sector details of the customer for the account ID in USCORE.INSIDER.DETAILS, </p>
<p>and also the sector code for the related customer.</p>
<p>Numeric 4 characters </p>
</desc>
</t>
<t>
<field>COLLATERAL.TYPE</field>
<desc>
<p>Shows the collateral type name pledged for the loan</p>
<p>Alpha Numeric 35 Characters, Associated multi value field</p>
</desc>
</t>
<t>
<field>COLLATERAL.VALUE</field>
<desc>
<p>Shows the collateral value of the loan.</p>
<p>Amount 19 Characters, Associated multi value field</p>
</desc>
</t>
</menu>
</t24help>