<t24help>
  <header>
    <product>USCORE</product>
    <title>USCORE Parameter</title>
    <table>USCORE.PARAMETER</table>
  </header>
  <overview>
    <ovdesc>
      <p>This local table is used to parameterize Insiders with Sector.</p>
    </ovdesc>
    <ovimage>
    </ovimage>
  </overview>
  <menu>
    <t>
      <field>INSIDER.CODE</field>
      <desc>
        <p>The insider names who has to be considered for the Related Party Transaction report.</p>
		<p>Validation: Mandatory, Multivalued Field.</p>
        <p>Employee, Director, Share Holder and Executive Officer.</p>
	  </desc>
    </t>
	<t>
      <field>SECTOR</field>
      <desc>
        <p>Shows the sector codes which denotes the insiders.</p>
		<p>Validation: Mandatory, Multivalued Field.</p>
        <p>Valid SECTOR codes from SECTOR table.</p>
		<P>Text Field, Maximum Numeric 4 Characters.</P>
      </desc>
    </t>
	<t>
      <field>PRODUCT.LINE</field>
      <desc>
        <p>This field PRODUCT.LINE is a multi value field used to select the product line and defined the interest property of the product line being selected.</p>
		<P>Text Field, Maximum 30 Characters.</P>
      </desc>
    </t>
	<t>
      <field>INT.PROP</field>
      <desc>
        <p>Shows the properties of the interest associated with the PRODUCT.LINE value</p>
		<P>Text Field, Maximum 30 Characters.</P>
      </desc>
    </t>
  </menu>
</t24help>