<?xml version="1.0" encoding="utf-8"?>

<t24help>
<header>
<product>USCORE</product>
<table>USCORE.ARRANGEMENT.DETAILS</table>
</header>
<overview>
<ovdesc>
<p>This file is used to update the Accounts Arrangement details and used to get the calculated APYE value for an particular account.
</p></ovdesc>
<ovimage></ovimage>
</overview>
<menu>
<t>
<field></field>
<desc></desc>
</t>
<t>
<field>PRODUCT.LINE</field>
<desc>
<p>Valid AA.PRODUCT.LINE Id.</p>
</desc>
</t>
<t>
<field>BALANCE.TYPE</field>
<desc>
<p>Whether interest calculated on Daily Balance or on Average Daily Balance. Alpha Numeric with 7 characters</p>
</desc>
</t>
<t>
<field>STATEMENT.FROM</field>
<desc>
<p>Statement Period Start Date.Date type field with length of 11 characters</p>
</desc>
</t>
<t>
<field>STATEMENT.TO</field>
<desc>
<p>Statement Period End Date.Date type field with length of 11 characters</p>
</desc>
</t>
<t>
<field>AVG.BALANCE</field>
<desc>
<p>Avarage Balance for statement period. AMT field with 18 characters</p>
</desc>
</t>
<t>
<field>INTEREST.EARNED</field>
<desc>
<p>Interest earned during this period (either accrued/capitalised). AMT field with 18 characters.</p>
</desc>
</t>
<t>
<field>DAYS.IN.PERIOD</field>
<desc>
<p>Total number of days in this period. Numeric value with 5 characters.</p>
</desc>
</t>
<t>
<field>APYE</field>
<desc>
<p>Update the calculated APYE value. Rate value with 4 characters.</p>
</desc>
</t>
<t>
<field>CURRENT.BALANCE</field>
<desc>
<p>Current Outstanding Balance for the Account.</p>
</desc>
</t>
<t>
<field>INTEREST.YTD</field>
<desc>
<p>This field contains the interest accrued for the account from Year start to date.</p>
</desc>
</t>
<t>
<field>FEES.AMOUNT</field>
<desc>
<p>This field contains the charge amount of lending contract.</p>
</desc>
</t>
<t>
<field>UNAMORT.AMOUNT</field>
<desc>
<p>This field contains the unamortized fees amount of lending contract.</p>
</desc>
</t>
<t>
<field>FEES.AMOUNT</field>
<desc>
<p>This field contains the charge amount of lending contract.</p>
</desc>
</t>
<t>
<field>INT.PAID.YTD</field>
<desc>
<p>This field contains interest paid on a loan and not the accrued interest till the date .</p>
</desc>
</t>
<t>
<field>INT.PAID.LYEAR</field>
<desc>
<p>This field contains interest paid on a loan for last year.</p>
</desc>
</t>
<t>
<field>LATE.FEES</field>
<desc>
<p>This field contains late charges paid for a loan till the date.</p>
</desc>
</t>
<t>
<field>OD.STATUS</field>
<desc>
<p>This field contains overdue status of a loan contract.</p>
</desc>
</t>
<t>
<field>OD.STATUS.COUNT</field>
<desc>
<p>This field holds the number of times a loan contract moved to particular overdue status.</p>
</desc>
</t>
<t>
<field>OVERDRAFT.BALANCE</field>
<desc>
<p>Shows the balance amount of loan or account overdraft balance amount.</p>
<p>No input Field.</p>
<p>Numeric 20 Characters.</p>
<p>Standard Amount Format with 2 decimals.</p>
</desc>
</t>
<t>
<field>UNUSED.BALANCE</field>
<desc>
<p>Shows the un advanced amount for loans.</p>
<p>Amount 19 Characters.</p>
<p>Standard Amount Format with 2 decimals.</p>
</desc>
</t>
<t>
<field>LOAN.TO.VALUE</field>
<desc>
<p>shows the loan to value for third party system</p>
<p>Amount 19 Characters.</p>
<p>Standard Amount Format with 2 decimals.</p>
</desc>
</t>
<t>
<field>ACCR.UNPAID.INT</field>
<desc>
<p>Shows the Accrued unpaid interest amount for accounts and deposits.</p>
<p>Amount 19 Characters.</p>
<p>Standard Amount Format with 2 decimals.</p>
</desc>
</t>
<t>
<field>INTTAX.WITHHELD.C.YR</field>
<desc>
<p>Shows the current year tax amount paid for accounts and deposits</p>
<p>Amount 19 Characters.</p>
<p>Standard Amount Format with 2 decimals.</p>
</desc>
</t>
<t>
<field>INTTAX.WITHHELD.L.YR</field>
<desc>
<p>Shows the Last year paid interest tax amount for accounts and deposits.</p>
<p>Amount 19 Characters.</p>
<p>Standard Amount Format with 2 decimals.</p>
</desc>
</t>
<t>
<field>LAST.INT.PAYMENT.DATE</field>
<desc>
<p>Shows the Last interest paid date for deposits and accounts.</p>
<p>Amount 19 Characters.</p>
<p>Standard Amount Format with 2 decimals.</p>
</desc>
</t>
<t>
<field>NEXT.INT.PAYMENT.DATE</field>
<desc>
<p>Shows the next interest payment date for deposits and accounts.</p>
<p>Amount 19 Characters.</p>
<p>Standard Amount Format with 2 decimals.</p>
</desc>
</t>
</menu>
</t24help>