<t24help>
  <header>
    <product>USCORE</product>
    <title>USCORE Risk Definition</title>
    <table>USCORE.RISK.DEFINITION</table>
  </header>
  <overview>
    <ovdesc>
      <p>This local table is used to parameterize risk type ratings.</p>
    </ovdesc>
    <ovimage>
    </ovimage>
  </overview>
  <menu>
<t>
      <field>@ID</field>
      <desc>
        <p>Should be a valid US Regulations.ID format should be RISK.TYPE*COMPANY or RISK.TYPE*REGION or RISK.TYPE</p>
      </desc>
    </t>
    <t>
      <field>RISK.TYPE</field>
      <desc>
        <p>The Risk type contains the classification considered for risk rating report.</p>
		<p>Examples: Pass, Special mention,Doubtful,Loss.</p>
		<p>Validation: Multivalued Field.</p>
        </desc>
    </t>
	<t>
      <field>START.RATING</field>
      <desc>
        <p>Start rating denotes the starting range of  rating for Risk types.</p>
		<p>Validation: Decimal value</p>
      </desc>
    </t>
	<t>
      <field>END.RATING</field>
      <desc>
        <p>End rating denotes the end range of rating for risk types.</p>
		<p>Validation: Decimal value</p>
      </desc>
    </t>
	</menu>
</t24help>