<t24help>
<header>
<product>USCORE</product>
<table>USCORE.COMPANY</table>
</header>
<overview>
<ovdesc>
<p>This table is used to parameterize additional details of the company, @ID should be a valid Company code </p>
</ovdesc>
</overview>
<menu>
<t>
<field>@ID </field>
<desc><p>Valid Company Code</p></desc>
</t>
<t>
<field>TAX.ID</field>
<desc>
<p>This field is used to specify the Tax ID of the branch or lead company.</p>
<p>Validation Rule:</p>
<p>Alpha-numeric 1-10 digits</p>
</desc>
</t>
<t>
<field>INCORP.CITY</field>
<desc>
<p>This field is used to specify the company's city of incorporation.</p>
<p>Validation Rule:</p>
<p>Alpha-numeric 1-30 digits </p>
</desc>
</t>
<t>
<field>INCORP.COUNTY</field>
<desc>
<p>This field is used to specify the company's county of incorporation.</p>
<p>Validation Rule:</p>
<p>Alpha-numeric 1-20 digits </p>
</desc>
</t>
<t>
<field>INCORP.STATE</field>
<desc>
<p>This field is used to specify the company's state of incorporation.</p>
<p>Validation Rule:</p>
<p>Alpha-numeric 1-2 digits </p>
</desc>
</t>
<t>
<field>ZIP</field>
<desc>
<p>This field is used to specify the ZIP code of the company's address.</p>
<p>Validation Rule:</p>
<p>Alpha-numeric 1-10 digits </p>
</desc>
</t>
<t>
<field>ZIP4</field>
<desc>
<p>This field is used to specify the ZIP code of the company's address.</p>
<p>Validation Rule:</p>
<p>Alpha-numeric 1-10 digits </p>
</desc>
</t>
<t>
<field>INCORP.DATE</field>
<desc>
<p>This field is used to specify the company's date of incorporation.</p>
<p>Validation Rule:</p>
<p>11 digits valid date</p>
</desc>
</t>
<t>
<field>NAICS.CODE</field>
<desc>
<p>This field is used to parameterize the NAICS code.</p>
<p>Validation Rule:</p>
<p>Numeric 1-6 digits</p>
</desc>
</t>
<t>
<field>FAX</field>
<desc>
<p>This field is used to define the FAX number of the company.</p>
<p>Validation Rule:</p>
<p>Numeric 1-10 digits, Consist of 3 digit area code and 7 digit FAX number.</p>
</desc>
</t>
</menu>
</t24help>