<t24help>
  <header>
    <product>USCORE</product>
    <title>Balance Maintances</title>
    <table>USCORE.AVG.LINE.BAL</table>
  </header>
  <overview>
    <ovdesc>
      <p>This table will have the details about Monthly,Quarterly,Annual and Rolling average Balances.</p>
    </ovdesc>
    <ovimage>
    </ovimage>
  </overview>
  <menu>
    <t>
      <field>ID</field>
      <desc>
        <p>The Table will be updated through the COB process on daily basis. And the ID will be on LINE.NO-YEAR-COMPANY.</p>
	<P></P>
      </desc>
    </t>
    <t>
      <field>MTD.BAL</field>
      <desc>
	<p>This field denotes the summation of closing balance of month to date for a particular line will and this will be restored to Zero every month.</p>
      </desc>
    </t>
    <t>
      <field>QTD.BAL</field>
      <desc>
	<p>This field denotes the summation of closing balance of Quarter to date for a particular line and this will be restored to Zero every quater</p>
      </desc>
    </t>
    <t>
      <field>YTD.BAL</field>
      <desc>
	<p>This field denotes the summation of closing balance of year to date for the particular line and this will be restored to Zero every Year.</p>
      </desc>
    </t>

    <t>
      <field>ROLLING.AVG.BAL</field>
      <desc>
	<p>As per the rolling period defined in the RLGAAP.PARAMETER, the rolling average balance for the GL line will be updated here.</p>
      </desc>
    </t> 
<t>
      <field>MONTH01-12</field>
      <desc>
	<p>The monthly average balance will be stored for respective month</p>
      </desc>
    </t>

<t>
      <field>QUATER01-04</field>
      <desc>
	<p>The Quaterly average balance will be stored for each quater.</p>
      </desc>
    </t>

<t>
      <field>YTD.AVG.BAL</field>
      <desc>
	<p>The yearly average balance will be stored for present year.</p>
      </desc>
    </t>
      
  </menu>
</t24help>