<?xml version="1.0" encoding="UTF-8"?>
<t24help>
  <header>
    <product>USCORE</product>
    <title>USCORE Account Generator Parameter</title>
    <table>USCORE.ACCOUNT.GEN.PARAMETER</table>
  </header>
  <overview>
    <ovdesc>
      <p>This table is used to parametrize account number generation based on PRODUCT.LINE. Routine is attached to COMPANY table ACCT.CHECKDIG.TYPE field to generate account number based on parameter setup. If parameter table is not setup then account will be generated with sequence gap 1.</p>
    </ovdesc>
    <ovimage>
    </ovimage>
  </overview>
  <menu>
	<t>
      <field>PRODUCT.LINE</field>
      <desc>
        <p>This field is an associated multi value set field used to select the product line.</p>
		<p>Validation: Mandatory, Associated multivalued Field.</p>
		<P>Text Field, Maximum 10 Characters.</P>
      </desc>
    </t>
	<t>
      <field>GAP</field>
      <desc>
        <p>This field is an associated multi value set field used to set account number generator gap. It specifies the number of digits to be left in between each accounts.</p>
		<p>Validation: Mandatory, Associated multivalued Field.</p>
		<P>Numeric 1-2 digits.</P>
      </desc>
    </t>
	<t>
      <field>PREFIX</field>
      <desc>
        <p>This field is an associated multi value set field used to set account number prefix. Each product line can have an individual prefix. It will assist in identify the type of account with the associated prefix.</p>
		<p>Validation: Mandatory, Associated multivalued Field.</p>
		<P>Numeric 1 digits.</P>
      </desc>
    </t>
	<t>
      <field>DEFAULT.PREFIX</field>
      <desc>
        <p>This field is used to set default account number prefix. If PRODCUT.LINE not setup, it will use DEFAULT.PREFIX and account generator gap will be 1.</p>
		<P>Numeric 1 digits and mandatory field.</P>
      </desc>
    </t>
  </menu>
</t24help>