?xml version="1.0" encoding="utf-8"?>
<t24help xmlns:xsi="http://www.w3.org/2001/XMLSchema-instance">
    <header>
        <product>USCORE</product>
        <title>USCORE Email Alert - Mapping</title>
        <table>USCORE.EMAIL.ALERT</table>
    </header>
    <overview>
        <ovdesc>
            <p>Mapping Table defines where data for Parameterise TEC.ITEMS for T24 APPLICATIONS.This TEC.ITEM will be received in routines and genrates Emails.</p>

        </ovdesc>
    </overview>
    <menu>
<t>
            <field>	DESCRIPTION </field>
            <desc>
                           
			   <p>Description is a text field to fill meaningful name</p> 
			   	     
			   
			   <p>Validation Rules</p>
			   <p>35 type A (alphanumeric) characters. (Mandatory input)</p>
	   </desc>
		   
        </t>
        <t>
            <field>	ALERT.FUNCTION </field>
            <desc>
                           
			   <p>Alert Function has Dropdown Values as 'I' and 'A'</p> 
			   <p>I for Input</p>
			   <p>A for Authorisation</p>
		   
			   <p>Validation Rules</p>
			   <p>1 type A (alphanumeric) characters. (Mandatory input)</p>
	   </desc>
		   
        </t>
		<t>
            <field>	TEC.ITEM </field>
            <desc>
                           
			   <p>TEC.ITEM has defined based on the above Alert Fucntion</p> 
			   <p>The TEC.ITEM must be a valid entry on F.TEC.ITEMS</p>
                           <p>Validation Rules</p>
			   <p>35 type A (alphanumeric) characters. (Mandatory input)</p>
			   
            </desc>
        </t>
    </menu>
</t24help>
