
<t24help>
  <header>
    <product>RLGAAP</product>
    <title>Reporting Line Parameter</title>
    <table>USCORE.GL.LINE</table>
  </header>
  <overview>
    <ovdesc>
      <p>This Table will hold the LINE Numbers for each and every line item which is needed for reporting purpose. </p>
    </ovdesc>
    <ovimage>
    </ovimage>
  </overview>
  <menu>
    <t>
      <field>@ID</field>
      <desc>
        <p>The id will be the name of the report which need to generated during the COB</p>
	<p></p>
	  </desc>
    </t>
    <t>
      <field>DESC</field>
      <desc>
	<p>This field indicates the Header and other description Section for the report .</p>
      </desc>
    </t>
    <t>
      <field>LINE.NO</field>
      <desc>
        <p> Denotes the GL line and Should be a Valid id in the RE.STAT.REP.LINE.</p>
        <p></p>
      </desc>
    </t>
	<t>
      <field>IFRS.NO</field>
      <desc>
        <p>Denotes the IFRS GL Line and Should be a Valid id in the RE.STAT.REP.LINE.</p>
      </desc>
	</t>
	<t>
      <field>LINE.HEAD</field>
      <desc>
        <p>Denotes the GL Report Head and Should be a Valid id in the RE.STAT.REPORT.HEAD.</p>
      </desc>
	</t>
  </menu>
</t24help>