<?xml version="1.0" encoding="utf-8"?>
<t24help>
<header>
<product>OF</product>
<table>OFS.DECRYPT.KEY</table>
</header>
<overview>
<ovdesc>

        <p> OF OFS.DECRYPT.KEY OFS.DECRYPT.KEY 
</p>
        <p>CIPHER.METHOD</p>
        <p>
CIPHER.METHOD should have a list of methods supported by JBase decrypt command picked up from EB.LOOKUP list. User needs to specify the cipher method with "." instead of "_". T24 will convert back to "_". e.g. "JBASE_CRYPT_RC2" should be specified as "JBASE.CRYPT.RC2" 

</p>
        <b>Validation Rules</b>
        <p>: 1. Has specified options - JBASE.CRYPT.GENERAL, JBASE.CRYPT.ROT13, JBASE.CRYPT.XOR11, JBASE.CRYPT.RC2, JBASE.CRYPT.BASE64, JBASE.CRYPT.DES, JBASE.CRYPT.3DES, JBASE.CRYPT.BLOWFISH, JBASE.CRYPT.BASE64.MASK, JBASE.CRYPT.RC2.BASE64, JBASE.CRYPT.DES.BASE64, JBASE.CRYPT.3DES.BASE64, JBASE.CRYPT.BLOWFISH.BASE64 2. Has a default value of "JBASE.CRYPT.GENERAL" 3. Need not specify a MESSAGE.DECRYPT.KEY if the CIPHER.METHOD is "JBASE.CRYPT.ROT13"
</p>
        <p>DECR.KEY.ID</p>
        <p>
DECR.KEY.ID ID of the OFS.DECRYPT.KEY 

</p>
        <b>Validation Rules</b>
        <p>: 1. Alphanumeric characters 2. Length: Maximum of 35 characters
</p>
        <p>DESCRIPTION</p>
        <p>
Description of the DECRYPT.KEY 

</p>
        <b>Validation Rules</b>
        <p>: 1. a Mandatory Field 2. Length : 3-35 characters
</p>
        <p>MSG.DECRYPT.KEY</p>
        <p>
MESSAGE.DECRYPT.KEY holds the Decryption Key (which is same as that used for Encryption). 

</p>
        <b>Validation Rules</b>
        <p>: 1. An optional Field 2. Length: Maximum of 50
</p>
        <p>OVERRIDE</p>
        <p>
        </p>
    </ovdesc>
<ovimage></ovimage>
</overview>
<menu>
<t>
<field>OVERRIDE</field>
<desc>
    </desc>
</t>
<t>
<field>CIPHER.METHOD</field>
<desc>
        <p>CIPHER.METHOD should have a list of methods supported by JBase decrypt command picked up from EB.LOOKUP list. User needs to specify the cipher method with "." instead of "_". T24 will convert back to "_". e.g. "JBASE_CRYPT_RC2" should be specified as "JBASE.CRYPT.RC2" </p>
        <p>Validation Rules</p>
        <p>: 1. Has specified options - JBASE.CRYPT.GENERAL, JBASE.CRYPT.ROT13, JBASE.CRYPT.XOR11, JBASE.CRYPT.RC2, JBASE.CRYPT.BASE64, JBASE.CRYPT.DES, JBASE.CRYPT.3DES, JBASE.CRYPT.BLOWFISH, JBASE.CRYPT.BASE64.MASK, JBASE.CRYPT.RC2.BASE64, JBASE.CRYPT.DES.BASE64, JBASE.CRYPT.3DES.BASE64, JBASE.CRYPT.BLOWFISH.BASE64 2. Has a default value of "JBASE.CRYPT.GENERAL" 3. Need not specify a MESSAGE.DECRYPT.KEY if the CIPHER.METHOD is "JBASE.CRYPT.ROT13"</p>
    </desc>
</t>
<t>
<field>DECR.KEY.ID</field>
<desc>
        <p>DECR.KEY.ID ID of the OFS.DECRYPT.KEY </p>
        <p>Validation Rules</p>
        <p>: 1. Alphanumeric characters 2. Length: Maximum of 35 characters</p>
    </desc>
</t>
<t>
<field>DESCRIPTION</field>
<desc>
        <p>Description of the DECRYPT.KEY </p>
        <p>Validation Rules</p>
        <p>: 1. a Mandatory Field 2. Length : 3-35 characters</p>
    </desc>
</t>
<t>
<field>MSG.DECRYPT.KEY</field>
<desc>
        <p>MESSAGE.DECRYPT.KEY holds the Decryption Key (which is same as that used for Encryption). </p>
        <p>Validation Rules</p>
        <p>: 1. An optional Field 2. Length: Maximum of 50</p>
    </desc>
</t>
</menu>
</t24help>

