<?xml version="1.0" encoding="utf-8"?>
<t24help>
<header>
<product>RC</product>
<table>RC.CAPTURE</table>
</header>
<overview>
<ovdesc>

        <p data-mc-conditions="FROMRELEASE.R13">Overview</p>
        <p data-mc-conditions="FROMRELEASE.R13">The table is used to define accounting entries which need to be captured and stored for recycling.</p>
        <p data-mc-conditions="FROMRELEASE.R13">Typical entries to capture will be debit entries against a customer account where funds are not available and the account would move into debit. It is possible that only certain types of customer account or certain transaction types need to be captured. For example all transactions against a savings account that is legally not allowed to go into debit, including COB based periodic charges; some types of account may go into debit for periodic charges but not for loan repayments or payments into savings deposits.</p>
        <p data-mc-conditions="FROMRELEASE.R13">The entry will first check against the product category and if it passes then the checks against system id will be made.</p>
        <p data-mc-conditions="FROMRELEASE.R13">The set up allows different core API routines to handle different message types.</p>
    </ovdesc>
<ovimage></ovimage>
</overview>
<menu>
<t>
<field>@ID</field>
<desc>
        <p>Valid EB.PRODUCT.ID '-' lead Company code</p>
        <p>The lead company code is optional </p>
        <p>It is used if there are different options at lead company level</p>
</desc>
</t>
<t>
<field>DESCRIPTION</field>
<desc>
        <p>Description for RC.CAPTURE</p>
        <p>optional </p>
</desc>
</t>
<t>
<field>DEF.BLOCK.FUNDS</field>
<desc>
        <p>This field is maintained at the product level to decide if AC.LOCKED.EVENTS record has to be created, when cycler captures a debit transaction for retry at a later date </p>
        <p>YES/NO field</p>
        <p>When 'YES', AC.LOCKED.EVENTS would be created during capture process for the locked amount as failed amount, from.date=transaction.date and to.date as retry end.date of RC.DETAIL </p>
        <p>When this field is set to 'NO' AC.LOCKED.EVENTS would not be created during capture process</p>
        <p>Optional</p>     
</desc>
</t>
<t>
<field>LOCAL.REF</field>
<desc>
        <p data-mc-conditions="FROMRELEASE.R13"> Local reference field(s) defined by the user. Identifies any additional element which has been defined locally to meet a particular requirement. </p>
        <p data-mc-conditions="FROMRELEASE.R13">Validation Rules</p>
        <p data-mc-conditions="FROMRELEASE.R13">Up to 35 Any characters as defined in the local table definition for this local reference field.</p>
        <p data-mc-conditions="FROMRELEASE.R13"> (Optional input. Multi-valued field). Optional or mandatory input according to the LOCAL.TABLE definition for this field.</p>
    </desc>
</t>
<t>
<field>PROD.CAT.END</field>
<desc>
        <p data-mc-conditions="FROMRELEASE.R13">This field is used to define particular product types to be captured by the recycler. For example Savings accounts can be captured but current accounts can be ignored. Forms part of a multi value set with PROD.CAT.START enabling a range of category codes to be specified.</p>
        <p data-mc-conditions="FROMRELEASE.R13">Validation rules </p>
        <p data-mc-conditions="FROMRELEASE.R13">Valid Category code</p>
    </desc>
</t>
<t>
<field>PROD.CAT.START</field>
<desc>
        <p data-mc-conditions="FROMRELEASE.R13">This field is used to define particular product types to be captured by the recycler. For example Savings accounts can be captured but current accounts can be ignored. Forms part of a multi value set with PROD.CAT.END enabling a range of category codes to be specified.</p>
        <p data-mc-conditions="FROMRELEASE.R13">Validation rules </p>
        <p data-mc-conditions="FROMRELEASE.R13">Valid Category code</p>
    </desc>
</t>
<t>
<field>RC.TYPE</field>
<desc>
        <p data-mc-conditions="FROMRELEASE.R13">This field is used to specify which RC.TYPE record will be used. </p>
        <p data-mc-conditions="FROMRELEASE.R13">Validation rules </p>
        <p data-mc-conditions="FROMRELEASE.R13">Mandatory field </p>
        <p data-mc-conditions="FROMRELEASE.R13">Must be the id to a valid record on RC.TYPE application </p>
    </desc>
</t>
<t>
<field>OVERRIDE</field>
<desc>
        <p>This is a multi valued field. </p>
        <p>Contains details of any override applicable to this record.</p>
        <p>
           <p>Validation Rules:</p>
        </p>
        <p> A maximum of 35 characters may be entered. This is a NOINPUT field.</p>
    </desc>
</t>
<t>
<field>RESERVED.02</field>
<desc>
        <p data-mc-conditions="FROMRELEASE.R13">This field is reserved for future use </p>
        <p data-mc-conditions="FROMRELEASE.R13">Validation rules </p>
        <p data-mc-conditions="FROMRELEASE.R13">No input field </p>
        <p data-mc-conditions="FROMRELEASE.R13">Reserved for future use </p>
    </desc>
</t>
<t>
<field>RESERVED.03</field>
<desc>
        <p data-mc-conditions="FROMRELEASE.R13">This field is reserved for future use </p>
        <p data-mc-conditions="FROMRELEASE.R13">Validation rules </p>
        <p data-mc-conditions="FROMRELEASE.R13">No input field </p>
        <p data-mc-conditions="FROMRELEASE.R13">Reserved for future use </p>
    </desc>
</t>
<t>
<field>RESERVED.04</field>
<desc>
        <p data-mc-conditions="FROMRELEASE.R13">This field is reserved for future use </p>
        <p data-mc-conditions="FROMRELEASE.R13">Validation rules </p>
        <p data-mc-conditions="FROMRELEASE.R13">No input field </p>
        <p data-mc-conditions="FROMRELEASE.R13">Reserved for future use </p>
    </desc>
</t>
<t>
<field>RESERVED.05</field>
<desc>
        <p data-mc-conditions="FROMRELEASE.R13">This field is reserved for future use </p>
        <p data-mc-conditions="FROMRELEASE.R13">Validation rules </p>
        <p data-mc-conditions="FROMRELEASE.R13">No input field </p>
        <p data-mc-conditions="FROMRELEASE.R13">Reserved for future use </p>
    </desc>
</t>
<t>
<field>RESERVED.06</field>
<desc>
        <p data-mc-conditions="FROMRELEASE.R13">This field is reserved for future use </p>
        <p data-mc-conditions="FROMRELEASE.R13">Validation rules </p>
        <p data-mc-conditions="FROMRELEASE.R13">No input field </p>
        <p data-mc-conditions="FROMRELEASE.R13">Reserved for future use </p>
    </desc>
</t>
<t>
<field>RESERVED.07</field>
<desc>
        <p data-mc-conditions="FROMRELEASE.R13">This field is reserved for future use </p>
        <p data-mc-conditions="FROMRELEASE.R13">Validation rules </p>
        <p data-mc-conditions="FROMRELEASE.R13">No input field </p>
        <p data-mc-conditions="FROMRELEASE.R13">Reserved for future use </p>
    </desc>
</t>
<t>
<field>RESERVED.08</field>
<desc>
        <p data-mc-conditions="FROMRELEASE.R13">This field is reserved for future use </p>
        <p data-mc-conditions="FROMRELEASE.R13">Validation rules </p>
        <p data-mc-conditions="FROMRELEASE.R13">No input field </p>
        <p data-mc-conditions="FROMRELEASE.R13">Reserved for future use </p>
    </desc>
</t>
<t>
<field>RESERVED.09</field>
<desc>
        <p data-mc-conditions="FROMRELEASE.R13">This field is reserved for future use </p>
        <p data-mc-conditions="FROMRELEASE.R13">Validation rules </p>
        <p data-mc-conditions="FROMRELEASE.R13">No input field </p>
        <p data-mc-conditions="FROMRELEASE.R13">Reserved for future use </p>
    </desc>
</t>
<t>
<field>SUSPENSE.CATEGORY</field>
<desc>
        <p data-mc-conditions="FROMRELEASE.R13">This field is used to define the Suspense category for this type of transaction. </p>
        <p data-mc-conditions="FROMRELEASE.R13">Validation rules </p>
        <p data-mc-conditions="FROMRELEASE.R13">Mandatory field </p>
        <p data-mc-conditions="FROMRELEASE.R13">Must be a valid record from the CATEGORY table </p>
    </desc>
</t>
<t>
<field>SYSTEM.ID</field>
<desc>
        <p data-mc-conditions="FROMRELEASE.R13">This field is used to identify the underlying applications whose entry will be recylced. fOR EXAMPLE </p>
        <p>
            <p value="1" data-mc-conditions="FROMRELEASE.R13">IC1 for IC general charges </p>
            <p value="2" data-mc-conditions="FROMRELEASE.R13">ICGC for IC generic charges </p>
            <p value="3" data-mc-conditions="FROMRELEASE.R13">IC to capture all IC debit entries </p>
        </p>
        <p data-mc-conditions="FROMRELEASE.R13">Validation rules </p>
        <p data-mc-conditions="FROMRELEASE.R13">Must be a valid application in EB.SYSTEM.ID</p>
 </desc>
</t>
<t>
<field>TXN.CODE</field>
<desc>
        <p data-mc-conditions="FROMRELEASE.R13">This field is used to define the transaction code that will be checked against the transaction code in the accounting entry by the capture routine.</p>
        <p data-mc-conditions="FROMRELEASE.R13">If no value is entered here then all entries for the system id will be captured</p>
        <p data-mc-conditions="FROMRELEASE.R13">Validation rules </p>
        <p data-mc-conditions="FROMRELEASE.R13">Optional input </p>
        <p data-mc-conditions="FROMRELEASE.R13">Must be a valid entry in the TRANSACTION table.</p>
    </desc>
</t>
<t>
<field>DEF.RC.CONDITION</field>
<desc>
        <p>Valid record id from RC.CONDITION table to define retry related information</p>
		<p>If SYSTEM.ID specific RC.CONDITION is not defined, then this default id will be used</p>
    </desc>
</t>
<t>
<field>DEF.RC.TYPE</field>
<desc>
        <p>Valid RC.TYPE id to define APIs</p>
		<p>If SYSTEM.ID specific RC.TYPE is not defined, then this default id will be used.</p>
    </desc>
</t>
<t>
<field>RC.CONDITION</field>
<desc>
	<p>Valid record id from RC.CONDITION table to define retry related information</p>
</desc>
</t>
<t>
<field>BLOCK.FUNDS</field>
<desc>
        <p>This field decides if a failed transaction, which is captured by RC has to create a AC.LOCKED.EVENTS record if the transaction's EB.SYSTEM.ID matches with what is defined in RC.CAPTURE</p>
         <p>YES/NO field</p>
         <p>When 'yes' AC.LOCKED.EVENTS record would be created when a captured transaction's EB.SYSTEM.ID matches</p>
         <p>When 'no' AC.LOCKED.EVENTS record would not be created </p>
         <p>Optional</p>          
 </desc>
</t>
</menu>
</t24help>

