<?xml version="1.0" encoding="utf-8"?>
<t24help>
<header>
<product>RC</product>
<table>RC.CONDITION</table>
</header>
<overview>
<ovdesc>

        <p data-mc-conditions="FROMRELEASE.R13">Overview</p>
        <p data-mc-conditions="FROMRELEASE.R13">This table contains details of the recycling rules, with each record containing details of a particular set of retry conditions. </p>
        <p data-mc-conditions="FROMRELEASE.R13">For example</p>
        <p>
            <p data-mc-conditions="FROMRELEASE.R13">Periodic account charges to be retried daily for a period of 30 days, and with partial settlement to take place if the full amount is not available at the end of the period.   </p>
        </p>
    </ovdesc>
<ovimage></ovimage>
</overview>
<menu>
<t>
<field>@ID</field>
<desc>
        <p data-mc-conditions="FROMRELEASE.R13">This ID field is free format enabling the user to define descriptive ids for the records.</p>
        <p data-mc-conditions="FROMRELEASE.R13">Validation rules </p>
        <p data-mc-conditions="FROMRELEASE.R13">2-35 Any characters </p>
    </desc>
</t>
<t>
<field>PARTIAL.RECOVERY</field>
<desc>
        <p data-mc-conditions="FROMRELEASE.R13">This field is used to determine whether full or partial recovery of the outstanding amount will be recovered at the end of the retry period</p>
        <p data-mc-conditions="FROMRELEASE.R13">Null only full recovery allowed.</p>
        <p data-mc-conditions="FROMRELEASE.R13">This is not relevant to AA which has its own conditions which will override any value set in this field.</p>
        <p data-mc-conditions="FROMRELEASE.R13">Validation rules</p>
        <p data-mc-conditions="FROMRELEASE.R13">Null only full recovery allowed.</p>
        <p data-mc-conditions="FROMRELEASE.R13">END partial recovery is allowed at the end of the retry period.</p>
    </desc>
</t>
<t>
<field>OVERRIDE</field>
<desc>
        <p>This is a multi valued field. </p>
        <p>Contains details of any override applicable to this record.</p>
        <p>
           <p>Validation Rules:</p>
        </p>
        <p> A maximum of 35 characters may be entered. This is a NOINPUT field.</p>
    </desc>
</t>
<t>
<field>LOCAL.REF</field>
<desc>
        <p>This is a multi valued field. Standard T24 alphanumeric field. </p>
        <p>
           <p>Validation Rules:</p>
        </p>
        <p> A maximum of 35 characters may be entered.</p>
    </desc>
</t>
<t>
<field>RESERVED.03</field>
<desc>
        <p data-mc-conditions="FROMRELEASE.R13">This field is reserved for future use </p>
        <p data-mc-conditions="FROMRELEASE.R13">Validation rules </p>
        <p data-mc-conditions="FROMRELEASE.R13">No input field </p>
        <p data-mc-conditions="FROMRELEASE.R13">Reserved for future use </p>
    </desc>
</t>
<t>
<field>RESERVED.04</field>
<desc>
        <p data-mc-conditions="FROMRELEASE.R13">This field is reserved for future use </p>
        <p data-mc-conditions="FROMRELEASE.R13">Validation rules </p>
        <p data-mc-conditions="FROMRELEASE.R13">No input field </p>
        <p data-mc-conditions="FROMRELEASE.R13">Reserved for future use </p>
    </desc>
</t>
<t>
<field>RESERVED.05</field>
<desc>
        <p data-mc-conditions="FROMRELEASE.R13">This field is reserved for future use </p>
        <p data-mc-conditions="FROMRELEASE.R13">Validation rules </p>
        <p data-mc-conditions="FROMRELEASE.R13">No input field </p>
        <p data-mc-conditions="FROMRELEASE.R13">Reserved for future use </p>
    </desc>
</t>
<t>
<field>RESERVED.06</field>
<desc>
        <p data-mc-conditions="FROMRELEASE.R13">This field is reserved for future use </p>
        <p data-mc-conditions="FROMRELEASE.R13">Validation rules </p>
        <p data-mc-conditions="FROMRELEASE.R13">No input field </p>
        <p data-mc-conditions="FROMRELEASE.R13">Reserved for future use </p>
    </desc>
</t>
<t>
<field>RESERVED.07</field>
<desc>
        <p data-mc-conditions="FROMRELEASE.R13">This field is reserved for future use </p>
        <p data-mc-conditions="FROMRELEASE.R13">Validation rules </p>
        <p data-mc-conditions="FROMRELEASE.R13">No input field </p>
        <p data-mc-conditions="FROMRELEASE.R13">Reserved for future use </p>
    </desc>
</t>
<t>
<field>DT.CONVENTION</field>
<desc>
       <p>This field would decide if a RC date (start, end or next retry date) falls on a holiday, what should the system do</p>
       <p>Either move the date to next or previous working date</p>
       <p>Valid values are FORWARD and BACKWARD </p>
       <p>Default is 'forward'</p>
</desc>
</t>
<t>
<field>START.DT.OPTION</field>
<desc>
       <p>This option is to specify a relative date or a specific day of a month as a start date.</p>
       <p>This would be used to offset the START.DATE of the retry process with base date as capture date</p> 
       <p>Value of this field can either be given as "nn" or "+nn"</p>
       <p>where 'nn' is a numeric value between 1 to 31, if "+" does not precedes numeric value </p>
       <p>Or can be set as any numeric value between 1 to 99 when preceded by "+" character </p>       
</desc>
</t>
<t>
<field>RESERVED.10</field>
<desc>
        <p data-mc-conditions="FROMRELEASE.R13">This field is reserved for future use </p>
        <p data-mc-conditions="FROMRELEASE.R13">Validation rules </p>
        <p data-mc-conditions="FROMRELEASE.R13">No input field </p>
        <p data-mc-conditions="FROMRELEASE.R13">Reserved for future use </p>
    </desc>
</t>
<t>
<field>RETENTION.PERIOD</field>
<desc>
        <p data-mc-conditions="FROMRELEASE.R13">Defines the number of days that the RC.DETAIL record will remain after maturity before being deleted or moved to history.</p>
        <p data-mc-conditions="FROMRELEASE.R13">Validation rules </p>
        <p data-mc-conditions="FROMRELEASE.R13">Optional Input</p>
        <p data-mc-conditions="FROMRELEASE.R13">Upto 2N</p>
    </desc>
</t>
<t>
<field>RETRY.ATTEMPTS</field>
<desc>
        <p data-mc-conditions="FROMRELEASE.R13">Defines the number of retry attempts before giving up, it will be the number of days if the frequency is daily</p>
        <p data-mc-conditions="FROMRELEASE.R13">Validation rules </p>
        <p data-mc-conditions="FROMRELEASE.R13">Up to 5n characters </p>
        <p data-mc-conditions="FROMRELEASE.R13">Optional Input</p>
        <p data-mc-conditions="FROMRELEASE.R13">No input if retry period is set</p>
    </desc>
</t>
<t>
<field>RETRY.FQU</field>
<desc>
        <p data-mc-conditions="FROMRELEASE.R13">This standard frequency field is used to determine when to attempt a retry. </p>
        <p data-mc-conditions="FROMRELEASE.R13">This field is sub-divided into two elements:</p>
        <p>
            <p data-mc-conditions="FROMRELEASE.R13"> 1. Date 1-9         type D  (date format) characters. </p>
            <p data-mc-conditions="FROMRELEASE.R13">2.         Frequency</p>
            <p>
                <p value="1" data-mc-conditions="FROMRELEASE.R13">DAILY -Every day</p>
                <p value="2" data-mc-conditions="FROMRELEASE.R13">BSNSS - Every Business day </p>
                <p value="3" data-mc-conditions="FROMRELEASE.R13">WEEKLY - Every week or XX number of weeks </p>
                <p value="4" data-mc-conditions="FROMRELEASE.R13">MONTHLY -<p><p value="1" data-mc-conditions="FROMRELEASE.R13"> Twice Monthly or </p><p value="2" data-mc-conditions="FROMRELEASE.R13">Monthly every XX months on a specific date</p></p></p>
                <p value="5" data-mc-conditions="FROMRELEASE.R13">DEFINED - (Must exist EB.FREQUENCY) For example;<p><p value="1" data-mc-conditions="FROMRELEASE.R13">LHFYR -Last day in this Mid Year </p><p value="2" data-mc-conditions="FROMRELEASE.R13">LQUAT - Last day in this quarter </p><p value="3" data-mc-conditions="FROMRELEASE.R13">LYEAR-Last day of this year </p><p value="4" data-mc-conditions="FROMRELEASE.R13">LMNTH - Last day of this month </p><p value="5" data-mc-conditions="FROMRELEASE.R13">LWEEK - Last day of this week </p></p></p>
            </p>
        </p>
        <p data-mc-conditions="FROMRELEASE.R13">Validation rules </p>
        <p data-mc-conditions="FROMRELEASE.R13">Standard T24 frequency</p>
    </desc>
</t>
<t>
<field>RETRY.PERIOD</field>
<desc>
        <p data-mc-conditions="FROMRELEASE.R13">Defines a specific period for example to terminate the retry processing based on the date the transaction was added to the recycler, For example </p>
        <p>
            <p value="1" data-mc-conditions="FROMRELEASE.R13">M0131 end of this month,</p>
            <p value="2" data-mc-conditions="FROMRELEASE.R13"> M0231 end of next month,</p>
            <p value="3" data-mc-conditions="FROMRELEASE.R13">M0215 on the 15th of the next month.</p>
        </p>
        <p data-mc-conditions="FROMRELEASE.R13">Validation rules </p>
        <p data-mc-conditions="FROMRELEASE.R13">Optional input</p>
        <p data-mc-conditions="FROMRELEASE.R13">No input if retry attempts is set.</p>
    </desc>
</t>
<t>
<field>WRITE.TO.HISTORY</field>
<desc>
        <p data-mc-conditions="FROMRELEASE.R13">This field is to indicate whether RC.DETAIL record will be written to the RC.DETAIL.HIST file.</p>
        <p>
            <p value="1" data-mc-conditions="FROMRELEASE.R13">"YES" indicates that the RC.DETAIL record will be written to RC.DETAIL.HIST after the post maturity period</p>
            <p value="2" data-mc-conditions="FROMRELEASE.R13">"NO" or NULL indicates that the detail record will be deleted at the end of the retention period.</p>
        </p>
        <p data-mc-conditions="FROMRELEASE.R13">Validation rules </p>
        <p data-mc-conditions="FROMRELEASE.R13">Optional Input</p>
        <p data-mc-conditions="FROMRELEASE.R13">YES</p>
        <p data-mc-conditions="FROMRELEASE.R13">NO or Null</p>
    </desc>
</t>
</menu>
</t24help>

