<?xml version="1.0" encoding="utf-8"?>
<t24help>
<header>
<product>RC</product>
<table>RC.CONTRACT.PRIORITY</table>
</header>
<overview>
<ovdesc>

        <p data-mc-conditions="FROMRELEASE.R13">Overview</p>
        <p data-mc-conditions="FROMRELEASE.R13">This application contains the rules regarding which types of transaction take priority where there is more than one outstanding transaction against a settlement account. It ranks at transaction level, defines the priority of repayment for transactions of the same type for example oldest first. There are three linked tables </p>
        <p>
            <p value="1" data-mc-conditions="FROMRELEASE.R13">RC.PRIORITY - Ranks transactions by EB.SYSTEM.ID</p>
            <p value="2" data-mc-conditions="FROMRELEASE.R13">RC.PRODUCT.PRIORITY - Ranks by product within an EB.SYSTEM.ID </p>
            <p value="3" data-mc-conditions="FROMRELEASE.R13">RC.CONTRACT.PRIORITY - Ranks at transaction level</p>
        </p>
    </ovdesc>
<ovimage></ovimage>
</overview>
<menu>
<t>
<field>@ID</field>
<desc>
        <p data-mc-conditions="FROMRELEASE.R13">The description of the rule, For example AGE.AMT</p>
        <p data-mc-conditions="FROMRELEASE.R13">Validation rules </p>
        <p data-mc-conditions="FROMRELEASE.R13">Any 2-35 characters    <![CDATA[ ]]></p>
    </desc>
</t>
<t>
<field>DUE.RULE</field>
<desc>
        <p data-mc-conditions="FROMRELEASE.R13">This is a predefined list of preferences for each of the values defined in DUE.RULE.</p>
        <p data-mc-conditions="FROMRELEASE.R13">Validation rules </p>
        <p data-mc-conditions="FROMRELEASE.R13">Mandatory input </p>
        <p data-mc-conditions="FROMRELEASE.R13">Predefined list of preferences for the for the DUE.RULE</p>
        <p data-mc-conditions="FROMRELEASE.R13">GROUP.BY</p>
        <p>
            <p data-mc-conditions="FROMRELEASE.R13">DATE</p>
        </p>
        <p data-mc-conditions="FROMRELEASE.R13">SORT.BY.DATE</p>
        <p>
            <p data-mc-conditions="FROMRELEASE.R13">OLDEST</p>
            <p data-mc-conditions="FROMRELEASE.R13">NEWEST</p>
        </p>
        <p data-mc-conditions="FROMRELEASE.R13">SORT.BY.AMOUNT</p>
        <p>
            <p data-mc-conditions="FROMRELEASE.R13">LARGEST</p>
            <p data-mc-conditions="FROMRELEASE.R13">SMALLEST</p>
        </p>
        <p data-mc-conditions="FROMRELEASE.R13">SETTLEMENT.CONDITION</p>
        <p>
            <p data-mc-conditions="FROMRELEASE.R13">PREVIOUS.MUST.SETTLE</p>
        </p>
    </desc>
</t>
<t>
<field>DUE.TYPE</field>
<desc>
        <p data-mc-conditions="FROMRELEASE.R13">This field is used to define the a type of priority conditions, which are predefined</p>
        <p data-mc-conditions="FROMRELEASE.R13">Validation rules </p>
        <p data-mc-conditions="FROMRELEASE.R13">Mandatory input one of the following options </p>
        <p>
            <p value="1" data-mc-conditions="FROMRELEASE.R13">GROUP.BY </p>
            <p value="2" data-mc-conditions="FROMRELEASE.R13">SORT.BY.DATE </p>
            <p value="3" data-mc-conditions="FROMRELEASE.R13">SORT.BY AMOUNT </p>
            <p value="4" data-mc-conditions="FROMRELEASE.R13">SETTLEMENT.CONDITION </p>
        </p>
    </desc>
</t>
<t>
<field>LOCAL.REF</field>
<desc>
        <p data-mc-conditions="FROMRELEASE.R13"> Local reference field(s) defined by the user. Identifies any additional element which has been defined locally to meet a particular requirement. </p>
        <p data-mc-conditions="FROMRELEASE.R13">Validation Rules</p>
        <p data-mc-conditions="FROMRELEASE.R13">Up to 35 Any characters as defined in the local table definition for this local reference field.</p>
        <p data-mc-conditions="FROMRELEASE.R13"> (Optional input. Multi-valued field). Optional or mandatory input according to the LOCAL.TABLE definition for this field.</p>
    </desc>
</t>
<t>
<field>OVERRIDE</field>
<desc>
        <p data-mc-conditions="FROMRELEASE.R13">This is a multi valued field. </p>
        <p data-mc-conditions="FROMRELEASE.R13">Contains details of any override applicable to this record.</p>
        <p data-mc-conditions="FROMRELEASE.R13">Validation rules </p>
        <p data-mc-conditions="FROMRELEASE.R13">A maximum of 35 characters may be entered. This is a NOINPUT field. </p>
    </desc>
</t>
<t>
<field>RESERVED.02</field>
<desc>
        <p data-mc-conditions="FROMRELEASE.R13">This field is reserved for future use </p>
        <p data-mc-conditions="FROMRELEASE.R13">Validation rules </p>
        <p data-mc-conditions="FROMRELEASE.R13">No input field </p>
        <p data-mc-conditions="FROMRELEASE.R13">Reserved for future use </p>
    </desc>
</t>
<t>
<field>RESERVED.03</field>
<desc>
        <p data-mc-conditions="FROMRELEASE.R13">This field is reserved for future use </p>
        <p data-mc-conditions="FROMRELEASE.R13">Validation rules </p>
        <p data-mc-conditions="FROMRELEASE.R13">No input field </p>
        <p data-mc-conditions="FROMRELEASE.R13">Reserved for future use </p>
    </desc>
</t>
<t>
<field>RESERVED.04</field>
<desc>
        <p data-mc-conditions="FROMRELEASE.R13">This field is reserved for future use </p>
        <p data-mc-conditions="FROMRELEASE.R13">Validation rules </p>
        <p data-mc-conditions="FROMRELEASE.R13">No input field </p>
        <p data-mc-conditions="FROMRELEASE.R13">Reserved for future use </p>
    </desc>
</t>
<t>
<field>RESERVED.05</field>
<desc>
        <p data-mc-conditions="FROMRELEASE.R13">This field is reserved for future use </p>
        <p data-mc-conditions="FROMRELEASE.R13">Validation rules </p>
        <p data-mc-conditions="FROMRELEASE.R13">No input field </p>
        <p data-mc-conditions="FROMRELEASE.R13">Reserved for future use </p>
    </desc>
</t>
<t>
<field>RESERVED.06</field>
<desc>
        <p data-mc-conditions="FROMRELEASE.R13">This field is reserved for future use </p>
        <p data-mc-conditions="FROMRELEASE.R13">Validation rules </p>
        <p data-mc-conditions="FROMRELEASE.R13">No input field </p>
        <p data-mc-conditions="FROMRELEASE.R13">Reserved for future use </p>
    </desc>
</t>
<t>
<field>RESERVED.07</field>
<desc>
        <p data-mc-conditions="FROMRELEASE.R13">This field is reserved for future use </p>
        <p data-mc-conditions="FROMRELEASE.R13">Validation rules </p>
        <p data-mc-conditions="FROMRELEASE.R13">No input field </p>
        <p data-mc-conditions="FROMRELEASE.R13">Reserved for future use </p>
    </desc>
</t>
<t>
<field>RESERVED.08</field>
<desc>
        <p data-mc-conditions="FROMRELEASE.R13">This field is reserved for future use </p>
        <p data-mc-conditions="FROMRELEASE.R13">Validation rules </p>
        <p data-mc-conditions="FROMRELEASE.R13">No input field </p>
        <p data-mc-conditions="FROMRELEASE.R13">Reserved for future use </p>
    </desc>
</t>
<t>
<field>RESERVED.09</field>
<desc>
        <p data-mc-conditions="FROMRELEASE.R13">This field is reserved for future use </p>
        <p data-mc-conditions="FROMRELEASE.R13">Validation rules </p>
        <p data-mc-conditions="FROMRELEASE.R13">No input field </p>
        <p data-mc-conditions="FROMRELEASE.R13">Reserved for future use </p>
    </desc>
</t>
<t>
<field>RESERVED.10</field>
<desc>
        <p data-mc-conditions="FROMRELEASE.R13">This field is reserved for future use </p>
        <p data-mc-conditions="FROMRELEASE.R13">Validation rules </p>
        <p data-mc-conditions="FROMRELEASE.R13">No input field </p>
        <p data-mc-conditions="FROMRELEASE.R13">Reserved for future use </p>
    </desc>
</t>
</menu>
</t24help>

