<?xml version="1.0" encoding="UTF-8"?>
<t24help>
<header>
<product>RC</product>
<table>RC.CHANGE</table>
</header>
<overview>
<ovdesc>
     <p></p>
     <p>This application is to update one or more RC.DETAIL</p>
     <p>Pending RC.DETAIL transaction can be terminated through this application</p>
     <p>Clears the old existing authorised record, when a new record is created with the same id as that of old authorised record</p>
</ovdesc>
</overview>
<menu>
<t>
<field>@ID</field>
<desc>
        <p>Valid account no</p>
        <p>For which pending transactions (RC.DETAIL ids) exists</p>
</desc>
</t>
<t>
<field>RC.DETAIL.ID</field>
<desc>
        <p>Specifies the RC.DETAIL record to be updated</p>
        <p>Valid RC.DETAIL record</p>
        <p>The RC.DETAIL id should be present in RC.PENDING.TXNS</p>
 </desc>
</t>
<t>
<field>CHANGE.TYPE</field>
<desc>
        <p>Specifies what type of change is to be done on RC.DETAIL</p>
        <p>Allowed change types are</p>
        <p>STATUS</p>
        <p>FREQ</p>
        <p>RETRY.ATTEMPT</p>
        <p>RETRY.PERIOD</p>
        <p>RETRY.OPTIONS</p>
        <p>Currently only STATUS change is allowed</p>
 </desc>
</t>
<t>
<field>CHANGE.VALUE</field>
<desc>
        <p>Specifies the value of each change type</p>
        <p>For Status only 'TERMINATE' is allowed</p>
        <p>When one of the change type is 'STATUS' and has value as 'TERMINATE'</p>
        <p>Then other change types are not allowed</p>       
 </desc>
</t>
<t>
<field>CHANGE.REASON</field>
<desc>
        <p>Specifies the reason to modify the RC.DETAIL record</p>
        <p>Change reason can be a free text</p>
 </desc>
</t>
<t>
<field>OVERRIDE</field>
<desc>
        <p>This is a multi valued field. </p>
        <p>Contains details of any override applicable to this record.</p>
        <p>
           <p>Validation Rules:</p>
        </p>
        <p> A maximum of 35 characters may be entered. This is a NOINPUT field.</p>
    </desc>
</t>
</menu>
</t24help>