<?xml version="1.0" encoding="utf-8"?>
<t24help>
<header>
<product>RC</product>
<table>RC.DETAIL.HIST</table>
</header>
<overview>
<ovdesc>

        <p data-mc-conditions="FROMRELEASE.R13">Overview</p>
        <p data-mc-conditions="FROMRELEASE.R13">This Live table stores the details of each transaction to be recycled.</p>
    </ovdesc>
<ovimage></ovimage>
</overview>
<menu>
<t>
<field> RC.STATUS</field>
<desc>
        <p>Holds the status of the recycled transaction.</p>
        <p>A cycler transaction can have various statuses:</p>
        <p><b>NEW</b>a new transaction is captured for recycling and recycler is yet to be processed</p>
        <p><b>CURRENT</b>cycler is retrying to settle the dues of the transaction.</p>
        <p><b>COMPLETED</b>cycler crossed the final retry date or settled fully.</p>
        <p><b>REJECTED</b>transaction is rejected for reasons like  AA bill is not valid, AA bill has already been settled outside recycler, and so on.</p>
    </desc>
</t>
<t>
<field> RETRY.TRANS.REF</field>
<desc>
        <p>Holds the transaction id raised during settlement.</p>
    </desc>
</t>
<t>
<field>@ID</field>
<desc>
        <p data-mc-conditions="FROMRELEASE.R13">REPLACE WITH THE BUSINESS USE OF THE FIELD </p>
        <p data-mc-conditions="FROMRELEASE.R13">Validation rules </p>
        <p data-mc-conditions="FROMRELEASE.R13">Enter the validation rules for the field here </p>
    </desc>
</t>
<t>
<field>AA.PRODUCT.GROUP</field>
<desc>
        <p data-mc-conditions="FROMRELEASE.R13">This field holds the AA.PRODUCT.GROUP</p>
        <p data-mc-conditions="FROMRELEASE.R13">System generated </p>
        <p data-mc-conditions="FROMRELEASE.R13">Validation rules </p>
        <p data-mc-conditions="FROMRELEASE.R13">No input field     <![CDATA[ ]]></p>
    </desc>
</t>
<t>
<field>AA.PRODUCT</field>
<desc>
        <p data-mc-conditions="FROMRELEASE.R13">This field holds the AA.PRODUCT </p>
        <p data-mc-conditions="FROMRELEASE.R13">System generated field </p>
        <p data-mc-conditions="FROMRELEASE.R13">Validation rules </p>
        <p data-mc-conditions="FROMRELEASE.R13">No input </p>
    </desc>
</t>
<t>
<field>ARRANGEMENT.ID</field>
<desc>
        <p data-mc-conditions="FROMRELEASE.R13">This field is populated with the underlying arrangement id, if it is an AA&#160;contract.</p>
        <p data-mc-conditions="FROMRELEASE.R13">System generated </p>
        <p data-mc-conditions="FROMRELEASE.R13">Validation rules </p>
        <p data-mc-conditions="FROMRELEASE.R13">No input</p>
    </desc>
</t>
<t>
<field>COMBINE.AMOUNT</field>
<desc>
        <p data-mc-conditions="FROMRELEASE.R13">This field will be updated with the total amount of combined transactions</p>
        <p data-mc-conditions="FROMRELEASE.R13">System generated </p>
        <p data-mc-conditions="FROMRELEASE.R13">Validation rules </p>
        <p data-mc-conditions="FROMRELEASE.R13">No input field </p>
    </desc>
</t>
<t>
<field>COMBINE.WITH</field>
<desc>
        <p data-mc-conditions="FROMRELEASE.R13">This field is used to indicate that this transaction is to be processed with another. For example when AA has combined bills and they need to be process together. </p>
        <p data-mc-conditions="FROMRELEASE.R13">System generated field</p>
        <p data-mc-conditions="FROMRELEASE.R13">Validation rules </p>
        <p data-mc-conditions="FROMRELEASE.R13">No input field </p>
    </desc>
</t>
<t>
<field>CONTRACT.CATEGORY</field>
<desc>
        <p data-mc-conditions="FROMRELEASE.R13">This field holds the product category of the underlying contract if there is one.</p>
        <p data-mc-conditions="FROMRELEASE.R13">System generated </p>
        <p data-mc-conditions="FROMRELEASE.R13">Validation rules </p>
        <p data-mc-conditions="FROMRELEASE.R13">No input </p>
    </desc>
</t>
<t>
<field>CONTRACT.ID</field>
<desc>
        <p data-mc-conditions="FROMRELEASE.R13">This field holds the original contract id, for accounts this will be the account number for multi-currency accounts the main account number; for AA this will be the key to AA.BILL.DETAILS, for contract based applications the transaction reference from the entry.</p>
        <p data-mc-conditions="FROMRELEASE.R13">System generated </p>
        <p data-mc-conditions="FROMRELEASE.R13">Validation rules </p>
        <p data-mc-conditions="FROMRELEASE.R13">No input </p>
    </desc>
</t>
<t>
<field>INT.NAME</field>
<desc>
        <p data-mc-conditions="FROMRELEASE.R13">This field will be updated with the interface and local routine data name</p>
        <p data-mc-conditions="FROMRELEASE.R13">System generated field </p>
        <p data-mc-conditions="FROMRELEASE.R13">Validation rules </p>
        <p data-mc-conditions="FROMRELEASE.R13">No input field </p>
    </desc>
</t>
<t>
<field>INT.VALUE</field>
<desc>
        <p data-mc-conditions="FROMRELEASE.R13">This field will be updated with the interface and local routine data value.</p>
        <p data-mc-conditions="FROMRELEASE.R13">System generated field </p>
        <p data-mc-conditions="FROMRELEASE.R13">Validation rules </p>
        <p data-mc-conditions="FROMRELEASE.R13">No input field </p>
    </desc>
</t>
<t>
<field>LAST.RESULT</field>
<desc>
        <p data-mc-conditions="FROMRELEASE.R13">This field holds any override or exception message generated if the last retry was unsuccessful.</p>
        <p data-mc-conditions="FROMRELEASE.R13">System generated field </p>
        <p data-mc-conditions="FROMRELEASE.R13">Validation rules </p>
        <p data-mc-conditions="FROMRELEASE.R13">No input field </p>
    </desc>
</t>
<t>
<field>LAST.RETRY</field>
<desc>
        <p data-mc-conditions="FROMRELEASE.R13">This field holds the date and time of the last retry </p>
        <p data-mc-conditions="FROMRELEASE.R13">System generated </p>
        <p data-mc-conditions="FROMRELEASE.R13">Validation rules </p>
        <p data-mc-conditions="FROMRELEASE.R13">No input field</p>
        <p data-mc-conditions="FROMRELEASE.R13">DD MMM YY HR:MIN</p>
    </desc>
</t>
<t>
<field>ORIG.ENTRY.ID</field>
<desc>
        <p data-mc-conditions="FROMRELEASE.R13">This field will be updated with the original STMT.ENTRY or STMT.ENTRY.DETAIL key for IC related transactions</p>
        <p>This field will be updated with the original AC.LOCKED.EVENTS key for blocked funds</p>
        <p data-mc-conditions="FROMRELEASE.R13">System generated </p>
        <p data-mc-conditions="FROMRELEASE.R13">Validation rules </p>
        <p data-mc-conditions="FROMRELEASE.R13">No input field </p>
    </desc>
</t>
<t>
<field>ORIG.ENTRY.TABLE</field>
<desc>
        <p data-mc-conditions="FROMRELEASE.R13">This field will be updated with the underlying table that the data is being taken from </p>
        <p data-mc-conditions="FROMRELEASE.R13">For non AA this will be either STMT.ENTRY or STMT.ENTRY.DETAIL.</p>
        <p>For AC.LOCKED.EVENTS this will be 'AC.LOCKED.EVENTS'</p>
        <p data-mc-conditions="FROMRELEASE.R13">Validation rules </p>
        <p data-mc-conditions="FROMRELEASE.R13">No input field </p>
    </desc>
</t>
<t>
<field>ORIG.EXCH.RATE</field>
<desc>
        <p data-mc-conditions="FROMRELEASE.R13">This field stores the exchange rate used for cross currency transaction during the capture </p>
        <p data-mc-conditions="FROMRELEASE.R13">No input field </p>
        <p data-mc-conditions="FROMRELEASE.R13">Validation rules </p>
        <p data-mc-conditions="FROMRELEASE.R13">System generated </p>
    </desc>
</t>
<t>
<field>ORIG.AMOUNT</field>
<desc>
        <p data-mc-conditions="FROMRELEASE.R13">This field will be updated with the original amount of the transaction. </p>
        <p data-mc-conditions="FROMRELEASE.R13">For AA this will be for information purposes only.</p>
        <p data-mc-conditions="FROMRELEASE.R13">System generated.</p>
        <p data-mc-conditions="FROMRELEASE.R13">Validation rules </p>
        <p data-mc-conditions="FROMRELEASE.R13">No input field </p>
    </desc>
</t>
<t>
<field>RC.TYPE</field>
<desc>
        <p data-mc-conditions="FROMRELEASE.R13">System generated field which holds the link to the RC.TYPE record.</p>
        <p data-mc-conditions="FROMRELEASE.R13">Validation rules </p>
        <p data-mc-conditions="FROMRELEASE.R13">No input</p>
    </desc>
</t>
<t>
<field>RECOVERED.AMT</field>
<desc>
        <p data-mc-conditions="FROMRELEASE.R13">This field will be updated with amount recovered from the last attempt. This field may be multi valued for partial recoveries.</p>
        <p data-mc-conditions="FROMRELEASE.R13">System generated field</p>
        <p data-mc-conditions="FROMRELEASE.R13">Validation rules </p>
        <p data-mc-conditions="FROMRELEASE.R13">No input field</p>
    </desc>
</t>
<t>
<field>RETRY.AMT</field>
<desc>
        <p data-mc-conditions="FROMRELEASE.R13">This is the amount that will be processed by the cycler.</p>
        <p data-mc-conditions="FROMRELEASE.R13">System generated </p>
        <p data-mc-conditions="FROMRELEASE.R13">Validation rules </p>
        <p data-mc-conditions="FROMRELEASE.R13">No input field    <![CDATA[ ]]></p>
    </desc>
</t>
<t>
<field>RETRY.ATTEMPTED</field>
<desc>
        <p data-mc-conditions="FROMRELEASE.R13">System generate field which holds the number of retry attempts for this transaction. </p>
        <p data-mc-conditions="FROMRELEASE.R13">Validation rules </p>
        <p data-mc-conditions="FROMRELEASE.R13">No Input </p>
    </desc>
</t>
<t>
<field>RETRY.END.DATE</field>
<desc>
        <p data-mc-conditions="FROMRELEASE.R13">This field holds the end date of the re try period.</p>
        <p data-mc-conditions="FROMRELEASE.R13">System generated </p>
        <p data-mc-conditions="FROMRELEASE.R13">Validation rules </p>
        <p data-mc-conditions="FROMRELEASE.R13">No input field </p>
    </desc>
</t>
<t>
<field>RETRY.FQU</field>
<desc>
        <p data-mc-conditions="FROMRELEASE.R13">This system generated fields holds the retry frequency for the transaction being recycled.</p>
        <p data-mc-conditions="FROMRELEASE.R13">Validation rules </p>
        <p data-mc-conditions="FROMRELEASE.R13">No input field </p>
    </desc>
</t>
<t>
<field>RETRY.START.DATE</field>
<desc>
        <p data-mc-conditions="FROMRELEASE.R13">This field holds the date the entry was loaded into the cycler. </p>
        <p data-mc-conditions="FROMRELEASE.R13">System generated </p>
        <p data-mc-conditions="FROMRELEASE.R13">Validation rules </p>
        <p data-mc-conditions="FROMRELEASE.R13">No Input</p>
    </desc>
</t>

<t>
<field>SUSPENSE.CATEGORY</field>
<desc>
        <p data-mc-conditions="FROMRELEASE.R13">This field contains the suspense category used for suspensing this entry.</p>
        <p data-mc-conditions="FROMRELEASE.R13">System generated </p>
        <p data-mc-conditions="FROMRELEASE.R13">Validation rules </p>
        <p data-mc-conditions="FROMRELEASE.R13">No input field </p>
        <p data-mc-conditions="FROMRELEASE.R13">Valid CATEGORY code </p>
    </desc>
</t>
<t>
<field>TRANS.CCY</field>
<desc>
        <p data-mc-conditions="FROMRELEASE.R13">This field stores the transaction currency.</p>
        <p data-mc-conditions="FROMRELEASE.R13">System generated </p>
        <p data-mc-conditions="FROMRELEASE.R13">Validation rules </p>
        <p data-mc-conditions="FROMRELEASE.R13">No input field </p>
        <p data-mc-conditions="FROMRELEASE.R13">Valid record from CURRENCY table</p>
    </desc>
</t>
<t>
<field>TXN.SIGN</field>
<desc>
        <p>Holds the transaction sign value. </p>
        <p>By default, settlement account is debited.</p>
        <p>Validation Rules:</p>
        <p>CREDIT or DEBIT</p>
 </desc>
</t>
<t>
<field>NO.OF.RETRIES</field>
<desc>
        <p>Number of retry attempts for that transaction based on RC.CONDITION attached for this type of transaction.</p>
        <p>System updated</p>
 </desc>
</t>
<t>
<field>DT.CONVENTION</field>
<desc>
        <p>Holds either FORWARD or BACKWARD</p>
        <p>By default, DT.CONVENTION is FORWARD</p>
        <p>This field is to indicate when RETRY.END.DATE falls on holiday, whether it needs to cycle to next or previous working day </p>
</desc>
</t>
<t>
<field>AMEND.BY</field>
<desc>
        <p>This field is used to log the manual changes happened to RC.DETAIL record using RC.CHANGE application or AC.LOCKED.EVENTS application </p>
        <p>Holds Terminal number and T24 userid</p>
        <p>System updated</p>
</desc>
</t>
<t>
<field>AMEND.DATE.TIME</field>
<desc>
        <p>Stores system date and time of amendment </p>
        <p>System updated</p>
</desc>
</t>
<t>
<field>AMEND.REASON</field>
<desc>
        <p>Holds the reason for amendment </p>
        <p>System updated</p>
 </desc>
</t>
<t>
<field>LAST.RETRY.STAGE</field>
<desc>
        <p>This field indicates the stage in which the last retry has happened</p>
		<p>This field either holds "EOD" or "SOD" for cob retries</p>
		<p>For online retries this should be updated as "ONLINE"</p> 
        <p>System updated</p>
 </desc>
</t>
<t>
<field>LAST.RETRY.TRIGGER</field>
<desc>
        <p>This field specifies the trigger for the last retry attempt on a RC.DETAIL record</p>
		<p>For COB retry (EOD or SOD) this field is updated as 'RC.SCHEDULED'</p>
		<p>For online retries this should be updated as the valid trigger which causes this retry to be scheduled</p> 
        <p>System updated</p>
 </desc>
</t>
<t>
<field>NEXT.RETRY.DATE</field>
<desc>
        <p>The next date on which retry service would pick this transaction for processing</p>
		<p>FThis will be updated based on the frequency.</p> 
        <p>System updated</p>
 </desc>
</t>
<t>
<field>NEXT.RETRY.STAGE</field>
<desc>
        <p>This field indicates whether next retry to be done during SOD/EOD/online</p>
        <p>System updated</p>
 </desc>
</t>
<t>
<field>SETTLE.OPTION</field>
<desc>
        <p>This field specifies the settlement conditions given in RC.CONDITION</p>
        <p>This can be PARTIAL/END.PARTIAL/NONE</p>
        <p>Default is none</p>
        <p>System updated</p>
 </desc>
</t>
<t>
<field>TXN.TYPE</field>
<desc>
        <p>Defaulted from RC.TYPE during capture of that transaction</p>
        <p>System updated</p>
 </desc>
</t>
<t>
<field>RC.CONDITION</field>
<desc>
        <p>This field links a RC.CONDITION reference to a transaction</p>
        <p>This field is updated during the capture of the transaction.</p>
 </desc>
</t>
<t>
<field>ORIG.AMT.LCY</field>
<desc>
        <p>Original amount in local currency</p>
        <p>when transaction currency is foreign currency</p>
 </desc>
</t>
<t>
<field>RETRY.AMT.LCY</field>
<desc>
        <p>Retry amount in local currency</p>
        <p>when transaction currency is foreign currency</p>
 </desc>
</t>
<t>
<field>SETTLE.STATUS</field>
<desc>
        <p>This status indicates the current settlement status of the transaction</p>
		<p>Various possible settlement statuses are</p>
		<p>PENDING  no settlement has happened . Would updated during capture</p>
		<p>SETTLED  Fully settled .once cycler settles the transaction fully</p>
		<p>PARTIAL Partially settled.During retry if transaction is settled partially</p>
		<p>REJECTED Transaction is settled outside of rc framework</p>
 </desc>
</t>
<t>
<field>RETRY.TRANS.TABLE</field>
<desc>
        <p>Reference to FUNDS.TRANSFER which settles the transaction either partialy or fully</p>
        <p>System updated</p>		
 </desc>
</t>
<t>
<field>CO.CODE</field>
<desc>
        <p>Company code of the company in which the RC.DETAIL is captured</p>
        <p>System updated</p>		
 </desc>
</t>
<t>
<field>PREDECESSOR.ID</field>
<desc>
        <p>RC.DETAIL.ID which is dependent on this RC.DETAIL.ID</p>
        <p>System updated</p>		
 </desc>
</t>
</menu>
</t24help>

