<?xml version="1.0" encoding="utf-8"?>
<t24help>
<header>
<product>RC</product>
<table>RC.PRODUCT.PRIORITY</table>
</header>
<overview>
<ovdesc>

        <p data-mc-conditions="FROMRELEASE.R13">Overview</p>
        <p data-mc-conditions="FROMRELEASE.R13">This application contains the rules regarding which types of transaction take priority where there is more than one outstanding transaction against a settlement account. It ranks by product within an EB.SYSTEM.ID. There are three linked tables </p>
        <p>
            <p value="1" data-mc-conditions="FROMRELEASE.R13">RC.PRIORITY - Ranks transactions by EB.SYSTEM.ID</p>
            <p value="2" data-mc-conditions="FROMRELEASE.R13">RC.PRODUCT.PRIORITY - Ranks by product within an EB.SYSTEM.ID </p>
            <p value="3" data-mc-conditions="FROMRELEASE.R13">RC.CONTRACT.PRIORITY - Ranks at transaction level</p>
        </p>
    </ovdesc>
<ovimage></ovimage>
</overview>
<menu>
<t>
<field>@ID</field>
<desc>
        <p data-mc-conditions="FROMRELEASE.R13">The ID to file can be either an EB.SYSTEM.ID or AA.PRODUCT.GROUP</p>
        <p data-mc-conditions="FROMRELEASE.R13">Validation rules </p>
        <p data-mc-conditions="FROMRELEASE.R13">Must be a valid record on either EB.SYSTEM.ID or AA.PRODUCT.GROUP </p>
    </desc>
</t>
<t>
<field>AA.CONTRACT.PRT</field>
<desc>
        <p data-mc-conditions="FROMRELEASE.R13">This field is used to link to the transaction level priorities that have been set up in the application RC.CONTRACT.PRIORITY and will be applied to the AA.PRODUCT.</p>
        <p data-mc-conditions="FROMRELEASE.R13">Forms part of a multi value set with AA.PRODUCT.</p>
        <p data-mc-conditions="FROMRELEASE.R13">Validation rules </p>
        <p data-mc-conditions="FROMRELEASE.R13">Mandatory input is the @id is an AA.PRODUCT.GROUP</p>
        <p data-mc-conditions="FROMRELEASE.R13">No Input field for non AA </p>
        <p data-mc-conditions="FROMRELEASE.R13">Must be a valid record on RC.CONTRACT.PRIORITY </p>
    </desc>
</t>
<t>
<field>AA.PRODUCT</field>
<desc>
        <p data-mc-conditions="FROMRELEASE.R13">This field is used to define the priority in order of AA product group. For example LOANS, Deposits etc </p>
        <p data-mc-conditions="FROMRELEASE.R13">Form part of a multi value set with the field AA.CONTRACT.PRT </p>
        <p data-mc-conditions="FROMRELEASE.R13">Validation rules </p>
        <p data-mc-conditions="FROMRELEASE.R13">Mandatory input is the @id is an AA.PRODUCT.GROUP</p>
        <p data-mc-conditions="FROMRELEASE.R13">No Input field for non AA </p>
        <p data-mc-conditions="FROMRELEASE.R13">Must be a valid record on AA.PRODUCT </p>
    </desc>
</t>
<t>
<field>CONTRACT.PRTY</field>
<desc>
        <p data-mc-conditions="FROMRELEASE.R13">This field is used to link to the transaction level priorities that have been set up in the application RC.CONTRACT.PRIORITY and will be applied.</p>
        <p data-mc-conditions="FROMRELEASE.R13">Forms part of a multi value set with AA.PRODUCT.</p>
        <p data-mc-conditions="FROMRELEASE.R13">Validation rules </p>
        <p data-mc-conditions="FROMRELEASE.R13">Mandatory input is the @id is an EB.SYSTEM.ID </p>
        <p data-mc-conditions="FROMRELEASE.R13">No Input field for AA </p>
        <p data-mc-conditions="FROMRELEASE.R13">Must be a valid record on RC.CONTRACT.PRIORITY </p>
    </desc>
</t>
<t>
<field>LOCAL.REF</field>
<desc>
        <p data-mc-conditions="FROMRELEASE.R13"> Local reference field(s) defined by the user. Identifies any additional element which has been defined locally to meet a particular requirement. </p>
        <p data-mc-conditions="FROMRELEASE.R13">Validation Rules</p>
        <p data-mc-conditions="FROMRELEASE.R13">Up to 35 Any characters as defined in the local table definition for this local reference field.</p>
        <p data-mc-conditions="FROMRELEASE.R13"> (Optional input. Multi-valued field). Optional or mandatory input according to the LOCAL.TABLE definition for this field.</p>
    </desc>
</t>
<t>
<field>PROD.CAT.END</field>
<desc>
        <p data-mc-conditions="FROMRELEASE.R13">This field indicates the end of the product category range of the underlying product.</p>
        <p data-mc-conditions="FROMRELEASE.R13">Forms part of a multi value set with the fields;</p>
        <p>
            <p value="1" data-mc-conditions="FROMRELEASE.R13">PROD.CAT.START</p>
            <p value="2" data-mc-conditions="FROMRELEASE.R13">CONTRACT.PRTY</p>
        </p>
        <p data-mc-conditions="FROMRELEASE.R13">Validation rules </p>
        <p data-mc-conditions="FROMRELEASE.R13">Must be a valid record on CATEGORY </p>
        <p data-mc-conditions="FROMRELEASE.R13">Optional input for non AA<br /></p>
        <p data-mc-conditions="FROMRELEASE.R13">Non input for AA&#160;</p>
        <p data-mc-conditions="FROMRELEASE.R13">If the field PROD.CAT.START is entered but this field is null then only the start category will be used.</p>
    </desc>
</t>
<t>
<field>PROD.CAT.START</field>
<desc>
        <p data-mc-conditions="FROMRELEASE.R13">This field is used to indicate the start of the product category range from the underlying contract if there was one, or the account product category. This can be used to prioritise loan and deposit for settlement transactions from non AA contracts. For non contract related updates such as IC and FT the categories will refer to the settlement account category.</p>
        <p data-mc-conditions="FROMRELEASE.R13">Forms part of a multi value set with the fields;</p>
        <p>
            <p value="1" data-mc-conditions="FROMRELEASE.R13">PROD.CAT.END </p>
            <p value="2" data-mc-conditions="FROMRELEASE.R13">CONTRACT.PRTY</p>
        </p>
        <p data-mc-conditions="FROMRELEASE.R13">Validation rules </p>
        <p data-mc-conditions="FROMRELEASE.R13">Must be a valid record on CATEGORY </p>
        <p data-mc-conditions="FROMRELEASE.R13">Mandatory input for Non AA&#160;</p>
        <p data-mc-conditions="FROMRELEASE.R13">No input for AA&#160;</p>
    </desc>
</t>
<t>
<field>OVERRIDE</field>
<desc>
        <p data-mc-conditions="FROMRELEASE.R13">This is a multi valued field. </p>
        <p data-mc-conditions="FROMRELEASE.R13">Contains details of any override applicable to this record. </p>
        <p data-mc-conditions="FROMRELEASE.R13">Validation rules </p>
        <p data-mc-conditions="FROMRELEASE.R13">A maximum of 35 characters may be entered. This is a NOINPUT field. </p>
    </desc>
</t>
<t>
<field>RESERVED.02</field>
<desc>
        <p data-mc-conditions="FROMRELEASE.R13">This field is reserved for future use </p>
        <p data-mc-conditions="FROMRELEASE.R13">Validation rules </p>
        <p data-mc-conditions="FROMRELEASE.R13">No input field </p>
        <p data-mc-conditions="FROMRELEASE.R13">Reserved for future use </p>
    </desc>
</t>
<t>
<field>RESERVED.03</field>
<desc>
        <p data-mc-conditions="FROMRELEASE.R13">This field is reserved for future use </p>
        <p data-mc-conditions="FROMRELEASE.R13">Validation rules </p>
        <p data-mc-conditions="FROMRELEASE.R13">No input field </p>
        <p data-mc-conditions="FROMRELEASE.R13">Reserved for future use </p>
    </desc>
</t>
<t>
<field>RESERVED.04</field>
<desc>
        <p data-mc-conditions="FROMRELEASE.R13">This field is reserved for future use </p>
        <p data-mc-conditions="FROMRELEASE.R13">Validation rules </p>
        <p data-mc-conditions="FROMRELEASE.R13">No input field </p>
        <p data-mc-conditions="FROMRELEASE.R13">Reserved for future use </p>
    </desc>
</t>
<t>
<field>RESERVED.05</field>
<desc>
        <p data-mc-conditions="FROMRELEASE.R13">This field is reserved for future use </p>
        <p data-mc-conditions="FROMRELEASE.R13">Validation rules </p>
        <p data-mc-conditions="FROMRELEASE.R13">No input field </p>
        <p data-mc-conditions="FROMRELEASE.R13">Reserved for future use </p>
    </desc>
</t>
<t>
<field>RESERVED.06</field>
<desc>
        <p data-mc-conditions="FROMRELEASE.R13">This field is reserved for future use </p>
        <p data-mc-conditions="FROMRELEASE.R13">Validation rules </p>
        <p data-mc-conditions="FROMRELEASE.R13">No input field </p>
        <p data-mc-conditions="FROMRELEASE.R13">Reserved for future use </p>
    </desc>
</t>
<t>
<field>RESERVED.07</field>
<desc>
        <p data-mc-conditions="FROMRELEASE.R13">This field is reserved for future use </p>
        <p data-mc-conditions="FROMRELEASE.R13">Validation rules </p>
        <p data-mc-conditions="FROMRELEASE.R13">No input field </p>
        <p data-mc-conditions="FROMRELEASE.R13">Reserved for future use </p>
    </desc>
</t>
<t>
<field>RESERVED.08</field>
<desc>
        <p data-mc-conditions="FROMRELEASE.R13">This field is reserved for future use </p>
        <p data-mc-conditions="FROMRELEASE.R13">Validation rules </p>
        <p data-mc-conditions="FROMRELEASE.R13">No input field </p>
        <p data-mc-conditions="FROMRELEASE.R13">Reserved for future use </p>
    </desc>
</t>
<t>
<field>RESERVED.09</field>
<desc>
        <p data-mc-conditions="FROMRELEASE.R13">This field is reserved for future use </p>
        <p data-mc-conditions="FROMRELEASE.R13">Validation rules </p>
        <p data-mc-conditions="FROMRELEASE.R13">No input field </p>
        <p data-mc-conditions="FROMRELEASE.R13">Reserved for future use </p>
    </desc>
</t>
<t>
<field>RESERVED.10</field>
<desc>
        <p data-mc-conditions="FROMRELEASE.R13">This field is reserved for future use </p>
        <p data-mc-conditions="FROMRELEASE.R13">Validation rules </p>
        <p data-mc-conditions="FROMRELEASE.R13">No input field </p>
        <p data-mc-conditions="FROMRELEASE.R13">Reserved for future use </p>
    </desc>
</t>
</menu>
</t24help>

