<?xml version="1.0" encoding="utf-8"?>
<t24help>
<header>
<product>RC</product>
<table>RC.PRIORITY</table>
</header>
<overview>
<ovdesc>

        <p data-mc-conditions="FROMRELEASE.R13">Overview</p>
        <p data-mc-conditions="FROMRELEASE.R13">This application contains the rules regarding which types of transaction take priority where there is more than one outstanding transaction against a settlement account. It ranks by EB,SYSTEM.ID. There are three linked tables </p>
        <p>
            <p value="1" data-mc-conditions="FROMRELEASE.R13">RC.PRIORITY - Ranks transactions by EB.SYSTEM.ID</p>
            <p value="2" data-mc-conditions="FROMRELEASE.R13">RC.PRODUCT.PRIORITY - Ranks by product within an EB.SYSTEM.ID </p>
            <p value="3" data-mc-conditions="FROMRELEASE.R13">RC.CONTRACT.PRIORITY - Ranks at transaction level</p>
        </p>
    </ovdesc>
<ovimage></ovimage>
</overview>
<menu>
<t>
<field>@ID</field>
<desc>
        <p data-mc-conditions="FROMRELEASE.R13">The id to this table should be either a master or lead company</p>
        <p data-mc-conditions="FROMRELEASE.R13">Validation rules </p>
        <p data-mc-conditions="FROMRELEASE.R13">Valid master or lead company from COMPANY table </p>
    </desc>
</t>
<t>
<field>DEF.PREV.SETTLE</field>
<desc>
        <p>Value is set at product level</p>
        <p>YES/NO field</p> 
        <p>When this field is set, if the parent transaction fails then all the descendant txn fails</p>
        <p>For example consider we have 5 txn A,B,C,D,E</p>
        <p>prev settle of B = A</p>
        <p>prev settle of C = B</p>
	    <p>prev settle of D = C</p>
	    <p>prev settle of E = D</p>
        <p>If txn C fails then all descendant txn D and E also fails</p>
        <p>PREV.SETTLE field will take priority over this field</p>
        <p>If system id specific prev settle is left null,only then default prev settle option will be applied</p>
</desc>
</t>
<t>
<field>AA.PRODUCT,GROUP</field>
<desc>
        <p data-mc-conditions="FROMRELEASE.R13">This field is used to define the AA.PRODUCT.GROUP.  </p>
        <p data-mc-conditions="FROMRELEASE.R13">Validation rules </p>
        <p data-mc-conditions="FROMRELEASE.R13">Must be a valid AA.PRODUCT.GROUP</p>
        <p data-mc-conditions="FROMRELEASE.R13">Can only be entered if the field EB.SYSTEM.ID is AAAA</p>
    </desc>
</t>
<t>
<field>LOCAL.REF</field>
<desc>
        <p data-mc-conditions="FROMRELEASE.R13"> Local reference field(s) defined by the user. Identifies any additional element which has been defined locally to meet a particular requirement. </p>
        <p data-mc-conditions="FROMRELEASE.R13">Validation Rules</p>
        <p data-mc-conditions="FROMRELEASE.R13">Up to 35 Any characters as defined in the local table definition for this local reference field.</p>
        <p data-mc-conditions="FROMRELEASE.R13"> (Optional input. Multi-valued field). Optional or mandatory input according to the LOCAL.TABLE definition for this field.</p>
    </desc>
</t>
<t>
<field>OVERRIDE</field>
<desc>
        <p>This is a multi valued field. </p>
        <p>Contains details of any override applicable to this record.</p>
        <p>
           <p>Validation Rules:</p>
        </p>
        <p> A maximum of 35 characters may be entered. This is a NOINPUT field.</p>
    </desc>
</t>
<t>
<field>RESERVED.02</field>
<desc>
        <p data-mc-conditions="FROMRELEASE.R13">This field is reserved for future use </p>
        <p data-mc-conditions="FROMRELEASE.R13">Validation rules </p>
        <p data-mc-conditions="FROMRELEASE.R13">No input field </p>
        <p data-mc-conditions="FROMRELEASE.R13">Reserved for future use </p>
    </desc>
</t>
<t>
<field>RESERVED.03</field>
<desc>
        <p data-mc-conditions="FROMRELEASE.R13">This field is reserved for future use </p>
        <p data-mc-conditions="FROMRELEASE.R13">Validation rules </p>
        <p data-mc-conditions="FROMRELEASE.R13">No input field </p>
        <p data-mc-conditions="FROMRELEASE.R13">Reserved for future use </p>
    </desc>
</t>
<t>
<field>RESERVED.04</field>
<desc>
        <p data-mc-conditions="FROMRELEASE.R13">This field is reserved for future use </p>
        <p data-mc-conditions="FROMRELEASE.R13">Validation rules </p>
        <p data-mc-conditions="FROMRELEASE.R13">No input field </p>
        <p data-mc-conditions="FROMRELEASE.R13">Reserved for future use </p>
    </desc>
</t>
<t>
<field>RESERVED.05</field>
<desc>
        <p data-mc-conditions="FROMRELEASE.R13">This field is reserved for future use </p>
        <p data-mc-conditions="FROMRELEASE.R13">Validation rules </p>
        <p data-mc-conditions="FROMRELEASE.R13">No input field </p>
        <p data-mc-conditions="FROMRELEASE.R13">Reserved for future use </p>
    </desc>
</t>
<t>
<field>PRTY.SORT</field>
<desc>
	<p>This field can be used to decide if applications can change the prioritisation order of a list of pending transactions against a settlement account </p>
	<p>optional</p>
	<p>If value exists,that routine is called with a list of RC.DETAIL IDs and records, which are already sorted by core recycler</p>	        
</desc>
</t>
<t>
<field>LOC.PRTY.SORT</field>
<desc>
	<p>This field can be used to decide if a local routine can change the prioritisation order of a list of pending transactions against a settlement account</p>	
	<p>optional</p>
	<p>If value exists, that routine is called with a list of RC.DETAIL IDs and records, which are already sorted by core recycler</p>	        
</desc>
</t>
<t>
<field>PREV.SETTLE</field>
<desc>
        <p>Value is set at system id level</p>
        <p>YES/NO field</p> 
        <p>When this field is set, if the parent transaction fails then all the descendant txn fails</p>
        <p>For example consider we have 5 txn A,B,C,D,E</p>
        <p>prev settle of B = A</p>
        <p>prev settle of C = B</p>
		<p>prev settle of D = C</p>
		<p>prev settle of E = D</p>
        <p>If txn C fails then all descendant txn D and E also fails</p>
 		<p>This field will take priority over DEF.PREV.SETTLE field</p>
        <p>Only if ths field is left null,then default prev settle option will be applied</p>
</desc>
</t>
<t>
<field>RESERVED.08</field>
<desc>
        <p data-mc-conditions="FROMRELEASE.R13">This field is reserved for future use </p>
        <p data-mc-conditions="FROMRELEASE.R13">Validation rules </p>
        <p data-mc-conditions="FROMRELEASE.R13">No input field </p>
        <p data-mc-conditions="FROMRELEASE.R13">Reserved for future use </p>
    </desc>
</t>
<t>
<field>RESERVED.09</field>
<desc>
        <p data-mc-conditions="FROMRELEASE.R13">This field is reserved for future use </p>
        <p data-mc-conditions="FROMRELEASE.R13">Validation rules </p>
        <p data-mc-conditions="FROMRELEASE.R13">No input field </p>
        <p data-mc-conditions="FROMRELEASE.R13">Reserved for future use </p>
    </desc>
</t>
<t>
<field>RESERVED.10</field>
<desc>
        <p data-mc-conditions="FROMRELEASE.R13">This field is reserved for future use </p>
        <p data-mc-conditions="FROMRELEASE.R13">Validation rules </p>
        <p data-mc-conditions="FROMRELEASE.R13">No input field </p>
        <p data-mc-conditions="FROMRELEASE.R13">Reserved for future use </p>
    </desc>
</t>
<t>
<field>SYSTEM.ID</field>
<desc>
        <p data-mc-conditions="FROMRELEASE.R13">This field is used to define the retry order where there is more than one transaction due per settlement account. </p>
        <p data-mc-conditions="FROMRELEASE.R13">Validation rules </p>
        <p data-mc-conditions="FROMRELEASE.R13">Must be a valid EB.SYSTEM.ID </p>
    </desc>
</t>
</menu>
</t24help>

