<?xml version="1.0" encoding="UTF-8"?>
<t24help>
<header>
<product>RC</product>
<table>RC.PENDING.TXNS</table>
</header>
<overview>
<ovdesc>
     <p>List file to maintain all the pending transactions (RC.DETAIL ids) against a settlement account</p>
     <p>This file is updated whenever new RC.DETAIL is captured</p>
</ovdesc>
</overview>
<menu>
<t>
<field>@ID</field>
<desc>
        <p>Valid account no</p>
        <p>For which pending transactions (RC.DETAIL ids) exists</p>
        <p>System updated</p>
</desc>
</t>
<t>
<field>RC.DETAIL.ID</field>
<desc>
        <p>Valid RC.DETAIL record</p>
        <p>The status of RC.DETAIL should be either 'NEW' or 'CURRENT'</p>
        <p>If the status of the given RC.DETAIL matches any one of the given statuses "COMPLETED,REJECTED,TERMINATED"</p>
        <p>Then that RC.DETAIL is removed from the list</p>
        <p>If all the RC.DETAIL for an account is removed then the entire record against an account is deleted</p>
        <p>System updated field</p>
 </desc>
</t>
</menu>
</t24help>