<?xml version="1.0" encoding="utf-8"?>
<t24help>
<header>
<product>RC</product>
<table>RC.RETRY.TRIGGER</table>
</header>
<overview>
<ovdesc>
     <p>Trigger file used by recycler service to process pending transactions of an account during online</p>
     <p>Trigger file is written whenever there is a credit or debit to an account</p>
     <p>When a posting restriction is removed</p>
     <p>When a block against an account is removed</p>
</ovdesc>
</overview>
<menu>
<t>
<field>@ID</field>
<desc>
        <p>The id of an account to which the trigger happens</p>
        <p>This id should be a valid account no present in RC.PENDING.TXNS</p>
</desc>
</t>
<t>
<field>TRIGGER.REF</field>
<desc>
        <p>Specifies the refernce fo the trigger</p>
        <p>Specifies the terminal no,Date and Time of trigger</p>
        <p>The format is 'TerminalNo:"*":CurrentDate:"*":CurrentTime'</p>
        <p>System updated field</p>
    </desc>
</t>
<t>
<field>TRIGGER.TYPE</field>
<desc>
        <p>Specifies what has triggered the online retry</p>
        <p>Like posting of credit entry, removing posting restrictions, unblocking of funds on the settlement account </p>
        <p>This is a valid override record</p>
        <p>Displays language specific trigger type</p> 
        <p>System updated field</p>
    </desc>
</t>

</menu>
</t24help>

