<?xml version="1.0" encoding="utf-8"?>
<t24help>
<header>
<product>TV</product>
<table>SEAT.COB.REPORTS.PARAM</table>
</header>
<overview>
<ovdesc>

            <p>Helptext unavailable</p>
        </ovdesc>
<ovimage></ovimage>
</overview>
<menu>
<t>
<field>REF</field>
<desc>
            <p>Help Text for this field is unavailable.  Please refer to the T24 User Guides for further information.</p>
        </desc>
</t>
<t>
<field>REPORT.NAME</field>
<desc>
            <p>Help Text for this field is unavailable.  Please refer to the T24 User Guides for further information.</p>
        </desc>
</t>
</menu>
</t24help>