<?xml version="1.0" encoding="utf-8"?>
<t24help>
<header>
<product>TV</product>
<table>TV.CAPTURE.EXCEPTIONS</table>
</header>
<overview>
<ovdesc>

            <p> This file is updated with particulars of the list of applications that do not require transaction capture and play.</p>
        </ovdesc>
<ovimage></ovimage>
</overview>
<menu>
<t>
<field>APPLICATION.NAMES</field>
<desc>
            <p>The application and service names to omit capture/play on them. ie., When a transaction is input into this application, that will not be captured. The setup will differ for capture and play. </p>
            <p>&#160;</p>
            <p>Validation Rules:</p>
            <p>
                <p value="1">Mandatory field.</p>
                <p value="2">Multi-values allowed</p>
                <p value="3"> Max 30 alphanumeric characters allowed.</p>
            </p>
            <p />
        </desc>
</t>
<t>
<field>OVERRIDE</field>
<desc>
        </desc>
</t>
<t>
<field>TV.CAPTURE.EXCEPTIONS.ID</field>
<desc>
            <p>ID must be given as SYSTEM. No other values will be accepted. It denotes the list of applications that does not require transaction capture and not required to play too.</p>
            <p />
        </desc>
</t>
<t>
<field>SERVICES</field>
<desc>
            <p>Help Text for this field is unavailable.  Please refer to the T24 User Guides for further information.</p>
        </desc>
</t>
</menu>
</t24help>

