<?xml version="1.0" encoding="utf-8"?>
<t24help>
<header>
<product>TV</product>
<table>TV.ENQUIRY.CAPTURES</table>
</header>
<overview>
<ovdesc>

            <p>The Enquiry that needs to be captured can be defined in this file.</p>
        </ovdesc>
<ovimage></ovimage>
</overview>
<menu>
<t>
<field>CAPTURE.ENQUIRY</field>
<desc>
            <p>The name of the enquiry and it is a multi-value field. Max 35 alphanumeric characters are allowed to input.</p>
            <p />
        </desc>
</t>
<t>
<field>ID</field>
<desc>
            <p>ID must be specified as SYSTEM and it is used to define the name of the enquiries, needs to be captured.</p>
            <p />
        </desc>
</t>
</menu>
</t24help>

