<?xml version="1.0" encoding="utf-8"?>
<t24help>
<header>
<product>TV</product>
<table>TV.INTERFACE</table>
</header>
<overview>
<ovdesc>

            <p>This file is used to define PHANTOM names that needs to get captured</p>
        </ovdesc>
<ovimage></ovimage>
</overview>
<menu>
<t>
<field>USER.NAME</field>
<desc>
        </desc>
</t>
<t>
<field>RERUN.FLAG</field>
<desc>
        </desc>
</t>
<t>
<field>SERVICE.PHAN.NAME</field>
<desc>
            <p>The name of the phantoms to capture.</p>
            <p />
        </desc>
</t>
<t>
<field>TV.INTERFACE.ID</field>
<desc>
            <p>ID must be given as SYSTEM. </p>
            <p />
        </desc>
</t>
</menu>
</t24help>

