<?xml version="1.0" encoding="utf-8"?>
<t24help>
<header>
<product>TV</product>
<table>TV.TRANS.INDEX</table>
</header>
<overview>
<ovdesc>

            <p>This file will get updated while capture and sequencer run.</p>
        </ovdesc>
<ovimage></ovimage>
</overview>
<menu>
<t>
<field>TOTAL.TXNS</field>
<desc>
            <p>The total no of transactions captured in all log files eg., TV7_1 has 3 and TV7_2 has 1 then TOTAL.TXNS is 4.</p>
            <p />
        </desc>
</t>
<t>
<field>TV.TRANS.INDEX.ID</field>
<desc>
            <p>This is a live file, defines the transaction specific details like log file id , txn start time, end time, record count and so on. it will be updated automatically. ID is in the format of TVUSERNO-SEQUENCENO eg., TV7-1, TV7-2</p>
            <p />
        </desc>
</t>
<t>
<field>TXN.START.TIME</field>
<desc>
            <p>The transaction start time for the respective record id eg., 54218796</p>
            <p />
        </desc>
</t>
<t>
<field>TXN.RECORD.ID</field>
<desc>
            <p>The transaction record id eg., 1. This four fields TXN.START.TIME, TXN.END.TIME,TXN.LOG.FILE and TXN.RECORD.ID values will be over-written during sequencer playback.</p>
            <p />
        </desc>
</t>
<t>
<field>TXN.CAPTURE</field>
<desc>
            <p>The total no of transactions captured per log file eg., TV7_1 has 3 then TXN.CAPTURE is 3. This field will be updated during transaction capture.</p>
            <p />
        </desc>
</t>
<t>
<field>TXN.DATE</field>
<desc>
            <p>The bank date, in which trans index record is created (or) transaction is captured eg., 20001215.</p>
            <p />
        </desc>
</t>
<t>
<field>TXN.UPLOAD</field>
<desc>
            <p>The total no of transactions uploaded or sequencer playback per log file eg., TV7_1 has 3 then TXN.UPLOAD is 3. This field will be updated only during sequencer playback. After playback, both the values updated in TXN.CAPTURE and TXN.UPLOAD must be same.TXN.LOG.FILE.IDS ,TXN.CAPTURE and TXN.UPLOAD is associated multi-value fields</p>
            <p />
        </desc>
</t>
<t>
<field>TXN.LOG.FILE</field>
<desc>
            <p>The transaction log file id, eg., TV7_1</p>
            <p />
        </desc>
</t>
<t>
<field>TXN.LOG.FILE.IDS</field>
<desc>
            <p>The name of log file created eg., TV7_1 where 7 is the user no and 1 is the sequence no.</p>
            <p />
        </desc>
</t>
<t>
<field>TXN.END.TIME</field>
<desc>
            <p>The transaction end time for the respective record id eg., 54218816</p>
            <p />
        </desc>
</t>
<t>
<field>INDEX.NUMBER</field>
<desc>
            <p>The latest sequence number eg., if there are two files are created TV7_1, TV7_2 then INDEX.NUMBER is updated as 2</p>
            <p />
        </desc>
</t>
<t>
<field>RECORD.COUNT</field>
<desc>
            <p>The record count in the current or latest log file eg., if TV7_1 has 3 records, TV7_2 has 1 record then RECORD.COUNT value will be 1; because TV7_2 is the current log file</p>
            <p />
        </desc>
</t>
<t>
<field>SERVICE.STATUS</field>
<desc>
            <p>These field gets updated on playback. Only when 'COMPLETED', system continous sequence play of transactions.</p>
            <p />
        </desc>
</t>
</menu>
</t24help>

