<?xml version="1.0" encoding="utf-8"?>
<t24help>
<header>
<product>TV</product>
<table>TV.USER.INDEX</table>
</header>
<overview>
<ovdesc>

            <p>This file gets updated for capture/play, records each user's details.</p>
            <p />
        </ovdesc>
<ovimage></ovimage>
</overview>
<menu>
<t>
<field>VERSION</field>
<desc>
            <p>The name of the version, in which this user has input. Eg., LETTER.OF.CREDIT,SEAT.ONE. If the user does not use any version, then LETTER.OF.CREDIT -NO VERSION USED will be updated here.</p>
            <p />
        </desc>
</t>
<t>
<field>TXNS.PROCESSED</field>
<desc>
            <p>The no of transactions processed and it will be updated during sequencer playback.</p>
            <p />
        </desc>
</t>
<t>
<field>TXNS.FAILED</field>
<desc>
            <p>The no of transactions failed and it will be updated during sequencer playback. This five fields APPLICATION,VERSION,NO.OF.TXNS,TXNS.PROCESSED and TXNS.FAILED are associated multi-value sets and this will be updated, with respect to every application. </p>
            <p />
        </desc>
</t>
<t>
<field>APPLICATION</field>
<desc>
            <p>The name of the application, in which this user has input. Eg., LETTER.OF.CREDIT</p>
            <p />
        </desc>
</t>
<t>
<field>NO.OF.TXNS</field>
<desc>
            <p>The no of transactions, in which the user has input for every application. Eg., 4</p>
            <p />
        </desc>
</t>
<t>
<field>TV.USER.INDEX.ID</field>
<desc>
            <p>This is a live file, contains the details of transactions input with respect to every user. ID is in the format of USERNAME-BANK.DATE eg., SUSER1-20001215</p>
            <p />
        </desc>
</t>
</menu>
</t24help>

