<?xml version="1.0" encoding="utf-8"?>
<t24help>
    <header>
        <product>XF</product>
        <table>SY.IMF</table>
    </header>
    <overview>
        <ovdesc>
            <p />
            <p>
                <strong>Interest Multiplier Facility(IMF).</strong>
            </p>
           <p>Interest Multiplier Facility (IMF) is a Structured/Composite product consisting of a pair of Term Loan in one currency and a Term Deposit in another currency The loan funds the deposit and redemption of the deposit repays the loan. The exchange rate between the loan currency and the deposit currency would be the risk element for this product.The maturity dates of the Loan and the Deposit are always the same. Rollover happens for the composite product and not for the component. On committing the IMF contract, 2 underlying MM transactions gets created. One MM for the deposit component and one for the loan. </p>
            <p value="1"> </p>
            <p value="2">  </p>
             <p />
        </ovdesc>
        <ovimage></ovimage>
    </overview>
    <menu>
        <t>
            <field>DESCRIPTION</field>
            <desc>
                <p>A Textual description of the contract.</p>
            </desc>
        </t>
        <t>
            <field>VARIANT</field>
            <desc>
                  <p>if the contract refers to a particular variant, then the variant can be linked in this field. Once linked, the parameters and configurations defined for the variant would be used in processing the lifecycle of the contract.</p>
                <p>Validation Rules:</p>
                <p>
                    <p value="1"> Valid SY.PRODUCT.VARIANT record.</p>
                </p>
            </desc>
        </t>
        <t>
            <field>CONTRACT.STATUS</field>
            <desc>
                 <p>Holds the status of the contract. On contract inception, gets updated as ACTIVE. On maturity gets updated as 'MATURED'.</p>
                <p>Validation Rules:</p>
                <p>
                    <p value="1"> NOINPUT field </p>
                </p>
            </desc>
        </t>
        <t>
            <field>CUSTOMER</field>
            <desc>
                <p>Should be accept only CUSOTOMER </p>
            </desc>
        </t>
        <t>
            <field>PORTFOLIO</field>
            <desc>
                <p>Default the value base on the given Customer, used for only valuation.</p>
            </desc>
        </t>
        <t>
            <field>CONTRACT.CCY</field>
            <desc>
                <p>This field will hold the reference currency. The loan and deposit would be converted to the contract currency for valuation purposes. This will default to local.</p>
            </desc>
        </t>
        <t>
            <field>TRADE.DATE</field>
            <desc>
                <p>Trade date  would be mapped to the DEAL.DATE field in the underlying MM (Money Market) contract,default the value TODAY if it is null.</p>
                <p>Validation Rules:</p>
                <p>
                    <p value="1">Back dated also will accept.</p>
                    <p value="1"> Future date should not allow. </p>
                </p>
            </desc>
        </t>
        <t>
            <field>VALUE.DATE</field>
            <desc>
                 <p>Value date is the date when the transaction becomes effective(i.e Contract commences from this date) .</p>
                <p>Validation Rules:</p>
                <p>
                    <p value="1">Should not allow the less than the trade date.</p>
                </p>
            </desc>
        </t>
        <t>
            <field>MATURITY.DATE</field>
            <desc>
                <p>The date on which the contract will be matured.This will be the maturity date of the underlying MM Contracts.  Can be expressed as "M", Y etc or a date</p>
                <p>Validation Rules:</p>
                <p>
                    <p value="1">Should not be less than the value date.</p>
                </p>
            </desc>
        </t>
        <t>
            <field>DEPOSIT.CATEGORY</field>
            <desc>
                <p>The category used for deposit component.Default the value from variant if variant is linked, if not default the value from PRODUCT.DEFINITION, if not user need to input the value.</p>
                <p>Validation Rules:</p>
                <p>
                    <p value="1">Type CAT</p>
                    <p value="2">Should be between 21001...21049</p>
                </p>
            </desc>
        </t>
        <t>
            <field>DEPOSIT.CCY</field>
            <desc>
                <p>Currency of the deposit component.</p>
                <p>Validation Rules:</p>
                <p>
                    <p value="1">TYPE CCY</p>
                </p>
            </desc>
        </t>
        <t>
            <field>DEPOSIT.AMT</field>
            <desc>
                 <p>Principal for the deposit component.</p>
                <p>Validation Rules:</p>
                <p>
                    <p value="1">TYPE AMT</p>
                </p>
            </desc>
        </t>
        <t>
            <field>DEPOSIT.BASE.INT</field>
            <desc>
                <p>Base amount is used to compute the interest rate for the deposit amount</p>
            </desc>
        </t>
        <t>
            <field>DEPOSIT.SPREAD</field>
            <desc>
                <p>Spread is used to compute the interest rate of the deposit amount.</p>
            </desc>
        </t>
        <t>
            <field>DEPOSIT.INT</field>
            <desc>
                <p>The interest rate for the deposit would be sum of the base interest and spread. The Interest % for the deposit or a PI Key for floating rates. Deposit spread .</p>
                <p>Validation Rules:</p>
                <p>
                    <p value="1">Should not accept null value</p>
                </p>
            </desc>
        </t>
        <t>
            <field>DEP.ACCOUNT</field>
            <desc>
                <p>Account from where funds are to be taken for the Deposit.  This will have to be in the deposit currency.  This will also be the account where deposit proceeds are credited on Maturity. </p>
                <p>Validation Rules:</p>
                <p>
                    <p value="1">Account currency should be same as deposit currency</p>
                    <p value="2">Account should be belongs to the customer</p>
                </p>
            </desc>
        </t>
        <t>
            <field>DEP.INT.AMT</field>
            <desc>
                <p>Interest amount is calculated for the deposit and updated in this field. .</p>
            </desc>
        </t>
        <t>
            <field>DEP.DAY.BASIS</field>
            <desc>
                <p>The day basis for calculating interest on the deposit.  Will default from SY.PRODUCT.DEFINITION.</p>
                <p>Validation Rules:</p>
                <p>
                    <p value="1">The field should accept the following interest day basis "A_B_C_D_E_F_S_W_E1_W1_G"..</p>
                </p>
            </desc>
        </t>
        <t>
            <field>DEP.INT.KEY</field>
            <desc>
                <p>This is the ID of the PERIODIC.INTEREST table. This table holds the floating interest rates for various tenors.</p>
                <p>Validation Rules:</p>
                <p>
                    <p value="1">Should be valid one</p>
                </p>
            </desc>
        </t>
        <t>
            <field>LOAN.CATEGORY</field>
            <desc>
                 <p>This field holds the category for the loan component.Default the value from variant if variant is linked, if not, default the value from PRODUCT.DEFINITION, if not defined in the product definition, user needs to key in the value </p>
                <p>Validation Rules:</p>
                <p>
                    <p>Value should be between 21050...21074 </p>
                </p>
            </desc>
        </t>
        <t>
            <field>LOAN.CCY</field>
            <desc>
                <p> Currency of the loan component.</p>
                <p>Validation Rules:</p>
                <p>
                    <p value="1">TYPE CCY</p>
                </p>
            </desc>
        </t>
        <t>
            <field>LOAN.AMT</field>
            <desc>
                <p>The loan principal amount in LOAN.CCY. The underlying Money Market loan contract would be created for this amount.</p>
                <p>Validation Rules:</p>
                <p>
                    <p>value="1">TYPE CCY  </p>
                </p>
            </desc>
        </t>
        <t>
            <field>LOAN.BASE.INT</field>
            <desc>
                <p>Base interest rate for the loan.Base interest rate for the loan.</p>
            </desc>
        </t>
        <t>
            <field>LOAN.SPREAD</field>
            <desc>
                <p>Margin/Spread  to be added/subtracted to the base rate. A positive value would add to the base interest, while a negative value would reduce from the base interest rate.
        </p>
            </desc>
        </t>
        <t>
            <field>LOAN.LIQ.ACCOUNT</field>
            <desc>
                <p>The account in which the Loan amount is credited.  If the currency of this account is different from the Loan ccy, then T24 would convert the Loan maturity amount to this currency and credit to the customer.  This will also be the account from where loan maturity value is debited on the maturity date.
.</p>
            </desc>
        </t>
        <t>
            <field>LOAN.INT</field>
            <desc>
                <p>The interest rate for the loan would be sum of the base interest and spread. In case a PI key is input, then the interest rate is derived from the PERIODIC.INTEREST table</p>
                <p>Validation Rules:</p>
                <p>
                    <p value="1">Should not accept null value</p>
                </p>
            </desc>
        </t>
        <t>
            <field>LOAN.INT.AMT</field>
            <desc>
               <p>Interest amount calculated for the loan is updated in this field. </p>
            </desc>
        </t>
        <t>
            <field>LOAN.DAY.BASIS</field>
            <desc>
                 <p>The day basis used for calculating interest on the loan. Will default from SY.PRODUCT.DEFINITION </p>
                <p>Validation Rules:</p>
                <p>
                    <p value="1">The field should accept the following interest day basis "A_B_C_D_E_F_S_W_E1_W1_G"..</p>
                </p>
            </desc>
        </t>
        <t>
            <field>SPOT.RATE</field>
            <desc>
                <p>Exchange rate between the currencies on the Trade date</p>
            </desc>
        </t>
        <t>
            <field>LOAN.PI.KEY</field>
            <desc>
                <p>This is the ID of the PERIODIC.INTEREST table. This table holds the interest rates for various tenors. </p>
                <p>Validation Rules:</p>
                <p>
                    <p value="1">Should be valid one, exist in PERIODIC.INTEREST</p>
                </p>
            </desc>
        </t>
        <t>
            <field>SUPPRESS.UNDERLYING</field>
            <desc>
                <p>A value of Yes in this field, indicates that the underlying MM contract creation should be suppressed. In such cases the underlying components would be manually created or via a interface and linked to the strucuture.</p>
            </desc>
        </t>
        <t>
            <field>AUTO.ROLLOVER.TERM</field>
            <desc>
                <p>Frequency for Rollover.</p>
            </desc>
        </t>
        <t>
            <field>ROLLOVER.TYPE</field>
            <desc>
                <p>"The drop down would contain the following values, Principal only rollover or Principal + Interest rollover For both Auto and Manual rollover, this definition would be used.</p>
            </desc>
        </t>
        <t>
            <field>MANUAL.ROLLOVER</field>
            <desc>
                <p>This field will have the following drop down values , Extend Maturity or Rollover Initially this field would be blank- when the contract needs to be rolled over, user needs to select from the drop down. If this field is set then the maturity date field can be amended (extended) to a later maturity date.If set to Extend Maturity the contract would be extended without any change in the terms of the contract. i.e. Same  If set to 'Rollover', this will flag the contract for manual rollover.</p>
            </desc>
        </t>
        <t>
            <field>ROLLOVER.DATE</field>
            <desc>
                <p>This will default to the MATURITY.DATE (before the rollover). No input field.</p>
            </desc>
        </t>
        <t>
            <field>DEP.PRIN.ADJUST</field>
            <desc>
                <p>Adjustment to the deposit principal can be made through this field. Decrease in principal should be denoted by negative sign. Adjusted principal would be effective from the ROLLOVER.DATE.</p>
            </desc>
        </t>
        <t>
            <field>DEP.NEW.INT.RATE</field>
            <desc>
                <p>This is the new deposit interest rate. System will default the deposit interest rate. This can be amended by user. New interest rate would be effective from the ROLLOVER.DATE</p>
            </desc>
        </t>
        <t>
            <field>DEP.ADJ.EFF.DATE</field>
            <desc>
                <p>Deposit principal adjustment effective date. </p>
            </desc>
        </t>
        <t>
            <field>LOAN.NEW.INT.RATE</field>
            <desc>
                <p>This is the new loan interest rate. System will default the loan interest rate. This can be amended by the user. The new interest rate would be effective from the ROLLOVER.DATE</p>
            </desc>
        </t>
        <t>
            <field>LN.ADJ.EFF.DATE</field>
            <desc>
                <p>Loan principal adjustment effective date</p>
            </desc>
        </t>
        <t>
            <field>FINAL.MATURITY.DATE</field>
            <desc>
                <p>This field used to define a final maturity date for a fixed term contract subject to Auto Rollover.</p>
                <p>The final maturity date can only be greater than the maturity date if the contract is set for auto rollover.</p>
            <p>When the final maturity date is reached the contract will stop rolling over automatically and will mature.</p>
            </desc>
        </t>
        <t>
            <field>EARLY.MATURITY.DATE</field>
            <desc>
                <p>In case of pre-closure, the early maturity date can be updated in this field.</p>
            </desc>
        </t>
        <t>
            <field>UNWIND.CHG.CCY</field>
            <desc>
                <p>If penalty needs to be applied for preclosure , the currency of the penalty amount can be defined here.</p>
            </desc>
        </t>
        <t>
            <field>UNWIND.CHG.AMT</field>
            <desc>
                <p>The penalty amount for pre-closure can be defined in this field.</p>
            </desc>
        </t>
        <t>
            <field>UNWIND.CHG.ACC</field>
            <desc>
                <p>Account used to debit the penalty can be specified here. The penalty debited will be posted to UNWIND.PL.CATEG defined is SY.PRODUCT.DEFINITION</p>
            </desc>
        </t>

        <t>
            <field>DEALER.DESK</field>
            <desc>
                <p>The value given here will be defaulted to DEALER.DESK field in SY.TRANSACTION.</p>
            </desc>
        </t>
        <t>
            <field>REMARKS</field>
            <desc>
                <p>Free text narrative field. User can input any remarks here..</p>
            </desc>
        </t>
        <t>
            <field>CLIENT.CONT.REFER</field>
            <desc>
                <p>This field can be used to record client contact/Call back details.</p>
            </desc>
        </t>
        <t>
            <field>FX.DEAL.REFERENCE</field>
            <desc>
                <p>This is a multi value field, where the FX deal reference can be stored. This would be used for reporting and reconciliation purposes. If there is additional FX, at the time of rollover, the field can be multivalued and reference of the additional FX deal can be stored.</p>
            </desc>
        </t>
        <t>
            <field>EXTERNAL.REF</field>
            <desc>
                <p>This is a free format text field were user can given their own reference..</p>
            </desc>
        </t>
        <t>
            <field>SY.TRANSACTION.REF</field>
            <desc>
                <p>This field is updated with SY.TRANSACTION ID.
        .</p>
            </desc>
        </t>
        <t>
            <field>UNDERLYING.REF</field>
            <desc>
                <p>This field will hold the underlying MM contract ids</p>
            </desc>
        </t>
        <t>
            <field>SY.DX.REFERENCE</field>
            <desc>
                <p></p>
                <p>Validation Rules:</p>
                <p>
                    <p value="1">This is a free text field which holds a reference. The same reference will be available in its underlying also. Updates SY.DX.LINK.FILE.</p>
                    <p>This is critical field and mandatory if the field SUPPRESS.UNDERLYING in SY.PRODUCT.DEFINITION is set as YES.  This is the common reference that will link the SY deal with the underlying MM Loan and Deposit</p>
                </p>
            </desc>
        </t>
        <t>
            <field>NEXT.DEP.INT.AMT</field>
            <desc>
                <p>Contains the interest amount for the next interest period for rolled over FIXED term contracts with interest settlement , or the interest amount for the current period when the maturity date of a Fixed term contract is extended .</p>
                <p>Validation Rules:</p>
                <p>
                    <p>Standard amount field No Input Allowed</p>
                </p>
            </desc>
        </t>
        <t>
            <field>NEXT.DEPOSIT.AMT</field>
            <desc>
                <p>Contains the new DEPOSIT Amount when a Fixed term contract is rolled over.</p>
                <p>Validation Rules:</p>
                <p>
                    <p>Standard amount field No Input Allowed</p>
                </p>
            </desc>
        </t>
        <t>
            <field>NEXT.LOAN.INT.AMT</field>
            <desc>
                <p>Contains the interest amount for the next interest period for rolled over FIXED term contracts with interest settlement , or the interest amount for the current period when the maturity date of a Fixed term contract is extended </p>
                <p>Validation Rules:</p>
                <p>
                    <p>Standard amount field No Input Allowed</p>
                </p>
            </desc>
        </t>
        <t>
            <field>NEXT.LOAN.AMT</field>
            <desc>
                <p>Contains the new LOAN Amount when a Fixed term contract is rolled over..</p>
                <p>Validation Rules:</p>
                <p>
                    <p>Standard amount field No Input Allowed</p>
                </p>
            </desc>
        </t>
        <t>
            <field>RESERVED.15</field>
            <desc>
                <p>Reserved for future use.</p>
                <p>Validation Rules:</p>
                <p>
                    <p value="1">NOINPUT field</p>
                </p>
            </desc>
        </t>
        <t>
            <field>RESERVED.14</field>
            <desc>
                <p>Reserved for future use.</p>
                <p>Validation Rules:</p>
                <p>
                    <p value="1">NOINPUT field</p>
                </p>
            </desc>
        </t>
        <t>
            <field>RESERVED.13</field>
            <desc>
                <p>Reserved for future use.</p>
                <p>Validation Rules:</p>
                <p>
                    <p value="1">NOINPUT field</p>
                </p>
            </desc>
        </t>
        <t>
            <field>RESERVED.12</field>
            <desc>
                <p>Reserved for future use.</p>
                <p>Validation Rules:</p>
                <p>
                    <p value="1">NOINPUT field</p>
                </p>
            </desc>
        </t>
        <t>
            <field>RESERVED.11</field>
            <desc>
                <p>Reserved for future use.</p>
                <p>Validation Rules:</p>
                <p>
                    <p value="1">NOINPUT field</p>
                </p>
            </desc>
        </t>
        <t>
            <field>RESERVED.10</field>
            <desc>
                <p>Reserved for future use.</p>
                <p>Validation Rules:</p>
                <p>
                    <p value="1">NOINPUT field</p>
                </p>
            </desc>
        </t>
        <t>
            <field>RESERVED.09</field>
            <desc>
                <p>Reserved for future use.</p>
                <p>Validation Rules:</p>
                <p>
                    <p value="1">NOINPUT field</p>
                </p>
            </desc>
        </t>
        <t>
            <field>RESERVED.08</field>
            <desc>
                <p>Reserved for future use.</p>
                <p>Validation Rules:</p>
                <p>
                    <p value="1">NOINPUT field</p>
                </p>
            </desc>
        </t>
        <t>
            <field>RESERVED.07</field>
            <desc>
                <p>Reserved for future use.</p>
                <p>Validation Rules:</p>
                <p>
                    <p value="1">NOINPUT field</p>
                </p>
            </desc>
        </t>
        <t>
            <field>RESERVED.06</field>
            <desc>
                <p>Reserved for future use.</p>
                <p>Validation Rules:</p>
                <p>
                    <p value="1">NOINPUT field</p>
                </p>
            </desc>
        </t>
        <t>
            <field>RESERVED.05</field>
            <desc>
                <p>Reserved for future use.</p>
                <p>Validation Rules:</p>
                <p>
                    <p value="1">NOINPUT field</p>
                </p>
            </desc>
        </t>
        <t>
            <field>RESERVED.04</field>
            <desc>
                <p>Reserved for future use.</p>
                <p>Validation Rules:</p>
                <p>
                    <p value="1">NOINPUT field</p>
                </p>
            </desc>
        </t>
        <t>
            <field>RESERVED.03</field>
            <desc>
                <p>Reserved for future use.</p>
                <p>Validation Rules:</p>
                <p>
                    <p value="1">NOINPUT field</p>
                </p>
            </desc>
        </t>
        <t>
            <field>RESERVED.02</field>
            <desc>
                <p>Reserved for future use.</p>
                <p>Validation Rules:</p>
                <p>
                    <p value="1">NOINPUT field</p>
                </p>
            </desc>
        </t>
        <t>
            <field>RESERVED.01</field>
            <desc>
                <p>Reserved for future use.</p>
                <p>Validation Rules:</p>
                <p>
                    <p value="1">NOINPUT field</p>
                </p>
            </desc>
        </t>
    </menu>
</t24help>
