<?xml version="1.0" encoding="utf-8"?>
<t24help>
<header>
<product>PO</product>
<table>AC.ACCOUNT.SWEEP.ERROR</table>
</header>
<overview>
<ovdesc>

        <p data-mc-conditions="DOCTYPES.Helptext">
            <p>OVERVIEW</p>
            <p>This table holds the sweep transaction rejected by the system on account of insufficient balance in the account or any other account level restrictions like 'POST NO ENTRIES', 'LOCKED EVENTS', etc when accounting is called in SNP mode at the time of executing the sweep. The accounting mode is to be defined in the field ACCT.MODE in the record of AC.SWEEP.TYPE.</p>
            <p>System maintained table.</p>
            <p>&#160;</p>
        </p>
    </ovdesc>
<ovimage></ovimage>
</overview>
<menu>
<t>
<field>SWEEP.ID</field>
<desc>
            <p>Holds the AC.CASH.POOL record id of the failed sweep. </p>
            <p>&#160;</p>
        </desc>
</t>
<t>
<field>REJ.REASON.1</field>
<desc>
            <p>Holds the overrides/errors messages encountered which led to the rejection of the sweep.</p>
        </desc>
</t>
<t>
<field>CR.ACCT.NO</field>
<desc>
            <p>Holds the credit account of the failed sweep.</p>
        </desc>
</t>
<t>
<field>DR.ACCT.NO</field>
<desc>
            <p>Holds the debit account of the failed sweep.</p>
        </desc>
</t>
<t>
<field>EXEC.DATE</field>
<desc>
            <p>Holds the date on which the sweep was taken up for process but rejected by the system, on account of overrides/errors encountered. </p>
        </desc>
</t>
<t>
<field>SWEEP.AMT</field>
<desc>
            <p>Holds the amount of the failed sweep.</p>
        </desc>
</t>
<t>
<field>SWEEP.TYPE</field>
<desc>
            <p>Holds the value defined in the field RULE of the record in AC.CASH.POOL associated with the failed sweep.</p>
            <p>&#160;</p>
        </desc>
</t>
</menu>
</t24help>

