<?xml version="1.0" encoding="utf-8"?>
<t24help>
<header>
<product>PO</product>
<table>AC.AUTO.SWEEP.SCHD</table>
</header>
<overview>
<ovdesc>

            <p>This Application contains the cash pool group id's which are scheduled for
 various time. This application is updated on Inputting the sweep time details in
 INTRA.DAY.SWEEP.</p>
            <p />
        </ovdesc>
<ovimage></ovimage>
</overview>
<menu>
<t>
<field>AC.GROUP.IDS</field>
<desc>
            <p>This contains the cash pool group id's which are scheduled for the time
 available in the ID.</p>
        </desc>
</t>
<t>
<field>SWEEP.TIME</field>
<desc>
            <p>This application has the list of Cash pool groups which are scheduled for a
 time.</p>
            <p />
        </desc>
</t>
</menu>
</t24help>

