<?xml version="1.0" encoding="utf-8"?>
<t24help>
<header>
<product>PO</product>
<table>AC.CASH.POOL.LINK</table>
</header>
<overview>
<ovdesc>

            <p>The AC.CASH.POOL.LINK file is maintained by AC.CASH.POOL (used to record 'rules' which will be checked against to see if a transfer of funds needs to be made from one account to another). This file record each individual rule and details the amounts and frequency dates.</p>
            <p>Since the System maintains this file it there is no user intervention. All changes are made on the AC.CASH.POOL record.</p>
            <p />
        </ovdesc>
<ovimage></ovimage>
</overview>
<menu>
<t>
<field>LIST.ID</field>
<desc>
            <p>The record id of the AC.CASH.POOL.LINK is a standard T24 transaction reference type. It is created by the system when the AC.CASH.POOL record is authorised.</p>
            <p>
                <p>Validation Rules:</p>
            </p>
            <p />
            <p>System maintained</p>
        </desc>
</t>
<t>
<field>INT.LIQ.ACCT</field>
<desc>
            <p>Help Text for this field is unavailable.  Please refer to the T24 User Guides for further information.</p>
        </desc>
</t>
<t>
<field>FREQUENCY</field>
<desc>
            <p>Contains the FREQUENCY from AC.CASH.POOL, see HELPTEXT on that field for details.</p>
            <p>
                <p>Validation Rules:</p>
            </p>
            <p />
            <p>System maintained - no user input</p>
        </desc>
</t>
<t>
<field>DR.NARR.TXT</field>
<desc>
            <p>Contains the DR.NARR.TXT from AC.CASH.POOL, see HELPTEXT on that field for details.</p>
            <p>
                <p>Validation Rules:</p>
            </p>
            <p />
            <p>System maintained - no user input</p>
        </desc>
</t>
<t>
<field>MIN.TFR.CR</field>
<desc>
            <p>Help Text for this field is unavailable.  Please refer to the T24 User Guides for further information.</p>
        </desc>
</t>
<t>
<field>SWEEP.TYPE</field>
<desc>
            <p>Contains the RULE from AC.CASH.POOL, see HELPTEXT on that field for details.</p>
            <p>
                <p>Validation Rules:</p>
            </p>
            <p />
            <p>System maintained - no user input</p>
        </desc>
</t>
<t>
<field>INTEREST.KEY</field>
<desc>
            <p>Help Text for this field is unavailable.  Please refer to the T24 User Guides for further information.</p>
        </desc>
</t>
<t>
<field>OVERRIDE.PERCNT</field>
<desc>
            <p>Contains the OVERRIDE.PERCNT from AC.CASH.POOL, see HELPTEXT on that field for details.</p>
            <p>
                <p>Validation Rules:</p>
            </p>
            <p />
            <p>System maintained - no user input</p>
        </desc>
</t>
<t>
<field>SEQUENCE.PRIORITY</field>
<desc>
            <p>Help Text for this field is unavailable.  Please refer to the T24 User Guides for further information.</p>
        </desc>
</t>
<t>
<field>SEQUENCE</field>
<desc>
            <p>Contains the SEQUENCE from AC.CASH.POOL, see HELPTEXT on that field for details.</p>
            <p>
                <p>Validation Rules:</p>
            </p>
            <p />
            <p>System maintained - no user input</p>
        </desc>
</t>
<t>
<field>MM.CONTRACT</field>
<desc>
            <p>Help Text for this field is unavailable.  Please refer to the T24 User Guides for further information.</p>
        </desc>
</t>
<t>
<field>FROM.AC.BAL.TYPE</field>
<desc>
            <p>Help Text for this field is unavailable.  Please refer to the T24 User Guides for further information.</p>
        </desc>
</t>
<t>
<field>NEXT.RUN.DATE</field>
<desc>
            <p>Contains next date that the cashpool sweep will run this record</p>
            <p>
                <p>Validation Rules:</p>
            </p>
            <p />
            <p>System maintained - no user input</p>
        </desc>
</t>
<t>
<field>DESCRIPTION</field>
<desc>
            <p>Details which AC.CASH.POOL record created this record.</p>
            <p>
                <p>Validation Rules:</p>
            </p>
            <p />
            <p>System maintained - no user input</p>
        </desc>
</t>
<t>
<field>BACK.VALUE.IND</field>
<desc>
            <p>Help Text for this field is unavailable.  Please refer to the T24 User Guides for further information.</p>
        </desc>
</t>
<t>
<field>MULTI.RULE</field>
<desc>
            <p>Help Text for this field is unavailable.  Please refer to the T24 User Guides for further information.</p>
        </desc>
</t>
<t>
<field>SUB.GROUP.ID</field>
<desc>
            <p>Contains the SUB.GROUP.ID from AC.CASH.POOL, see HELPTEXT on that field for details.</p>
            <p>
                <p>Validation Rules:</p>
            </p>
            <p />
            <p>System maintained - no user input</p>
        </desc>
</t>
<t>
<field>SCHEDULE</field>
<desc>
            <p>Help Text for this field is unavailable.  Please refer to the T24 User Guides for further information.</p>
        </desc>
</t>
<t>
<field>LAST.RUN.DATE</field>
<desc>
            <p>Help Text for this field is unavailable.  Please refer to the T24 User Guides for further information.</p>
        </desc>
</t>
<t>
<field>CASHFLOW.AMT</field>
<desc>
            <p>Contains the CASHFLOW.AMT from AC.CASH.POOL, see HELPTEXT on that field for details.</p>
            <p>
                <p>Validation Rules:</p>
            </p>
            <p />
            <p>System maintained - no user input</p>
        </desc>
</t>
<t>
<field>MIN.TFR.DR</field>
<desc>
            <p>Help Text for this field is unavailable.  Please refer to the T24 User Guides for further information.</p>
        </desc>
</t>
<t>
<field>UP.TO.AMOUNT</field>
<desc>
            <p>Contains the UP.TO.AMOUNT from AC.CASH.POOL, see HELPTEXT on that field for details.</p>
            <p>
                <p>Validation Rules:</p>
            </p>
            <p />
            <p>System maintained - no user input</p>
        </desc>
</t>
<t>
<field>TO.AC.BAL.TYPE</field>
<desc>
            <p>Help Text for this field is unavailable.  Please refer to the T24 User Guides for further information.</p>
        </desc>
</t>
<t>
<field>INTEREST.RATE</field>
<desc>
            <p>Help Text for this field is unavailable.  Please refer to the T24 User Guides for further information.</p>
        </desc>
</t>
<t>
<field>MAXIMUM.AMT</field>
<desc>
            <p>Help Text for this field is unavailable.  Please refer to the T24 User Guides for further information.</p>
        </desc>
</t>
<t>
<field>RULE.PRIORITY</field>
<desc>
            <p>Help Text for this field is unavailable.  Please refer to the T24 User Guides for further information.</p>
        </desc>
</t>
<t>
<field>EUCC.SOD.PROCESS</field>
<desc>
            <p>If the field contains the text "YES", this indicates that the cash pool link record is in the Euro currency conversion process.</p>
            <p>
                <p>Validation Rules:</p>
            </p>
            <p />
            <p>System maintained - no user input</p>
        </desc>
</t>
<t>
<field>INTEREST.SPREAD</field>
<desc>
            <p>Help Text for this field is unavailable.  Please refer to the T24 User Guides for further information.</p>
        </desc>
</t>
<t>
<field>ACCOUNT.FROM</field>
<desc>
            <p>Contains the ACCOUNT that the funds are being taken from.</p>
            <p>
                <p>Validation Rules:</p>
            </p>
            <p />
            <p>System maintained - no user input</p>
        </desc>
</t>
<t>
<field>ACCOUNT.TO</field>
<desc>
            <p>Contains the ACCOUNT that the funds are being sent to.</p>
            <p>
                <p>Validation Rules:</p>
            </p>
            <p />
            <p>System maintained - no user input</p>
        </desc>
</t>
<t>
<field>AGREGATE.BAL</field>
<desc>
            <p>Contains the AGREGATE.BAL from AC.CASH.POOL, see HELPTEXT on that field for details.</p>
            <p>
                <p>Validation Rules:</p>
            </p>
            <p />
            <p>System maintained - no user input</p>
        </desc>
</t>
<t>
<field>AMT.ROUTINE</field>
<desc>
            <p>Contains the AMT.ROUTINE from AC.CASH.POOL, see HELPTEXT on that field for details.</p>
            <p>
                <p>Validation Rules:</p>
            </p>
            <p />
            <p>System maintained - no user input</p>
        </desc>
</t>
<t>
<field>LINK.CURRENCY</field>
<desc>
            <p>Contains the CURRENCY of the Account.</p>
            <p>
                <p>Validation Rules:</p>
            </p>
            <p />
            <p>System maintained - no user input</p>
        </desc>
</t>
<t>
<field>CR.NARR.TXT</field>
<desc>
            <p>Contains the CR.NARR.TXT from AC.CASH.POOL, see HELPTEXT on that field for details.</p>
            <p>
                <p>Validation Rules:</p>
            </p>
            <p />
            <p>System maintained - no user input</p>
        </desc>
</t>
<t>
<field>OVERRIDE.AMT</field>
<desc>
            <p>Contains the OVERRIDE.AMT from AC.CASH.POOL, see HELPTEXT on that field for details.</p>
            <p>
                <p>Validation Rules:</p>
            </p>
            <p />
            <p>System maintained - no user input</p>
        </desc>
</t>
<t>
<field>MINIMUM.AMT</field>
<desc>
            <p>Help Text for this field is unavailable.  Please refer to the T24 User Guides for further information.</p>
        </desc>
</t>
<t>
<field>GROUP.ID</field>
<desc>
            <p>Contains the GROUP.ID from AC.CASH.POOL, see HELPTEXT on that field for details.</p>
            <p>
                <p>Validation Rules:</p>
            </p>
            <p />
            <p>System maintained - no user input</p>
        </desc>
</t>
<t>
<field>CATEGORY</field>
<desc>
            <p>Help Text for this field is unavailable.  Please refer to the T24 User Guides for further information.</p>
        </desc>
</t>
<t>
<field>UP.TO.PERCENT</field>
<desc>
            <p>This field specfies the percentage field to calculate the sweep amount on account balance based on sweep.</p>
            <p>
                <p>Validation Rules:</p>
            </p>
            <p />
            <p>System maintained - no user input</p>
        </desc>
</t>
</menu>
</t24help>

