<?xml version="1.0" encoding="utf-8"?>
<t24help>
<header>
<product>PO</product>
<table>AC.SHARED.ACCOUNT</table>
</header>
<overview>
<ovdesc></ovdesc>
<ovimage></ovimage>
</overview>
<menu>
<t>
<field>MAIN.ACCT</field>
<desc>
            <p>System field which contains the Group Account leader.  This is the account found in the MAIN.MASTER on the AC.CP.GROUP.PARAM record.</p>
            <p />
            <p>  Validation rules </p>
            <p />
            <p>  System field.  No Input </p>
        </desc>
</t>
<t>
<field>DEL.ACCT</field>
<desc>
            <p>Currently a no input field </p>
        </desc>
</t>
<t>
<field>DESCRIPTION</field>
<desc>
            <p> Currently a no input field </p>
            <p />
            <p>  Validation rules </p>
            <p />
        </desc>
</t>
<t>
<field>ACCT.LIST</field>
<desc>
            <p>System field showing the content of concat file.</p>
            <p />
            <p>
                <p>Validation Rules:</p>
            </p>
            <p />
            <p>  System field.  No Input.</p>
        </desc>
</t>
<t>
<field>ADD.ACCT</field>
<desc>
            <p>Currently a no input field </p>
            <p>  Validation rules</p>
            <p />
            <p />
        </desc>
</t>
<t>
<field>CP.ACCT</field>
<desc>
            <p>System field which contains accounts used in AC.CASH.POOL records linked to this group</p>
            <p />
            <p>
                <p>Validation Rules:</p>
            </p>
            <p />
            <p>  System field.  No input </p>
        </desc>
</t>
<t>
<field>CP.ID</field>
<desc>
            <p>System field contains the account which is mentioned in the cash pool ID.</p>
            <p />
            <p>
                <p>Validation Rules:</p>
            </p>
            <p />
            <p>  System field.  No input</p>
        </desc>
</t>
</menu>
</t24help>

