<?xml version="1.0" encoding="utf-8"?>
<t24help>
<header>
<product>PO</product>
<table>CORR.GROUP.CP</table>
</header>
<overview>
<ovdesc>

            <p>This is a live file which gets updated when adjustments happens to the sweeps which are already taken place. This happens when there is a change in the balance of the account because of some back value dated transactions.</p>
        </ovdesc>
<ovimage></ovimage>
</overview>
<menu>
<t>
<field>PERIOD.START.DATE</field>
<desc>
            <p>This field holds the back value date from which adjustment for the cash pool was started.</p>
        </desc>
</t>
<t>
<field>SWEEP.DATE</field>
<desc>
            <p>This is a multivalue field which holds the dates on which back value adjustment was done in the cash pool. The related information i.e. how much amount is adjusted and from which account to which account is held at corresponding sub value fields from ACCOUNT.FROM to TRAN.CODE</p>
        </desc>
</t>
<t>
<field>GROUP.ID</field>
<desc>
            <p>This field holds the cash pool link group id.</p>
        </desc>
</t>
<t>
<field>TRAN.AMOUNT</field>
<desc>
            <p>This field holds the amount for which back value adjustment was done in the cash pool.</p>
        </desc>
</t>
<t>
<field>K.PERCENTAGE</field>
<desc>
            <p>Help Text for this field is unavailable.  Please refer to the T24 User Guides for further information.</p>
        </desc>
</t>
<t>
<field>NETTING</field>
<desc>
            <p>This will hold the value which was there in the earlier swap</p>
        </desc>
</t>
<t>
<field>TRAN.CODE</field>
<desc>
            <p>This holds the transaction code that is used for the transfer of funds.</p>
        </desc>
</t>
<t>
<field>BACK.VAL.AMT</field>
<desc>
            <p>Help Text for this field is unavailable.  Please refer to the T24 User Guides for further information.</p>
        </desc>
</t>
<t>
<field>PERCENTAGE</field>
<desc>
            <p>This will hold the value which was there in the earlier swap</p>
        </desc>
</t>
<t>
<field>SWEEP.REF</field>
<desc>
            <p>Help Text for this field is unavailable.  Please refer to the T24 User Guides for further information.</p>
        </desc>
</t>
<t>
<field>PERIOD.END.DATE</field>
<desc>
            <p>Help Text for this field is unavailable.  Please refer to the T24 User Guides for further information.</p>
        </desc>
</t>
<t>
<field>HIST.KEY</field>
<desc>
            <p>Help Text for this field is unavailable.  Please refer to the T24 User Guides for further information.</p>
        </desc>
</t>
<t>
<field>PERIOD.DAYS</field>
<desc>
            <p>This field holds the number of days for which adjustment was done in the cash pool because of back value transaction.</p>
        </desc>
</t>
<t>
<field>KEY</field>
<desc>
            <p>Help Text for this field is unavailable.  Please refer to the T24 User Guides for further information.</p>
        </desc>
</t>
<t>
<field>@ID</field>
<desc>
            <p>This holds the account number to be back-valued, the value date of the back value transaction and sequence number.</p>
        </desc>
</t>
<t>
<field>ACCOUNT.FROM</field>
<desc>
            <p>This field holds the account number from which amount is debited corresponding to back value adjustment.</p>
        </desc>
</t>
<t>
<field>ACCOUNT.TO</field>
<desc>
            <p>This field holds the account number to which amount is credited corresponding to back value adjustment.</p>
        </desc>
</t>
<t>
<field>BACK.VAL.ADJ</field>
<desc>
            <p>This field contains the amount that was adjusted because of the back value transactions.</p>
        </desc>
</t>
</menu>
</t24help>

