<?xml version="1.0" encoding="utf-8"?>
<t24help>
<header>
<product>PO</product>
<table>INFO.GROUP.CP</table>
</header>
<overview>
<ovdesc>

            <p>This application is used to run the Cash Pooling on-line ,in Info mode, if the group
 permits. The user needs to enter the group name (id of AC.CP.GROUP.PARAM) or the
 sub-group name (also id of AC.CP.GROUP.PARAM).</p>
            <p>The run is invoked by using the V (verify) function at the action line,
 against a list of groups or via a Desktop menu/shortcut.</p>
        </ovdesc>
<ovimage></ovimage>
</overview>
<menu>
<t>
<field>SWEEP.TYPE</field>
<desc>
            <p>Help Text for this field is unavailable.  Please refer to the T24 User Guides for further information.</p>
        </desc>
</t>
<t>
<field>SEQ.NO</field>
<desc>
            <p>Help Text for this field is unavailable.  Please refer to the T24 User Guides for further information.</p>
        </desc>
</t>
<t>
<field>SWEEP.REF</field>
<desc>
            <p>Help Text for this field is unavailable.  Please refer to the T24 User Guides for further information.</p>
        </desc>
</t>
<t>
<field>SWEEP.DATE</field>
<desc>
            <p>Help Text for this field is unavailable.  Please refer to the T24 User Guides for further information.</p>
        </desc>
</t>
<t>
<field>SWEEP.AMT</field>
<desc>
            <p>Help Text for this field is unavailable.  Please refer to the T24 User Guides for further information.</p>
        </desc>
</t>
<t>
<field>POOL.BAL</field>
<desc>
            <p>Help Text for this field is unavailable.  Please refer to the T24 User Guides for further information.</p>
        </desc>
</t>
<t>
<field>ACCOUNT.BAL</field>
<desc>
            <p>Help Text for this field is unavailable.  Please refer to the T24 User Guides for further information.</p>
        </desc>
</t>
<t>
<field>AVAILABLE.CREDIT</field>
<desc>
            <p>Help Text for this field is unavailable.  Please refer to the T24 User Guides for further information.</p>
        </desc>
</t>
<t>
<field>GROUP.ID</field>
<desc>
            <p>The group.id (record id of AC.CP.GROUP.PARAM) of the sweep to be run.</p>
        </desc>
</t>
<t>
<field>OVERDRAFT</field>
<desc>
            <p>Help Text for this field is unavailable.  Please refer to the T24 User Guides for further information.</p>
        </desc>
</t>
</menu>
</t24help>

