<?xml version="1.0" encoding="utf-8"?>
<t24help>
<header>
<product>PO</product>
<table>REV.GROUP.CP</table>
</header>
<overview>
<ovdesc>

            <p>This application is used to Reverse out a sweep already run. The use of the V
 function and the group.id (from AC.CP.GROUP.PARAM) will reverse out the impact
 of a sweep process already run.</p>
        </ovdesc>
<ovimage></ovimage>
</overview>
<menu>
<t>
<field>GROUP.ID</field>
<desc>
            <p>The group.id (record id of AC.CP.GROUP.PARAM) of the sweep to be reversed.</p>
        </desc>
</t>
<t><field>DESCRIPTION</field><desc><p>Help Text for this field is unavailable.  Please refer to the T24 User Guides for further information.</p></desc></t><t><field>STMT.NOS</field><desc><p>Help Text for this field is unavailable.  Please refer to the T24 User Guides for further information.</p></desc></t><t><field>ID</field><desc><p>Help Text for this field is unavailable.  Please refer to the T24 User Guides for further information.</p></desc></t></menu>
</t24help>
