﻿<?xml version="1.0" encoding="utf-8"?>
<t24help>
<header>
<product>RLGAAP</product>
<table>COLLATERALIZED.BLOCKS</table>
</header>
<overview>
<ovdesc>

            <p>This application contains, by Portfolio and Security, any active blocks that have been placed by the SC.BLOCK.SEC.POS application for the US Market. Whenever a BLOCK is placed on a security position, this application will be updated with the ID of the block that was placed.</p>

            <p>If a BLOCK is to be removed, this application will be used to verify and display to the user what blocks currently exist for that security position. Once the user has selected the block to be removed, the ID of the block will be removed from this application.</p>

        </ovdesc>
<ovimage></ovimage>
</overview>
<menu>
<t>
<field>@ID</field>
<desc>
            <p>Consists of 2 values that identify the SECURITY.POSITION being blocked and the reason for the block.</p>
            <p>The ID of the SECURITY.POSITION being blocked is the same as the REFERENCE.NUMBER of the SECURITY.POSITION.  Please refer to the Helptext for the REFERENCE.NUMBER field of the SECURITY.POSITION</p>
	    <p></p>
	    <p>A value to indicate the type of block</p>
	    <p></p>
	    <p>a. If this field is blank, the block is being placed because the security is being used for collateral against bank borrowings</p>
	    <p></p>
	    <p>b. If this field has the word OTHER, the block is being place for a non-collateral reason</p>	
        </desc>
</t>


<t>
<field>NOM.BLOCK.ID</field>
<desc>
            <p>Indicates the ID of the SC.BLOCK.SEC.POS application of a block that is currently active on the system. </p>
        </desc>
</t>
</menu>
</t24help>