<t24help>
  <header>
    <product>RLGAAP</product>
    <title>Rolling Balance</title>
    <table>RLGAAP.ROLLING.BAL</table>
  </header>
  <overview>
    <ovdesc>
      <p>A live table to update Rolling balance on daily basis. The rolling period is defined in RLGAAP.PARAMETER.</p>
    </ovdesc>
    <ovimage>
    </ovimage>
  </overview>
  <menu>
    <t>
      <field>ID</field>
      <desc>
        <p>The Table will be updated through the COB process on daily basis. And the ID fOrmat will be LINE.NO-COMPANY.</p>
	<P></P>
      </desc>
    </t>
    <t>
      <field>ROLLING.BAL</field>
      <desc>
	<p>The rolling balance will be updated for the number of days set up in RLGAAP.PARAMETER table.</p>
      </desc>
    </t>
          
  </menu>
</t24help>