<t24help>
  <header>
    <product>RLGAAP</product>
    <title>RLGAAP Parameter</title>
    <table>RLGAAP.PARAMETER</table>
  </header>
  <overview>
    <ovdesc>
      <p>This local table contains the parameter setup for Related party transaction reports.</p>
    </ovdesc>
    <ovimage>
    </ovimage>
  </overview>
  <menu>
    <t>
      <field>PRODUCT.LINE</field>
      <desc>
        <p>The product name to be considered for the Related Party Transaction report.</p>
		<p>Validation: Mandatory, Multivalued Field.</p>
        <p>Valid AA.PRODUCT.LINE id.</p>
		<P>Text Field, Maximum Alpha 8 Characters.</P>
	  </desc>
    </t>
	<t>
      <field>INTEREST.PROPERTY</field>
      <desc>
        <p>The interest property to be considered for interest income and interest expense for the Related Party Transaction report.</p>
	<p>Validation: Mandatory, Multivalued Field.</p>
        <p>Valid AA.PROPERTY record.</p>
	<P>Text Field, Maximum Alpha 30 Characters.</P>
      </desc>
    </t>
    <t>
      <field>ROLL.PERIOD</field>
      <desc>
        <p>This field is used to mention the number of days from which the average GL balance is to be calculated for the applicable GL lines and rolling average balance</p>
	<p>Field type as Numeric and Field length as 3 characters.</p>
     </desc>
    </t>
    <t>
      <field>FEE.TO.EXCLUDE</field>
      <desc>
        <p>To update the fees that are to be excluded from the calculation of unearned income under Collateral Type Report.</p>
       </desc>
    </t>

    <t>
      <field>CASH.COLL.TYPE</field>
      <desc>
        <p>To specify the list of Cash type of collaterals which has to be excluded from the calculation of Loan To Value.</p>
	</desc>
    </t>
  </menu>
</t24help>