<t24help>
  <header>
    <product>UTILTY</product>
    <title>Single Life Expectancy</title>
    <table>USIRAC.SINGLE.LIFE.EXP</table>
  </header>
  <overview>
    <ovdesc>
      <p>Table to store the Life expectancy factor</p>
      <p></p>
    </ovdesc>
    <ovimage>
    </ovimage>
  </overview>
  <menu>
    <t>
      <field>LIFE.EXPECTANCY</field>
      <desc>
        <p>This field shows the life expectancy of IRA participants</p>
        <p>Mandatory Field, Text Field</p>
        <p>5 digits is inclusive of decimal points</p>
        <p>For example 70.50, 20.60</p>
      </desc>
    </t>
    <t>
      <field>DISTIB.PERIOD</field>
      <desc>
	<p>This field shows the Distribution Period to be used for RMD calculation for unmarried IRA participants or with many beneficiaries</p>
        <p>Mandatory Field, Text Field</p>
        <p>5 digits is inclusive of decimal points</p>
        <p>For example 70.50, 20.60</p>
      </desc>
    </t>    
  </menu>
</t24help>