<t24help>
  <header>
    <product>UTILTY</product>
    <title>Parameter table for IRA</title>
    <table>USIRAC.PARAMETER</table>
  </header>
  <overview>
    <ovdesc>
      <p>IRA Parameter Table</p>
      <p></p>
    </ovdesc>
    <ovimage>
    </ovimage>
  </overview>
  <menu>
    <t>
      <field>DESCRIPTION</field>
      <desc>
        <p>Description of the record</p>
        <p>Mandatory Field</p>
        <p>Text Field</p>
      </desc>
    </t>  
    <t>
      <field>MAX.CONTRIB</field>
      <desc>
        <p>This field specifies the maximum contribution amount for participant lesser than 50 years of age</p>
        <p>Mandatory Field</p>
        <p>Standard T24 AMOUNT field</p>
        <p>Text Field</p>
        <p>For example 5500.00</p>
      </desc>
    </t>
    <t>
      <field>MAX.CONTRIB.50</field>
      <desc>
        <p>This field specifies the maximum contribution amount for participant greater than 50 years of age</p>
        <p>Mandatory Field</p>
        <p>Standard T24 AMOUNT field</p>
        <p>Text Field</p>
        <p>For example 6500.00</p>
      </desc>
    </t>    
    <t>
      <field>EMP.MAX.CONT</field>
      <desc>
        <p>This field specifies the maximum contribution amount for employee participant lesser than 50 years of age. This field is applicable only for SIMPLE IRA</p>
        <p>Optional Field</p>
        <p>Standard T24 AMOUNT field</p>
        <p>Text Field</p>
        <p>For example 12000.00</p>
      </desc>
    </t>    
    <t>
      <field>EMP.MAX.CONT.50</field>
      <desc>
        <p>This field specifies the maximum contribution amount for employee participant greater than 50 years of age. This field is applicable only for SIMPLE IRA</p>
        <p>Optional Field</p>
        <p>Standard T24 AMOUNT field</p>
        <p>Text Field</p>
        <p>For example 14500.00</p>
      </desc>
    </t>    
    <t>
      <field>CONTRB.END.DATE</field>
      <desc>
        <p>This field shows the contribution deadline for the previous year IRA subscription</p>
        <p>Mandatory Field</p>
        <p>Standard T24 DATE field</p>
        <p>Text Field</p>
        <p>For example 15th APR 2013</p>
      </desc>
    </t>    
    <t>
      <field>CONTRIB.CONCES</field>
      <desc>
        <p>This field shows the previous year contribution deadline</p>
        <p>Mandatory Field</p>
        <p>Standard T24 DATE field</p>
        <p>Text Field</p>
        <p>For example 15th APR 2013</p>
      </desc>
    </t>    
    <t>
      <field>REQ.BEGIN.AGE</field>
      <desc>
        <p>This field will indicate the minimum required age to withdraw from IRA accounts</p>
        <p>Optional Field</p>
        <p>Text Field</p>
        <p>Including 2 decimal points</p>
        <p>For example 70.5. or 55.10</p>
      </desc>
    </t>          
  </menu>
</t24help>