<t24help>
  <header>
    <product>UTILTY</product>
    <title>IRA Details</title>
    <table>USIRAC.1099R.PARAMETER</table>
  </header>
  <overview>
    <ovdesc>
      <p>Parameter table IRA Reports</p>
      <p></p>
    </ovdesc>
    <ovimage>
    </ovimage>
  </overview>
  <menu>
    <t>
      <field>TRANS.CODE</field>
      <desc>
        <p>Transaction Code for the IRA Transaction</p>
        <p>T24 TRANSACTION</p>
        <p>Associated Multi value Field</p>
        <p>Should be a valid record in TRANSACTION</p>
      </desc>
    </t>  
    <t>
      <field>DISTRIBUTION.CODE</field>
      <desc>
        <p>Shows the IRA Distribution code</p>
        <p>Alpha Numeric Field</p>
        <p>Associated multivalue field</p>
      </desc>
    </t>
    <t>
      <field>TRANS.DESC</field>
      <desc>
        <p>Shows the description for the distrubution code</p>
        <p>Text Field</p>
        <p>Associated multivalue field</p>
      </desc>
    </t>    
    <t>
      <field>TAX.PROPERTY</field>
      <desc>
        <p>Shows the property for Withdrawal Charge</p>
        <p>Alpha Numeric Field</p>
        <p>Should be a valid record in AA.PROPERTY</p>
      </desc>
    </t> 
  </menu>
</t24help>