<t24help>
  <header>
    <product>UTILTY</product>
    <title>IRA Details</title>
    <table>USIRAC.IRA.DETAILS</table>
  </header>
  <overview>
    <ovdesc>
      <p>Live Table to store the IRA contribution and withdrawal details</p>
      <p></p>
    </ovdesc>
    <ovimage>
    </ovimage>
  </overview>
  <menu>
    <t>
      <field>IRA.TYPE</field>
      <desc>
        <p>Type of the IRA record.</p>
        <p>Updated from the Account Title of the IRA</p>
        <p>Text Field</p>
      </desc>
    </t>  
    <t>
      <field>CONTRIBUTION</field>
      <desc>
        <p>Shows the IRA contribution made for the current year</p>
        <p>Standard T24 AMOUNT field</p>
        <p>Defaulted or value added with CREDIT.AMOUNT from the contribution transactions made to IRA for the current year</p>
      </desc>
    </t>
    <t>
      <field>PREV.CONTRIBUTION</field>
      <desc>
        <p>Shows the IRA contribution made for the previous year</p>
        <p>Standard T24 AMOUNT field</p>
        <p>Defaulted or value added with CREDIT.AMOUNT from the contribution transactions made to IRA for the previous year</p>
      </desc>
    </t>    
    <t>
      <field>ROLLOVER</field>
      <desc>
        <p>Shows the rollover contribution made for the year</p>
        <p>Standard T24 AMOUNT field</p>
        <p>Defaulted or value added with CREDIT.AMOUNT from the rollover transactions made to IRA for the current year</p>
      </desc>
    </t>    
    <t>
      <field>PREV.ROLLOVER</field>
      <desc>
        <p>Shows the IRA rollover contribution made for the previous year</p>
        <p>Standard T24 AMOUNT field</p>
        <p>Defaulted or value added with CREDIT.AMOUNT from the rollover transactions made to IRA for the previous year</p>
      </desc>
    </t>    
    <t>
      <field>RECHARACTERIZATION</field>
      <desc>
        <p>Shows the recharacterization contribution made for the year</p>
        <p>Standard T24 AMOUNT field</p>
        <p>Defaulted or value added with CREDIT.AMOUNT from the recharacterization transactions made to IRA for the current year</p>
      </desc>
    </t>    
    <t>
      <field>PREV.RECHARACTERIZATION</field>
      <desc>
        <p>Shows the IRA recharacterization contribution made for the previous year</p>
        <p>Standard T24 AMOUNT field</p>
        <p>Defaulted or value added with CREDIT.AMOUNT from the recharacterization transactions made to IRA for the previous year</p>
      </desc>
    </t>    
    <t>
      <field>CONVERSION</field>
      <desc>
        <p>Shows the conversion contribution made for the year</p>
        <p>Standard T24 AMOUNT field</p>
        <p>Defaulted or value added with CREDIT.AMOUNT from the conversion transactions made to IRA for the current year</p>
      </desc>
    </t> 
    <t>
      <field>PREV.CONVERSION</field>
      <desc>
        <p>Shows the IRA conversion contribution made for the previous year</p>
        <p>Standard T24 AMOUNT field</p>
        <p>Defaulted or value added with CREDIT.AMOUNT from the conversion transactions made to IRA for the previous year</p>
      </desc>
    </t> 
    <t>
      <field>PREV.DEPOSITS</field>
      <desc>
        <p>Shows the deposits made to the IRA for the previous year</p>
        <p>Standard T24 AMOUNT field</p>
        <p>Defaulted or value added with CREDIT.AMOUNT from the all the deposit transactions made to IRA for the current year</p>
        <p>Value in this field is cleared during year end cob</p>
      </desc>
    </t> 
    <t>
      <field>EMPLOYER.DEPOSITS</field>
      <desc>
        <p>Shows the deposits made to the IRA by the employer for the current year</p>
        <p>Standard T24 AMOUNT field</p>
        <p>Defaulted or value added with CREDIT.AMOUNT from the all the deposit transactions made to IRA for the current year when the employer flag is set to Yes</p>
      </desc>
    </t> 
    <t>
      <field>PREV.EMP.DEPOSITS</field>
      <desc>
        <p>Shows the deposits made to the IRA by the employer for the previous year</p>
        <p>Standard T24 AMOUNT field</p>
        <p>Defaulted or value added with CREDIT.AMOUNT from the all the deposit transactions made to IRA for the previous year when the employer flag is set to Yes</p>
      </desc>
    </t> 
    <t>
      <field>PREV.EMP.CONTRIB</field>
      <desc>
        <p>Shows the deposits made to the IRA by the employer for the previous year</p>
        <p>Standard T24 AMOUNT field</p>
        <p>Defaulted or value added with CREDIT.AMOUNT from the all the deposit transactions made to IRA for the previous year when the employer flag is set to Yes</p>
        <p>Value in this field is cleared during year end cob</p>
      </desc>
    </t> 
    <t>
      <field>RMD</field>
      <desc>
        <p>The Required Minimum Distribution of the IRA</p>
        <p>The field is updated in year end cob after the required begin date</p>
        <p>Standard T24 AMOUNT field</p>
      </desc>
    </t> 
    <t>
      <field>RMD.DATE</field>
      <desc>
        <p>shows the IRA participants required begin date</p>
        <p>Standard T24 Date format</p>
        <p>Default date should be equal to REQ.BEGIN.AGE parameterized age of IRA participant</p>
        <p>For example</p>
        <p>REQ.BEGIN.AGE = 70.5</p>
        <p>DATE.OF.BIRTH = 27 NOV 1950</p>
        <p>SYSTEM.DATE = 27 MAR 2013</p>
        <p>So required begin date would be defaulted with 27 MAY 2021</p>
        <p>That is IRA participants 70.5 years of age</p>
      </desc>
    </t>          
  </menu>
</t24help>