<t24help>
  <header>
    <product>INGAAP</product>
    <title>INGAAP.OFFBAL.SUMMARY</title>
    <table>INGAAP.OFFBAL.SUMMARY</table>
  </header>
  <overview>
    <ovdesc>
      <p>This table is used to store and maintain the Unrealized P&L, Nominal Amount and Outstanding Contracts from the application likes Derivatives, Swap, FX forward contracts and FRA</p>
      <p></p>
     
    </ovdesc>
    <ovimage>
    </ovimage>
  </overview>
  <menu>
    <t>
      <field>ASST.NOMINAL.AMT</field>
      <desc>
        <p>This field is used to store the contract amount if there is unrealised profit for the contract</p> 	
      </desc>
    </t>
    
	<t>
      <field>ASST.UNREAL.PL</field>
      <desc>
        <p>This field is used to store the unrealised profit amount of the contract</p>  		
      </desc>
    </t>
    <t>
      <field>ASST.CONTRACTS</field>
      <desc>
        <p>This field is used to store the total number of contract which has unrealised profit</p>  		
      </desc>
    </t>
	<t>
      <field>LIAB.NOMINAL.AMT</field>
      <desc>
        <p>This field is used to store the contract amount if there is unrealised loss for the contract</p>  		
      </desc>
    </t>
	<t>
      <field>LIAB.UNREAL.PL</field>
      <desc>
        <p>This field is used to store the unrealised loss amount of the contract</p>  		
      </desc>
    </t>
	<t>
      <field>LIAB.CONTRACTS</field>
      <desc>
        <p>This field is used to store the total number of contract which has unrealised loss</p>  		
      </desc>
    </t>

		
	
	</menu>
</t24help>