<?xml version="1.0" encoding="utf-8"?>
<t24help>
<header>
<product>RP</product>
<table>CUST.REPO.CONCAT</table>
</header>
<overview>
<ovdesc></ovdesc>
<ovimage></ovimage>
</overview>
<menu>
<t>
<field>CONTRACT.NOS</field>
<desc>
            <p>I-Descriptor field providing access to a multi-valued list of contract numbers, rather than a field mark delimetered list</p>
        </desc>
</t>
<t>
<field>CONTRACT.NUMBER</field>
<desc>
            <p>Standard T24 alphanumeric field.</p>
            <p>
                <p>Validation Rules:</p>
            </p>
            <p>A maximum of 30 characters may be entered.</p>
            <p>Must be the key to a valid entry on the REPO file.</p>
        </desc>
</t>
<t>
<field>CUSTOMER.CCY.TYPE</field>
<desc>
            <p>Standard T24 alphanumeric field.</p>
            <p>
                <p>Validation Rules:</p>
            </p>
            <p>A maximum of 20 characters may be entered.</p>
        </desc>
</t>
</menu>
</t24help>

