<?xml version="1.0" encoding="utf-8"?>
<t24help>
<header>
<product>RP</product>
<table>CUSTOMER.REPO</table>
</header>
<overview>
<ovdesc>

            <p>This is a 'FIN'ancial level file which holds the financial information of each REPO counterparty and is keyed by T24 customer number. </p>
            <p>At the moment, it stores the initial margin amounts for both repo and reverse repo contracts. </p>
        </ovdesc>
<ovimage></ovimage>
</overview>
<menu>
<t>
<field>RESO.IM.AMT</field>
<desc>
            <p>This field holds the initial margin amount used in Reverse REPO contracts. </p>
            <p>Fields RESO.IM.CCY to RESO.IM.AMT form a related multi value set. </p>
            <p>
                <p>Validation Rules:</p>
            </p>
            <p>Standard T24 amount field. (1 to 19 characters).</p>
        </desc>
</t>
<t>
<field>RESO.IM.CCY</field>
<desc>
            <p>This field specifies the currency of initial margin used in Reverse REPO contracts. Fields RESO.IM.CCY to RESO.IM.AMT form a related multi value set. Standard T24 currency field. </p>
            <p>
                <p>Validation Rules:</p>
            </p>
            <p>A maximum of 3 characters may be entered.</p>
            <p>Must be the key to a valid entry on the CURRENCY file.</p>
        </desc>
</t>
<t>
<field>CUSTOMER.CODE</field>
<desc>
            <p>Standard T24 customer field. </p>
            <p>This is the key to the CUSTOMER.REPO file. </p>
            <p>
                <p>Validation Rules:</p>
            </p>
            <p>A maximum of 10 characters may be entered.</p>
            <p>Must be the key to a valid entry on the CUSTOMER file.</p>
        </desc>
</t>
<t>
<field>REPO.IM.AMT</field>
<desc>
            <p>This field holds the initial margin amount used in REPO contracts. </p>
            <p>Fields REPO.IM.CCY to REPO.IM.AMT form a related multi value set. </p>
            <p>
                <p>Validation Rules:</p>
            </p>
            <p>Standard T24 amount field. (1 to 19 characters).</p>
        </desc>
</t>
<t>
<field>REPO.IM.CCY</field>
<desc>
            <p>This field specifies the currency of initial margin used in REPO contracts. Fields REPO.IM.CCY to REPO.IM.AMT form a related multi value set. Standard T24 currency field. </p>
            <p>
                <p>Validation Rules:</p>
            </p>
            <p>A maximum of 3 characters may be entered.</p>
            <p>Must be the key to a valid entry on the CURRENCY file.</p>
        </desc>
</t>
</menu>
</t24help>

