<?xml version="1.0" encoding="utf-8"?>
<t24help>
<header>
<product>RP</product>
<table>REPO.AGREEMENT.TYPE</table>
</header>
<overview>
<ovdesc>

            <p>Both legs of the REPO contract are transacted under one agreement. In the US the PSA agreement is often used, whilst in Europe the PSA/ISMA General Master Repo Agreement - GMRA - is often used. </p>
            <p>Standard agreement types should be entered onto this file, and referenced on the REPO contract in the field AGREEMENT.TYPE. </p>
        </ovdesc>
<ovimage></ovimage>
</overview>
<menu>
<t>
<field>RESERVED.2</field>
<desc>
            <p>Reserved for future use. </p>
            <p>
                <p>Validation Rules:</p>
            </p>
            <p>This is a NOINPUT field.</p>
        </desc>
</t>
<t>
<field>RESERVED.3</field>
<desc>
            <p>Reserved for future use. </p>
            <p>
                <p>Validation Rules:</p>
            </p>
            <p>This is a NOINPUT field.</p>
        </desc>
</t>
<t>
<field>RESERVED.1</field>
<desc>
            <p>Reserved for future use. </p>
            <p>
                <p>Validation Rules:</p>
            </p>
            <p>This is a NOINPUT field.</p>
        </desc>
</t>
<t>
<field>RESERVED.4</field>
<desc>
            <p>Reserved for future use. </p>
            <p>
                <p>Validation Rules:</p>
            </p>
            <p>This is a NOINPUT field.</p>
        </desc>
</t>
<t>
<field>RESERVED.7</field>
<desc>
            <p>Reserved for future use. </p>
            <p>
                <p>Validation Rules:</p>
            </p>
            <p>This is a NOINPUT field.</p>
        </desc>
</t>
<t>
<field>RESERVED.10</field>
<desc>
            <p>Reserved for future use. </p>
            <p>
                <p>Validation Rules:</p>
            </p>
            <p>This is a NOINPUT field.</p>
        </desc>
</t>
<t>
<field>RESERVED.9</field>
<desc>
            <p>Reserved for future use. </p>
            <p>
                <p>Validation Rules:</p>
            </p>
            <p>This is a NOINPUT field.</p>
        </desc>
</t>
<t>
<field>RESERVED.12</field>
<desc>
            <p>Reserved for future use. </p>
            <p>
                <p>Validation Rules:</p>
            </p>
            <p>This is a NOINPUT field.</p>
        </desc>
</t>
<t>
<field>RESERVED.11</field>
<desc>
            <p>Reserved for future use. </p>
            <p>
                <p>Validation Rules:</p>
            </p>
            <p>This is a NOINPUT field.</p>
        </desc>
</t>
<t>
<field>RESERVED.8</field>
<desc>
            <p>Reserved for future use. </p>
            <p>
                <p>Validation Rules:</p>
            </p>
            <p>This is a NOINPUT field.</p>
        </desc>
</t>
<t>
<field>RESERVED.6</field>
<desc>
            <p>Reserved for future use. </p>
            <p>
                <p>Validation Rules:</p>
            </p>
            <p>This is a NOINPUT field.</p>
        </desc>
</t>
<t>
<field>RESERVED.5</field>
<desc>
            <p>Reserved for future use. </p>
            <p>
                <p>Validation Rules:</p>
            </p>
            <p>This is a NOINPUT field.</p>
        </desc>
</t>
<t>
<field>AGREEMENT.TYPE</field>
<desc>
            <p>The key to the agreement type. </p>
            <p>This information will be displayed on the REPO contract, and as such should be something meaningful that relates to the agreement type. </p>
            <p>
                <p>Validation Rules:</p>
            </p>
            <p>A maximum of 8 characters may be entered.</p>
        </desc>
</t>
<t>
<field>DESCRIPTION</field>
<desc>
            <p>The description of the agreement type. </p>
            <p>This description is used as the enrichment for the AGREEMENT.TYPE field in the REPO contract. </p>
            <p>This is a multi valued field. This is a sub valued language field. Standard T24 alphanumeric field. </p>
            <p>
                <p>Validation Rules:</p>
            </p>
            <p>Mandatory input.</p>
            <p>A maximum of 35 characters may be entered.</p>
        </desc>
</t>
<t>
<field>LOCAL.REF</field>
<desc>
            <p>This is a multi valued field. Standard T24 alphanumeric field. </p>
            <p>
                <p>Validation Rules:</p>
            </p>
            <p>A maximum of 35 characters may be entered.</p>
        </desc>
</t>
</menu>
</t24help>

