<?xml version="1.0" encoding="utf-8"?>
<t24help>
<header>
<product>RP</product>
<table>REPO.POSITION</table>
</header>
<overview>
<ovdesc>

            <p>This file holds all security positions which have been repo'd out of the Bank's own book(s).</p>
        </ovdesc>
<ovimage></ovimage>
</overview>
<menu>
<t>
<field>POSITION.KEY</field>
<desc>
            <p />
            <p> The key of the REPO.POSITION file is made up of seven elements separated by dots. These elements are; Portfolio Number Security Number Depository Nominee Code Maturity Date Interest Rate Sub Account</p>
            <p> Note: The Maturity Date and Interest Rate are only included in the key if the Sub Asset Type of the Security is flagged as a KassenObligationen security.</p>
        </desc>
</t>
<t>
<field>NOMINEE.CODE</field>
<desc>
            <p>If this repo position is held by Nominee then this field will contain the ID of the Nominee. If this position is not held by nominee then this field will be blank.</p>
            <p>
                <p>Validation Rules:</p>
            </p>
            <p> Must be the key to a valid entry on the NOMINEE.CODE file.</p>
        </desc>
</t>
<t>
<field>SECURITY.NUMBER</field>
<desc>
            <p>This field contains the Security Number that the Repo Position is for.</p>
            <p>
                <p>Validation Rules:</p>
            </p>
            <p> Must be the key to a valid entry on the SECURITY.MASTER file.</p>
        </desc>
</t>
<t>
<field>DEPOSITORY</field>
<desc>
            <p>This field contains the Depository where the Repo Position is held.</p>
            <p> It must be valid T24 Customer and is setup as a depository on the CUSTOMER.SECURITY file.</p>
            <p>
                <p>Validation Rules:</p>
            </p>
            <p> Standard T24 customer field.</p>
            <p> Must be the key to a valid entry on the CUSTOMER file.</p>
        </desc>
</t>
<t>
<field>ISSUE.DATE</field>
<desc>
            <p>This field holds the issue date of the secruity.</p>
            <p>
                <p>Validation Rules:</p>
            </p>
            <p> Standard T24 date field.</p>
        </desc>
</t>
<t>
<field>SUB.ACCOUNT</field>
<desc>
            <p>The field contains the sub account where the Repo Position is held.</p>
            <p> It must be a valid sub account in CUSTOMER.SECURITY record keyed on the depository.</p>
            <p>
                <p>Validation Rules:</p>
            </p>
            <p />
            <p />
            <p> No-input field</p>
            <p> Optional field</p>
        </desc>
</t>
<t>
<field>SECURITY.ACCOUNT</field>
<desc>
            <p>This is the portfolio that the repo position is for.</p>
            <p>
                <p>Validation Rules:</p>
            </p>
            <p> Must be the key to a valid entry on the SEC.ACC.MASTER file.</p>
        </desc>
</t>
<t>
<field>MATURITY.DATE</field>
<desc>
            <p>This field is only updated if this repo position is for a Kassenobligationen security. A Kassenobligationen security is one where the Sub Asset Type record linked to the security has the KASSENOBLIGATIONEN flag set to YES.</p>
            <p>
                <p>Validation Rules:</p>
            </p>
            <p> Standard T24 date field.</p>
        </desc>
</t>
<t>
<field>NOMINAL</field>
<desc>
            <p>Multi-value field that contains the nominal amount on which the REPO contract is done.</p>
            <p> The same process is done for the RESO contract.</p>
            <p>
                <p>Validation Rules:</p>
            </p>
            <p />
            <p />
            <p> No-input field.</p>
        </desc>
</t>
<t>
<field>OPENING.BAL.NO.NOM</field>
<desc>
            <p>Opening Balance - in number of securities - for this repo position.</p>
            <p> This field will always be zero unless it has been updated by the takeover processing when T24 was first installed on the system.</p>
            <p>
                <p>Validation Rules:</p>
            </p>
            <p> Standard T24 amount field.</p>
        </desc>
</t>
<t>
<field>DATE.LAST.TRADED</field>
<desc>
            <p>This field contains the Trade Date of the last transaction to update this Repo Position Record.</p>
            <p>
                <p>Validation Rules:</p>
            </p>
            <p> Standard T24 date field.</p>
        </desc>
</t>
<t>
<field>INTEREST.RATE</field>
<desc>
            <p>This field is only updated if this repo position is for a Kassenobligationen security. A Kassenobligationen security is one where the Sub Asset Type record linked to the security has the KASSENOBLIGATIONEN flag set to YES.</p>
            <p> If the security identified in the SECURITY.NUMBER is a Kassenobligationen security then this will be the interest rate for the security - taken from the INTEREST.RATE field on the Security Master record.</p>
            <p>
                <p>Validation Rules:</p>
            </p>
            <p> Standard T24 rate field.</p>
        </desc>
</t>
<t>
<field>CLOSING.BAL.NO.NOM</field>
<desc>
            <p>This field contains the trade dated number of securities repo'd out of the Bank's own book(s).</p>
            <p>
                <p>Validation Rules:</p>
            </p>
            <p> Standard T24 amount field. (1 - 18 characters)</p>
        </desc>
</t>
<t>
<field>CONTRACT.ID</field>
<desc>
            <p>Multi-value field that contains the contract id on which the REPO contract is done.</p>
            <p> The same process is done for the RESO contracts.</p>
            <p>
                <p>Validation Rules:</p>
            </p>
            <p />
            <p />
            <p> No-input field.</p>
        </desc>
</t>
<t>
<field>COST.PRICE</field>
<desc>
            <p>Multi-value field that contains the traded price on which the REPO contract is done.</p>
            <p> The same process is done for the RESO contracts.</p>
            <p>
                <p>Validation Rules:</p>
            </p>
            <p />
            <p />
            <p> No-input field.</p>
        </desc>
</t>
<t>
<field>COUNTERPARTY</field>
<desc>
            <p>Multi-value field that contains the portfolio number on which the REPO contract is done.</p>
            <p> The suffix is determined by the REPO.MARGIN.SUF value in REPO.PARAMETER file.</p>
            <p> The same process is done for the RESO contract.</p>
            <p>
                <p>Validation Rules:</p>
            </p>
            <p />
            <p />
            <p> No-input field</p>
        </desc>
</t>
</menu>
</t24help>

