<?xml version="1.0" encoding="utf-8"?>
<t24help>
<header>
<product>RP</product>
<table>RP.ALT.NOSTRO</table>
</header>
<overview>
<ovdesc></ovdesc>
<ovimage></ovimage>
</overview>
<menu>
<t>
<field>RP.CASH.CCY</field>
<desc>
            <p>Currency of the corporate action</p>
        </desc>
</t>
<t>
<field>RP.TOT.CHGS</field>
<desc>
            <p>Total charges due on the entitlement amount</p>
        </desc>
</t>
<t>
<field>RP.SRC.TAX</field>
<desc>
            <p>Source tax amount due on the entitlement amount</p>
        </desc>
</t>
<t>
<field>RP.NOMINAL</field>
<desc>
            <p>Total nominal for the associated counterparty</p>
        </desc>
</t>
<t>
<field>RP.NET.LCY</field>
<desc>
            <p>Net amount due in local currency for the corporate action for the nominal</p>
        </desc>
</t>
<t>
<field>COUNTERPARTY</field>
<desc>
            <p>Counterparty under which the REPO contract was transacted</p>
        </desc>
</t>
<t>
<field>DEP.NO</field>
<desc>
            <p>Depository holding the security</p>
        </desc>
</t>
<t>
<field>DIARY.ID</field>
<desc>
            <p>Diary id of the affected corporate action</p>
        </desc>
</t>
<t>
<field>RP.ACCOUNT</field>
<desc>
            <p>Account number</p>
        </desc>
</t>
<t>
<field>RP.ENTL.AMT</field>
<desc>
            <p>Amount due for the corporate action for the nominal</p>
        </desc>
</t>
<t>
<field>RP.GROSS.AMT</field>
<desc>
            <p>Gross amount due for the corporate action for the nominal</p>
        </desc>
</t>
<t>
<field>RP.CASH.XCH</field>
<desc>
            <p>Exchange rate between the corporate action currency and the account currency.</p>
        </desc>
</t>
<t>
<field>RP.NET.AMT</field>
<desc>
            <p>Net amount due for the corporate action for the nominal</p>
        </desc>
</t>
<t>
<field>RP.MBS.AMT</field>
<desc>
            <p>MBS/factor amount due for the corporate action for the nominal</p>
        </desc>
</t>
</menu>
</t24help>

