<?xml version="1.0" encoding="utf-8"?>
<t24help>
<header>
<product>RP</product>
<table>RP.GROUP.PARAMETER</table>
</header>
<overview>
<ovdesc>

            <p>The application allows the user to specify the 'grouping' criteria for REPO contracts that require delivery messages to be 'netted'.</p>
            <p> The REPO application contains a field indicating the 'netted/grouped' status of the individual contract as determined by the criteria in this application.</p>
        </ovdesc>
<ovimage></ovimage>
</overview>
<menu>
<t>
<field>USER.FIELD</field>
<desc>
            <p>This Multi-value field determines which fields from REPO must match when considering grouping REPO transactions together.</p>
            <p> This field is combined with the SYSTEM.FIELD to provide the basis for matching like transactions.</p>
            <p />
            <p>
                <p>Validation Rules:</p>
            </p>
            <p> A valid field from the REPO application.</p>
        </desc>
</t>
<t>
<field>SELECTION.FIELD</field>
<desc>
            <p>This field can be used to default selection fields into the SC.GROUP.TRADES application.</p>
            <p />
            <p>
                <p>Validation Rules:</p>
            </p>
            <p> A valid field in the REPO application.</p>
        </desc>
</t>
<t>
<field>SYSTEM.FIELD</field>
<desc>
            <p>This Multi-value field determines which fields from REPO must match when considering grouping REPO transactions together.</p>
            <p> This contents of this field is determined by Temenos.</p>
            <p> If the first value in this field relates to a multi-value field in the REPO contract, then any verification can only be done against other values in the multi-value set or single values.</p>
            <p />
            <p>
                <p>Validation Rules:</p>
            </p>
            <p> NOINPUT field.</p>
        </desc>
</t>
<t>
<field>COMPANY</field>
<desc>
            <p>The parameters are set by company key. A valid company code should be entered.</p>
        </desc>
</t>
<t>
<field>ENT.NET.SUSP</field>
<desc>
            <p>This field determines which suspense account will be used to group the REPO transactions.</p>
            <p />
            <p>
                <p>Validation Rules:</p>
            </p>
            <p> Must be a valid record in the CATEGORY application.</p>
        </desc>
</t>
<t>
<field>OVERRIDE</field>
<desc>
            <p>Standard T24 override field.</p>
        </desc>
</t>
</menu>
</t24help>

