<?xml version="1.0" encoding="utf-8"?>
<t24help>
<header>
<product>RP</product>
<table>RP.SCTR.UPD.SCHEDULES</table>
</header>
<overview>
<ovdesc>

            <p>This is a live file which stores the id(s) of the far leg SECURITY.TRANSFER record(s) to be processed on a specific date for updating SECURIY.POSITION and REPO.POSITION.</p>
            <p> This file will be updated only if the field UPDATE.SC.POS.UPD is set to YES in REPO.PARAMETER.</p>
            <p> If the field UPDATE.SC.POS.SOD in the REPO.PARAMETER is set to yes. then the SECURITY.TRANSFER for the far leg will created based on the value, if any, in the DAYS.DELIVERY field on the REPO transaction, the DAYS.PRIOR.ACTIVITY field on the RP-0140 record of EB.ACTIVITY. However, the SECURITY.POSITION will be updated only at the SOD of the maturity date. The system will record the id's of all the SECURITY.TRANSFER records for which the position needs to be updated on a particular date in this file.</p>
            <p> A close of business process will process the SECURITY TRANSFER records scheduled for process on the said date.</p>
        </ovdesc>
<ovimage></ovimage>
</overview>
<menu>
<t>
<field>SEC.TFR.ID</field>
<desc>
            <p>Specifies the id(s) of the SECURITY.TRANSFER record(s) to be processed for updating SECURITY.POSITION and REPO.POSITION.</p>
        </desc>
</t>
<t>
<field>DATE</field>
<desc>
            <p>The DATE is the date on which the updates will be actioned by the COB process.</p>
            <p />
            <p />
        </desc>
</t>
<t>
<field>K.DATE</field>
<desc>
            <p>Pseudonym for DATE</p>
        </desc>
</t>
<t>
<field>REPO.CONT.ID</field>
<desc>
            <p>Specifies the ids of the REPO contracts associated with the SEC.TFR.ID.</p>
        </desc>
</t>
</menu>
</t24help>

