<?xml version="1.0" encoding="utf-8"?>
<t24help>
<header>
<product>MT</product>
<table>MT.TENANT.CONTACT</table>
</header>
<overview>
<ovdesc>
        <p> This is the table where the tenant contact details can be maintained and same can be used in MT.TENANT table. </p>
</ovdesc>
<ovimage></ovimage>
</overview>
<menu>
<t>
<field>TENANT.CONTACT.ID</field>
<desc>
    <p>Unique reference to identify each tenant contact. </p>
	<p>Validation Rules:</p>
    <p> Maximum of 35 alphanumerics allowed.</p>
</desc>
</t>
<t>
<field>DESCRIPTION</field>
<desc>
        <p>Specifies the description of tenant contact. </p>
        <p>Validation Rules: </p>
        <p> Maximum of 50 alphanumerics allowed.</p>
        <p> Mandatory field</p>
</desc>
</t>
<t>
<field>CONTACT.NAME</field>
<desc>
        <p>Specifies the name of the contact point</p>
        <p>Validation Rules: </p>
        <p>Maximum of 35 alphanumerics allowed </p>
        <p>Mandatory field</p>
</desc>
</t>
<t>
<field>MOBILE.NUMBER</field>
<desc>
    <p>This field will contain mobile number of the tenant contact</p>
    <p>Validation Rules:</p>
    <p>Maximum of 17 characters allowed .</p>
</desc>
</t>	
<t>
<field>LANDLINE</field>
<desc>
        <p>This field can contain land line number of the tenant contact point </p>
        <p>Validation Rules:</p>
        <p> Allowed maximum of 17 characters </p>
</desc>
</t>
<t>
<field>EMAIL</field>
<desc>
    <p> This field can contain official Email address of the tenant contact point </p>
    <p>Validation Rules:</p>
    <p>Maximum of 50 characters allowed.</p>
    </desc>
</t>
<t>
<field>CONTACT.TYPE</field>
<desc>
    <p>This field can contain the type of contact to define other contacts of the tenant. </p>
	<p>The fields CONTACT.TYPE and CONTACT.DETAILS are associated multi value fields </p>
    <p>Validation Rules:</p>
    <p>Maximum of 35 characters allowed.</p>
    <p>Cannot be blank if CONTACT.DETAILS is populated. </p>
    </desc>
</t>
<t>
<field>CONTACT.DETAILS</field>
<desc>
    <p>This field can contain other user definable contact details.</p>
	<p>The fields CONTACT.TYPE and CONTACT.DETAILS are associated multivalue fields </p>
    <p>For example: </p>
	<p>CONTACT.TYPE = SKYPE ; CONTACT.DETAILS = john.skype.work etc </p>
    <p>Validation Rules:</p>
    <p>Maximum of 35 characters allowed.</p>
    <p>Cannot be blank if CONTACT.TYPE is populated. </p>
    </desc>
</t>
</menu>
</t24help>