<?xml version="1.0" encoding="utf-8"?>
<t24help>
	<header>
		<product>MT</product>
		<table>MT.TENANT.TYPE</table>
	</header>
	<overview>
		<ovdesc>
			<p>This is the table in which the list of tenant types can be defined </p>
		</ovdesc>
		<ovimage/>
	</overview>
	<menu>
		<t>
			<field>TENANT.TYPE</field>
			<desc>
				<p>Unique reference to indentify each tenant type.</p>
				<p> The tenant type name can be decided based on usage/type of t24instance for e.g DEMO, LIVE(PRODUCTION), TRAINING, UAT etc </p>
				<p>Validation Rules:</p>
				<p>Maximum of 35 alphanumerics allowed.</p>
			</desc>
		</t>
		<t>
			<field>DESCRIPTION</field>
			<desc>
				<p>Specifies the description of the tenant type. </p>
				<p>Validation Rules: </p>
				<p>Maximum of 50 alphanumerics allowed.</p>
				<p>Mandatory field</p>
			</desc>
		</t>
		<t>
			<field>TENANT.TYPE.GROUP</field>
			<desc>
				<p>Specifies the group under which the tenant type can be categorized</p>
					<p>Valid values are: </p>
					<p>1. LIVE - Indicates the t24 instance(tenant system) used is a LIVE or PRODUCTION system.</p>
					<p>2. NON-LIVE - Indicates the t24 instance(tenant system) is used for other purposes like DEMO, UAT, TRAINING etc.</p>
			</desc>
		</t>
	</menu>
</t24help>