<?xml version="1.0" encoding="utf-8"?>
<t24help>
<header>
<product>NR</product>
<table>NR.AUTOMATCH</table>
</header>
<overview>
<ovdesc>

            <p>Selection of accounts for automatic matching. </p>
            <p>Verification of a record runs automatic matching for the account(s) selected on the record. </p>
        </ovdesc>
<ovimage></ovimage>
</overview>
<menu>
<t>
<field>RESERVED1</field>
<desc>
            <p>Reserved for future use </p>
            <p>
                <p>Validation Rules:</p>
            </p>
            <p>No Input allowed</p>
        </desc>
</t>
<t>
<field>RESERVED4</field>
<desc>
            <p>Reserved for future use </p>
            <p>
                <p>Validation Rules:</p>
            </p>
            <p>No Input allowed</p>
        </desc>
</t>
<t>
<field>RESERVED5</field>
<desc>
            <p>Reserved for future use </p>
            <p>
                <p>Validation Rules:</p>
            </p>
            <p>No Input allowed</p>
        </desc>
</t>
<t>
<field>RESERVED9</field>
<desc>
            <p>Reserved for future use </p>
            <p>
                <p>Validation Rules:</p>
            </p>
            <p>No Input allowed</p>
        </desc>
</t>
<t>
<field>RESERVED7</field>
<desc>
            <p>Reserved for future use </p>
            <p>
                <p>Validation Rules:</p>
            </p>
            <p>No Input allowed</p>
        </desc>
</t>
<t>
<field>RESERVED8</field>
<desc>
            <p>Reserved for future use </p>
            <p>
                <p>Validation Rules:</p>
            </p>
            <p>No Input allowed</p>
        </desc>
</t>
<t>
<field>RESERVED10</field>
<desc>
            <p>Reserved for future use </p>
            <p>
                <p>Validation Rules:</p>
            </p>
            <p>No Input allowed</p>
        </desc>
</t>
<t>
<field>ACCOUNT.NUMBER</field>
<desc>
            <p>This field allows the user to enter the accounts to be automatically matched. Input may be for either one or more accounts. </p>
            <p>
                <p>Validation Rules:</p>
            </p>
            <p>Multivalued field - 16 character account number  Standard T24 account number format</p>
        </desc>
</t>
<t>
<field>ALL.ACCOUNTS</field>
<desc>
            <p>This field allow the user to automatically match items for all accounts irrespective of whether or not there are values in the ACCOUNT.NUMBER field. </p>
            <p>
                <p>Validation Rules:</p>
            </p>
            <p>1 character input field  Acceptable values - 'Y' or blank  NB. If this field is set to Y, this will override the any account numbers entered in the ACCOUNT.NUMBER field</p>
        </desc>
</t>
<t>
<field>LOCAL.REF</field>
<desc>
            <p>Identifies any additional element which has been defined locally to meet a particular requirement. </p>
            <p>As in the majority of T24 Applications, the User is allowed to  define  in  the Automatch file up to  999 Local Elements in addition to the standard fields previously specified. These Local Elements should be defined by the User where deemed necessary according to local practice. </p>
            <p>The name(s) of the new element(s), as well as the Format and <p>Validation Rules:</p>, must be defined in the LOCAL.TABLE, prior to the creation of any Item records. </p>
            <p>
                <p>Validation Rules:</p>
            </p>
            <p>Up to 35 characters as defined in the Local Table definition for this Local Reference field.  Multivalue field.  (Optional or Mandatory Input according to definition in LOCAL.TABLE for this Local Reference element)</p>
            <p>As defined by the User within the LOCAL.TABLE and LOCAL.REF.TABLE.</p>
        </desc>
</t>
<t>
<field>NOSTRO.REC</field>
<desc>
            <p>Represents the reference number to uniquely identify a particular automatch reference </p>
            <p>This may be any reference that is meaningful to the user (i.e. accounts, account groups etc.) </p>
            <p>
                <p>Validation Rules:</p>
            </p>
            <p>This is a 15 character free format field identifying this automatch item to the user.</p>
        </desc>
</t>
<t>
<field>RESERVED6</field>
<desc>
            <p>Reserved for future use </p>
            <p>
                <p>Validation Rules:</p>
            </p>
            <p>No Input allowed</p>
        </desc>
</t>
<t>
<field>RESERVED2</field>
<desc>
            <p>Reserved for future use </p>
            <p>
                <p>Validation Rules:</p>
            </p>
            <p>No Input allowed</p>
        </desc>
</t>
<t>
<field>OVERRIDE</field>
<desc>
            <p>Contains details of any overrides applicable to this  automatch record. </p>
            <p>
                <p>Validation Rules:</p>
            </p>
            <p>No Input allowed  (Populated by the system when overrides occur)</p>
        </desc>
</t>
<t>
<field>RESERVED3</field>
<desc>
            <p>Reserved for future use </p>
            <p>
                <p>Validation Rules:</p>
            </p>
            <p>No Input allowed</p>
        </desc>
</t>
</menu>
</t24help>

