<?xml version="1.0" encoding="utf-8"?>
<t24help>
<header>
<product>NR</product>
<table>NR.PARAMETER</table>
</header>
<overview>
<ovdesc>

            <p>Reconciliations </p>
            <p>Matching criteria, allow amount splitting, record retention and DELIVERY data interfaces. </p>
        </ovdesc>
<ovimage></ovimage>
</overview>
<menu>
<t>
<field>NR.PARAM</field>
<desc>
            <p>Defines the name of the main record on the file. </p>
            <p>The single record on this file must always be named 'SYSTEM'. </p>
            <p>
                <p>Validation Rules:</p>
            </p>
            <p>Can only be 'SYSTEM'.  (Mandatory Input)</p>
        </desc>
</t>
<t>
<field>RESERVED5</field>
<desc>
            <p>Reserved for future use </p>
            <p>
                <p>Validation Rules:</p>
            </p>
            <p>No Input allowed</p>
        </desc>
</t>
<t>
<field>RESERVED4</field>
<desc>
            <p>Reserved for future use </p>
            <p>
                <p>Validation Rules:</p>
            </p>
            <p>No Input allowed</p>
        </desc>
</t>
<t>
<field>MATCH.FIELD</field>
<desc>
            <p>This field will contain the field name by which the user wishes to match items. The user may select one or more fields per Trans.Type as required. </p>
            <p>
                <p>Validation Rules:</p>
            </p>
            <p>20 character sub-valued alphanumeric field</p>
        </desc>
</t>
<t>
<field>GLOBUS.TYPE</field>
<desc>
            <p>This field contains the type of record that will be generated for the Globus.Location file. This may be either DIVERT or MESSAGE </p>
            <p>
                <p>Validation Rules:</p>
            </p>
            <p>7 character alphanumeric field  Acceptable Input - DIVERT and MESSAGE</p>
        </desc>
</t>
<t>
<field>OVERRIDE</field>
<desc>
            <p>Contains details of any overrides applicable to this item. </p>
            <p>Conditions where overrides will be required include the following: </p>
            <p>Item split created </p>
            <p>Excess cents transferred to excess cents bucket </p>
            <p>Matching fields do not match (eg. Value dates different, Transaction types different etc) </p>
            <p>
                <p>Validation Rules:</p>
            </p>
            <p>No Input allowed  (Populated by the system when overrides occur)</p>
        </desc>
</t>
<t>
<field>RESERVED9</field>
<desc>
            <p>Reserved for future use </p>
            <p>
                <p>Validation Rules:</p>
            </p>
            <p>No Input allowed</p>
        </desc>
</t>
<t>
<field>RESERVED1</field>
<desc>
            <p>Reserved for future use </p>
            <p>
                <p>Validation Rules:</p>
            </p>
            <p>No Input allowed</p>
        </desc>
</t>
<t>
<field>MATCH.FLD.STMT</field>
<desc>
            <p>Help Text for this field is unavailable.  Please refer to the T24 User Guides for further information.</p>
        </desc>
</t>
<t>
<field>RETENTION.DAYS</field>
<desc>
            <p>This field determines how long (in days) matched items remain on the live items file before being transferred to the history file. </p>
            <p>
                <p>Validation Rules:</p>
            </p>
            <p>3 character numeric field  Indicates number of days</p>
        </desc>
</t>
<t>
<field>T24.LOCATION</field>
<desc>
            <p>Help Text for this field is unavailable.  Please refer to the T24 User Guides for further information.</p>
        </desc>
</t>
<t>
<field>TRANS.TYPE</field>
<desc>
            <p>This field contains transaction type identification code by which items will be matched in the automatic matching process. This allows the user to determine how certain transactions should be matched (eg. for items on a S.W.I.F.T. statement, the user may wish to match miscellaneous [NMSC] transactions by Value.Date and Amount but match cheques [NCHK] by Amount only). If this field is not required, it should be left blank. </p>
            <p />
            <p>For entries related to payment and transfer instructions, including related charges messages, not sent through S.W.I.F.T. or where an alpha description is preferred. </p>
            <p>         Format: Naaa </p>
            <p>The last three characters must be one of the following codes, indicating the reason for the entry: </p>
            <p>     BOE  Bill of Exchange      BRF  Brokerage Fee      CHG  Charges and Other Expenses      CHK  Cheques      CLR  Cash Letter/Cheques Remittance      COL  Collections (used when entering a principal amount)      COM  Commission      DCR  Documentary Credit (used when entering a principal amount)      DIV  Dividends  Warrants      EQA  Equivalent Amount      ECK  Eurocheques      FEX  Foreign Exchange      INT  Interest      LBX  Lock Box1.      LDP  Loan Deposit      MSC  Miscellaneous      RTI  Returned Item      SEC  Securities (used when entering a principal amount)      STO  Standing Order      TCK  Travellers Cheques      TRF  Transfer      VDA  Value Date Adjustment </p>
            <p />
            <p>For entries being first advised by the statement (items originated by the Account Servicing Institution): </p>
            <p>         Format: Faaa </p>
            <p>The last three characters must be an appropriate code indicating the reason for the entry (i.e. the codes listed above). </p>
            <p>
                <p>Validation Rules:</p>
            </p>
            <p>4 character multi-valued alphanumeric field</p>
        </desc>
</t>
<t>
<field>RESERVED3</field>
<desc>
            <p>Reserved for future use </p>
            <p>
                <p>Validation Rules:</p>
            </p>
            <p>No Input allowed</p>
        </desc>
</t>
<t>
<field>RESERVED6</field>
<desc>
            <p>Reserved for future use </p>
            <p>
                <p>Validation Rules:</p>
            </p>
            <p>No Input allowed</p>
        </desc>
</t>
<t>
<field>SPLIT.ITEMS</field>
<desc>
            <p>This field allows the user to determine whether item 'splits' are allowed in the manual matching process. Item splits are never allowed in the automatching process. </p>
            <p>
                <p>Validation Rules:</p>
            </p>
            <p>Allowed input 'Y' or blank</p>
        </desc>
</t>
<t>
<field>RESERVED10</field>
<desc>
            <p>Reserved for future use </p>
            <p>
                <p>Validation Rules:</p>
            </p>
            <p>No Input allowed</p>
        </desc>
</t>
<t>
<field>GLOBUS.NAME</field>
<desc>
            <p>This field contains the name of the record into which outgoing statements will be diverted. If the Globus.Type field is set to MESSAGE, this field should be left blank. </p>
            <p>
                <p>Validation Rules:</p>
            </p>
            <p>20 character alphanumeric field</p>
        </desc>
</t>
<t>
<field>RESERVED7</field>
<desc>
            <p>Reserved for future use </p>
            <p>
                <p>Validation Rules:</p>
            </p>
            <p>No Input allowed</p>
        </desc>
</t>
<t>
<field>MATCH.FLD.LEDGER</field>
<desc>
            <p>Help Text for this field is unavailable.  Please refer to the T24 User Guides for further information.</p>
        </desc>
</t>
<t>
<field>RESERVED2</field>
<desc>
            <p>Reserved for future use </p>
            <p>
                <p>Validation Rules:</p>
            </p>
            <p>No Input allowed</p>
        </desc>
</t>
<t>
<field>T24.TYPE</field>
<desc>
            <p>Help Text for this field is unavailable.  Please refer to the T24 User Guides for further information.</p>
        </desc>
</t>
<t>
<field>LOCAL.REF</field>
<desc>
            <p>Identifies any additional element which has been defined locally to meet a particular requirement. </p>
            <p>As in the majority of T24 Applications, the User is allowed to  define  in  the  Item file up to  999 Local Elements in addition to the standard fields previously specified. These Local Elements should be defined by the User where deemed necessary according to local practice. </p>
            <p>The name(s) of the new element(s), as well as the Format and <p>Validation Rules:</p>, must be defined in the LOCAL.TABLE, prior to the creation of any Item records. </p>
            <p>
                <p>Validation Rules:</p>
            </p>
            <p>Up to 35 characters as defined in the Local Table definition for this Local Reference field.  Multivalue field.  (Optional or Mandatory Input according to definition in LOCAL.TABLE for this Local Reference element)</p>
            <p>As defined by the User within the LOCAL.TABLE and LOCAL.REF.TABLE.</p>
        </desc>
</t>
<t>
<field>RESERVED8</field>
<desc>
            <p>Reserved for future use </p>
            <p>
                <p>Validation Rules:</p>
            </p>
            <p>No Input allowed</p>
        </desc>
</t>
<t>
<field>EXTERNAL.LOCATION</field>
<desc>
            <p>This field contains the location (ie. file name) that incoming statements will be routed to when generated. </p>
            <p>
                <p>Validation Rules:</p>
            </p>
            <p>20 character alphanumeric field name</p>
        </desc>
</t>
<t>
<field>EXTERNAL.NAME</field>
<desc>
            <p>This field contains the name of the record into which incoming statements will be diverted. If the External.Type field is set to MESSAGE, this field should be left blank. </p>
            <p>
                <p>Validation Rules:</p>
            </p>
            <p>20 character alphanumeric field</p>
        </desc>
</t>
<t>
<field>EXTERNAL.TYPE</field>
<desc>
            <p>This field contains the type of record that will be generated for the External.Location file. This may be either DIVERT or MESSAGE </p>
            <p>
                <p>Validation Rules:</p>
            </p>
            <p>7 character alphanumeric field  Acceptable Input - DIVERT and MESSAGE</p>
        </desc>
</t>
<t>
<field>GLOBUS.LOCATION</field>
<desc>
            <p>This field contains the location (ie. file name) that outgoing statements will be routed to when generated. </p>
            <p>
                <p>Validation Rules:</p>
            </p>
            <p>20 character alphanumeric field name</p>
        </desc>
</t>
</menu>
</t24help>

