<?xml version="1.0" encoding="utf-8"?>
<t24help>
<header>
<product>NR</product>
<table>NR.STATEMENTS</table>
</header>
<overview>
<ovdesc>

            <p>Each record represents a page of ledger or statement information received. </p>
            <p>Once the record is recognised as part of a complete statemenr each detail line is used to generate a record the NR.ITEMS file. </p>
        </ovdesc>
<ovimage></ovimage>
</overview>
<menu>
<t>
<field>SUPPLEMENTARY</field>
<desc>
            <p>This field contains the Supplementary Details for the item. </p>
            <p>When no reference for the Account Owner is available, ie, field ACC.OWNER.REF contains NONREF, the Account Servicing Institution should provide the best available alternative information in this field. </p>
            <p>Supplementary details may be provided when an advice has not been sent for a transaction, or to provide additional information to facilitate reconciliation. </p>
            <p>
                <p>Validation Rules:</p>
            </p>
            <p>Multi-valued field</p>
        </desc>
</t>
<t>
<field>FUNDS.CODE</field>
<desc>
            <p>This field contains the funds code consisting of the third character of the currency code, if needed. (This field is optional on S.W.I.F.T. statements and where it exists, is extracted for reference only) </p>
            <p>
                <p>Validation Rules:</p>
            </p>
            <p>Multi-valued field  Field for reference only</p>
        </desc>
</t>
<t>
<field>OVERRIDE</field>
<desc>
            <p>Contains details of any overrides applicable to this statement. </p>
            <p>Conditions where overrides will be required include the following: </p>
            <p>Forward opening balance date </p>
            <p>Forward closing balance date </p>
            <p>Value date greater that 1 month forward </p>
            <p>
                <p>Validation Rules:</p>
            </p>
            <p>No Input allowed  (Populated by the system when overrides occur)</p>
        </desc>
</t>
<t>
<field>RESERVED6</field>
<desc>
            <p>Reserved for future use </p>
            <p>
                <p>Validation Rules:</p>
            </p>
            <p>No Input allowed</p>
        </desc>
</t>
<t>
<field>CLOSE.BAL.AMOUNT</field>
<desc>
            <p>This field contains the closing balance amount for this statement and will be used to generate the opening balance for the next customer statement for this account. </p>
            <p>
                <p>Validation Rules:</p>
            </p>
            <p>19 character field  Standard T24 amount format</p>
        </desc>
</t>
<t>
<field>ACCOUNT.NO</field>
<desc>
            <p>Help Text for this field is unavailable.  Please refer to the T24 User Guides for further information.</p>
        </desc>
</t>
<t>
<field>RESERVED7</field>
<desc>
            <p>Reserved for future use </p>
            <p>
                <p>Validation Rules:</p>
            </p>
            <p>No Input allowed</p>
        </desc>
</t>
<t>
<field>TRANS.TYPE</field>
<desc>
            <p>This field contains transaction type identification code for this item. When received via S.W.I.F.T. the content may exist in one of three ways : </p>
            <p>1. For entries related to S.W.I.F.T. transfer instructions and subsequent    charge messages: </p>
            <p>         Format: Snnn </p>
            <p>The last three characters will indicate the message type of the S.W.I.F.T. message causing the entry (for debit entries) or the message type of the S.W.I.F.T. message used to advise the Account Owner (for credit entries). </p>
            <p>2. For entries related to payment and transfer instructions, including    related charges messages, not sent through S.W.I.F.T. or where an alpha    description is preferred. </p>
            <p>         Format: Naaa </p>
            <p>The last three characters must be one of the following codes, indicating the reason for the entry: </p>
            <p>     BOE  Bill of Exchange      BRF  Brokerage Fee      CHG  Charges and Other Expenses      CHK  Cheques      CLR  Cash Letter/Cheques Remittance      COL  Collections (used when entering a principal amount)      COM  Commission      DCR  Documentary Credit (used when entering a principal amount)      DIV  Dividends  Warrants      EQA  Equivalent Amount      ECK  Eurocheques      FEX  Foreign Exchange      INT  Interest      LBX  Lock Box1.      LDP  Loan Deposit      MSC  Miscellaneous      RTI  Returned Item      SEC  Securities (used when entering a principal amount)      STO  Standing Order      TCK  Travellers Cheques      TRF  Transfer      VDA  Value Date Adjustment </p>
            <p />
            <p>3. For entries being first advised by the statement (items originated by    the Account Servicing Institution): </p>
            <p>         Format: Faaa </p>
            <p>   The last three characters must be an appropriate code indicating the    reason for the entry (i.e. the codes listed above). </p>
            <p>
                <p>Validation Rules:</p>
            </p>
            <p>Multi-valued field</p>
        </desc>
</t>
<t>
<field>ITEMS.GENERATED</field>
<desc>
            <p>This field indicates that items have been generated from this statement and will not allow any input into any fields on the statement. </p>
            <p>
                <p>Validation Rules:</p>
            </p>
            <p>No Input allowed  (Populated by the system when items are generated)</p>
        </desc>
</t>
<t>
<field>VALUE.DATE</field>
<desc>
            <p>This field contains the value date of the item. </p>
            <p>
                <p>Validation Rules:</p>
            </p>
            <p>Multi-valued field  Standard T24 date format</p>
        </desc>
</t>
<t>
<field>DATE</field>
<desc>
            <p>Help Text for this field is unavailable.  Please refer to the T24 User Guides for further information.</p>
        </desc>
</t>
<t>
<field>ENTRY.DATE</field>
<desc>
            <p>This field contains the entry date of the item. When received via S.W.I.F.T. the entry date is in reduced ISO form and is expanded to standard T24 date format. </p>
            <p>
                <p>Validation Rules:</p>
            </p>
            <p>Multi-valued field  Standard T24 date format</p>
        </desc>
</t>
<t>
<field>RESERVED3</field>
<desc>
            <p>Reserved for future use </p>
            <p>
                <p>Validation Rules:</p>
            </p>
            <p>No Input allowed</p>
        </desc>
</t>
<t>
<field>DATE.COMPLETED</field>
<desc>
            <p>This field indicates the date that this statement was completed and items were generated. It is used by the archiving process to transfer statements to history that have passed the retention date specified on the parameter file. </p>
            <p>
                <p>Validation Rules:</p>
            </p>
            <p>No Input allowed  Standard T24 date format</p>
        </desc>
</t>
<t>
<field>OPEN.BAL.AMOUNT</field>
<desc>
            <p>This field contains the opening balance amount for this statement and must always be the same as the closing balance amount field of the previous customer statement for this account. </p>
            <p>
                <p>Validation Rules:</p>
            </p>
            <p>19 character field  Standard T24 amount format</p>
        </desc>
</t>
<t>
<field>OPEN.BAL.DATE</field>
<desc>
            <p>This field contains the date of the opening balancefor this statement. </p>
            <p>
                <p>Validation Rules:</p>
            </p>
            <p>8 character date field  Standard T24 date format</p>
        </desc>
</t>
<t>
<field>STATEMENT.COMPLETE</field>
<desc>
            <p>This field contains the indicator whether or not the statement is complete. It is only used in the case of manual statements to allow the user to generate items for this statement. Items will only be generated if the total of the items agrees with the difference between the opening and closing balance amounts. </p>
            <p>
                <p>Validation Rules:</p>
            </p>
            <p>1 character field  Input should only be 'Y' or blank</p>
        </desc>
</t>
<t>
<field>RESERVED8</field>
<desc>
            <p>Reserved for future use </p>
            <p>
                <p>Validation Rules:</p>
            </p>
            <p>No Input allowed</p>
        </desc>
</t>
<t>
<field>RESERVED5</field>
<desc>
            <p>Reserved for future use </p>
            <p>
                <p>Validation Rules:</p>
            </p>
            <p>No Input allowed</p>
        </desc>
</t>
<t>
<field>TRANSACTION.REF</field>
<desc>
            <p>This field contains the transaction reference number for the statement. </p>
            <p>
                <p>Validation Rules:</p>
            </p>
            <p>Free format 16 character (alphanumeric) field</p>
        </desc>
</t>
<t>
<field>FIELD.TAG</field>
<desc>
            <p>This field contains the S.W.I.F.T. field tag for any of the fields on a S.W.I.F.T. message that do not have fields allocated in this file. This field is purely for the user's information </p>
            <p>
                <p>Validation Rules:</p>
            </p>
            <p>Multi-valued field  3 character (alphanumeric) field  Standard S.W.I.F.T. field tags</p>
        </desc>
</t>
<t>
<field>FIELD.CONTENT</field>
<desc>
            <p>This field contains the S.W.I.F.T. field content whose tag is defined in the Field.Tag field </p>
            <p>
                <p>Validation Rules:</p>
            </p>
            <p>Multi-valued field  Free format 65 character (alphanumeric) field</p>
        </desc>
</t>
<t>
<field>NR.STMT</field>
<desc>
            <p>Represents the reference number to uniquely identify a particular statement </p>
            <p>The statement keys is made up of the follwing components delimited by dots (ie. '.')  :- </p>
            <p>     Account Number      Statement Date      Statement or Ledger Indicator      Statement Number      Statement Page      Duplicate Number </p>
            <p>Where a statement already exists and the same one is received again, the key will be appended with a duplicate number which will be incremented depending upon the number of duplicates received. </p>
            <p>
                <p>Validation Rules:</p>
            </p>
            <p>This is a 37 character field made up of the following components delimited by dots (ie. '.') in the format :-  Account No.      = 1-16 characters (valid account number) Statement Date   =    8 characters (standard T24 date format) Statement/Ledger =    1 character  (S or L) Statement No.    =  1-5 characters (numeric) Statement Page   =  1-3 characters (numeric)  Duplicate No.    =  1-3 characters (numeric)  eg.  Standard key = 0000012345.19980401.S.67.8       Duplicate    = 0000012345.19980401.S.67.8.1  Where a statement already exists and the same one is received again, the key will be appended with a duplicate number which will be incremented depending upon the number of duplicates received.</p>
        </desc>
</t>
<t>
<field>MATCHED.TO</field>
<desc>
            <p>This field may contain the key of the item to which this item should be matched. The field is only ever populated from the manual statement input process and allows the user to create a matching entry to one selected from the unmatched list. </p>
            <p>
                <p>Validation Rules:</p>
            </p>
            <p>Multi-valued field  Key to an existing item record</p>
        </desc>
</t>
<t>
<field>CLOSE.BAL.DATE</field>
<desc>
            <p>This field contains the date of the closing balance for this statement. </p>
            <p>
                <p>Validation Rules:</p>
            </p>
            <p>8 character date field  Standard T24 date format</p>
        </desc>
</t>
<t>
<field>DEBIT.OR.CREDIT</field>
<desc>
            <p>This field contains a single character indicating the Debit/Credit mark for the item. When received via S.W.I.F.T. , the content may be one of the following :- </p>
            <p>     D  = Debit      C  = Credit      RC = Reversal of credit (debit entry)      RD = Reversal of debit (credit entry) </p>
            <p>Where the entry is a reversal (i.e. RC or RD), this field will contain the character indicating the entry (e.g. if RC field will contain D and if RD field will contain C) </p>
            <p>
                <p>Validation Rules:</p>
            </p>
            <p>Multi-valud field  Field content 'C' or 'D' only</p>
        </desc>
</t>
<t>
<field>AMOUNT</field>
<desc>
            <p>This field contains the actual amount of the item. </p>
            <p>
                <p>Validation Rules:</p>
            </p>
            <p>Multi-valued field  Standard amount format</p>
        </desc>
</t>
<t>
<field>RELATED.REF</field>
<desc>
            <p>This field contains the reference related to the Transaction Ref field. </p>
            <p>
                <p>Validation Rules:</p>
            </p>
            <p>Free format 16 character (alphanumeric) field</p>
        </desc>
</t>
<t>
<field>RESERVED9</field>
<desc>
            <p>Reserved for future use </p>
            <p>
                <p>Validation Rules:</p>
            </p>
            <p>No Input allowed</p>
        </desc>
</t>
<t>
<field>RESERVED4</field>
<desc>
            <p>Reserved for future use </p>
            <p>
                <p>Validation Rules:</p>
            </p>
            <p>No Input allowed</p>
        </desc>
</t>
<t>
<field>STATEMENT.NO</field>
<desc>
            <p>Help Text for this field is unavailable.  Please refer to the T24 User Guides for further information.</p>
        </desc>
</t>
<t>
<field>NARRATIVE</field>
<desc>
            <p>This field contains the information to the Account Owner that is received along with the item line on a S.W.I.F.T. statement </p>
            <p>
                <p>Validation Rules:</p>
            </p>
            <p>Multi-valued field</p>
        </desc>
</t>
<t>
<field>RESERVED1</field>
<desc>
            <p>Reserved for future use </p>
            <p>
                <p>Validation Rules:</p>
            </p>
            <p>No Input allowed</p>
        </desc>
</t>
<t>
<field>RESERVED10</field>
<desc>
            <p>Reserved for future use </p>
            <p>
                <p>Validation Rules:</p>
            </p>
            <p>No Input allowed</p>
        </desc>
</t>
<t>
<field>RESERVED2</field>
<desc>
            <p>Reserved for future use </p>
            <p>
                <p>Validation Rules:</p>
            </p>
            <p>No Input allowed</p>
        </desc>
</t>
<t>
<field>OPEN.BAL.IND</field>
<desc>
            <p>This field contains the opening balance indicator and will be either 'C' (indicating credit) or 'D' (indicating debit) </p>
            <p>
                <p>Validation Rules:</p>
            </p>
            <p>1 character field  Input may only be 'C' or 'D'</p>
        </desc>
</t>
<t>
<field>CLOSE.BAL.IND</field>
<desc>
            <p>This field contains the closing balance indicator and will be either 'C' (indicating credit) or 'D' (indicating debit) </p>
            <p>
                <p>Validation Rules:</p>
            </p>
            <p>1 character field  Input may only be 'C' or 'D'</p>
        </desc>
</t>
<t>
<field>STMT.OR.LEDGER</field>
<desc>
            <p>Help Text for this field is unavailable.  Please refer to the T24 User Guides for further information.</p>
        </desc>
</t>
<t>
<field>PAGE.NO</field>
<desc>
            <p>Help Text for this field is unavailable.  Please refer to the T24 User Guides for further information.</p>
        </desc>
</t>
<t>
<field>ACC.INST.REF</field>
<desc>
            <p>This field contains the Account Servicing Institutions Reference </p>
            <p>The content of this field is the Account Servicing Institutions own reference for the transaction. </p>
            <p>When the transaction has been initiated by the Account Servicing Institution, the Account Servicing Institutions reference may be identical to the Reference for the Account Owner. If that is the case, this field may be omitted. </p>
            <p>
                <p>Validation Rules:</p>
            </p>
            <p>Multi-valued field</p>
        </desc>
</t>
<t>
<field>ACC.OWNER.REF</field>
<desc>
            <p>This field contains the reference for the Account Owner. </p>
            <p>At least one valid character other than a blank must be present. </p>
            <p>For debit entries, the purpose of this field is to identify, to the Account Owner, the instruction which caused the debit. Therefore, the content of this field is the Senders Transaction Reference Number of the original instruction. </p>
            <p>Credit entries may be the result of one of the following situations: </p>
            <p>1. The Account Servicing Institution is identifying, to the Account Owner the receipt of funds for its account as a result of a related transaction. In this case, the content of is the Reference for the Beneficiary of the related transaction. </p>
            <p>2. The Account Servicing Institution has issued a payment instruction to the Account Owner and the credit identified in this field is for that payment. The content of the field is the Transaction Reference Number of the payment instruction issued by the Account Servicing Institution. </p>
            <p>If no reference is available for this field, the code NONREF will be used. The Account Servicing Institution must then supply, in the Supplementary Details field, what it considers to be the best alternative information. </p>
            <p>
                <p>Validation Rules:</p>
            </p>
            <p>Multi-valued field</p>
        </desc>
</t>
<t>
<field>ACCOUNT.CURRENCY</field>
<desc>
            <p>This field contains the currency code of the account fo this statement. </p>
            <p>
                <p>Validation Rules:</p>
            </p>
            <p>3 character currency mnemonic  Standard currency format</p>
        </desc>
</t>
<t>
<field>ACCOUNT.ID</field>
<desc>
            <p>This field identifies the account for which the statement is sent. Where this is a correspondent bank's account number, the system will reference the Agency file to determine the T24 account number. </p>
            <p>
                <p>Validation Rules:</p>
            </p>
            <p>Free format 35 character (alphanumeric) field</p>
        </desc>
</t>
</menu>
</t24help>

