﻿<?xml version="1.0" encoding="utf-8"?>
<t24help>
  <header>
    <product>US Lending</product>
    <title>USLEND.L.COUPON.BOOKS.TEMP</title>
    <table>USLEND.L.COUPON.BOOKS.TEMP</table>
  </header>
  <overview>
    <ovdesc>
      <p>This table is used to store the data/values of the loans when BILLING.METHOD is set to CB - COUPON.BOOKS</p>
      <p></p>
     
    </ovdesc>
    <ovimage>
    </ovimage>
  </overview>
  <menu>

<t>
      <field>ARRANGEMENT.ID</field>
      <desc>
        <p>The @ID of the arrangement</p>     
      </desc>
    </t>
<t>
      <field>LOAN.ACCOUNT</field>
      <desc>
        <p>The Account number of that Loan</p> 
      </desc>
    </t>
<t>
      <field>PAY.SCHEDULE.DATE</field>
      <desc>
        <p>The payment schedules for the repayment of the loan</p>     
	<p></p> 
      </desc>
    </t>

<t>
      <field>PAY.SCHEDULE.AMT</field>
      <desc>
        <p>The payment schedules for the repayment of the loan ( This Total Due amount is the sum of the Principal + Interest)</p>     
      </desc>
    </t>

<t>
      <field>LATE.PAY.CHARGE</field>
      <desc>
        <p>This field will update the late payment fee amount</p>     
      </desc>
    </t>
	</menu>
</t24help>
