<t24help>
  <header>
    <product>USLEND</product>
    <title>Escrow Analysis Details</title>
    <table>USLEND.ESCROW.ANALYSIS.DETS</table>
  </header>
  <overview>
    <ovdesc>
      <p>This table is used to store Escrow analysis projections per arrangement. This table is updated by the system either upon triggering LENDING-NEW-ARRANGEMENT or LENDING-CHANGE-ESCROW activity when ANALYSIS field in ESCROW charge property is set to YES or NXT.ANLYSIS.FQU field in PAYMENT.SCHEDULE property class is TODAY.</p>
    </ovdesc>
    <ovimage>
    </ovimage>
  </overview>
  <menu>
    <t>
      <field>ESCROW.ANALYSIS</field>
      <desc>
        <p>The ID comprises of Arrangement ID - Date</p>
      </desc>
    </t>
    <t>
      <field>ANALYSIS.TYPE</field>
      <desc>
        <p>Identifies the type of analysis done either INITIAL or ACTUAL</p>
	<p>Validation Rules</p>
	<p></p>
	<p>INTIAL - Analysis done upon enrolment for Escrow processing, i.e. when customer opts of escrow processing on the arrangement either on a NEW/existing arrangement.</p>
	<p>ACTUAL - Analysis done by the system based on NXT.ANLYSIS.FQU field in PAYMENT.SCHEDULE property class</p> 
      </desc>
    </t>
    <t>
            <field>CALC.DATE</field>
            <desc>
                <p>Stores the date on which the analysis was performed</p>
                <p/>
            </desc>
        </t>
    <t>
            <field>DATE</field>
            <desc>
                <p>Escrow payment schedule dates and Escrow disbursement dates for each payee </p>
                <p/>
                <p>              Validation rules</p>
                <p/>
                <p>              Standard T24 DATE format, i.e. YYYYMMDD</p>
            </desc>
        </t>        
        <t>
            <field>AMOUNT</field>
            <desc>
                <p>This field contains the disbursement amount(amount prefixed with a hyphen '-') and escrow instalment amount for the corresponding DATE field.</p>
                <p/>
                <p>              Validation rules</p>
                <p/>
                <p>              Positive amount signifies escrow instalment amount </p>
                <p>              Negative amount signifies escrow disbursement amount</p>
            </desc>
        </t> 
                <t>
            <field>BALANCE</field>
            <desc>
                <p>Amount in this field is the summation of INITIAL.AMOUNT + AMOUNT for each given DATE.</p>
                <p/>
                <p>              Validation rules</p>
                <p/>
                <p>              1-16 AMT Standard amount format.</p>
            </desc>
        </t> 
        <t>
            <field>INITIAL.AMOUNT</field>
            <desc>
                <p>This field contains the initial amount required from the customer once the analysis is performed. The initial amount is calculated taking into consideration the available balance in ESCROWBAL balance type.</p>
                <p/>
                <p>              Validation rules</p>
                <p/>
                <p>              1-16 AMT Standard amount format.</p>
            </desc>
        </t> 
<t>
<field>RESERVED.10</field>
<desc>
<p>Reserve Fields</p>
</desc>
</t>
        <t>
<field>RESERVED.9</field>
<desc>
<p>Reserve Fields</p>
</desc>
</t>
        <t>
<field>RESERVED.8</field>
<desc>
<p>Reserve Fields</p>
</desc>
</t>
        <t>
<field>RESERVED.7</field>
<desc>
<p>Reserve Fields</p>
</desc>
</t>
        <t>
<field>RESERVED.6</field>
<desc>
<p>Reserve Fields</p>
</desc>
</t>
        <t>
<field>RESERVED.5</field>
<desc>
<p>Reserve Fields</p>
</desc>
</t>
        <t>
<field>RESERVED.4</field>
<desc>
<p>Reserve Fields</p>
</desc>
</t>
        <t>
<field>RESERVED.3</field>
<desc>
<p>Reserve Fields</p>
</desc>
</t>
        <t>
<field>RESERVED.2</field>
<desc>
<p>Reserve Fields</p>
</desc>
</t>
        <t>
<field>RESERVED.1</field>
<desc>
<p>Reserve Fields</p>
</desc>
</t>
  </menu>
</t24help>