﻿<?xml version="1.0" encoding="utf-8"?>
<t24help>
  <header>
    <product>US Lending</product>
    <title>USLEND.COUPON.BOOKS</title>
    <table>USLEND.COUPON.BOOKS</table>
  </header>
  <overview>
    <ovdesc>
      <p>This table is used to store the records of the USLEND.L.COUPON.BOOKS.TEMP for a particular arrangement</p>
      <p></p>
     
    </ovdesc>
    <ovimage>
    </ovimage>
  </overview>
  <menu>

<t>
      <field>COUPON.BOOKS.TEMP.ID</field>
      <desc>
        <p>The @ID of USLEND.L.COUPON.BOOKS.TEMP</p>     
      </desc>
    </t>

	</menu>
</t24help>
