<t24help>
  <header>
    <product>USLEND</product>
    <title>US Lending Parameter</title>
    <table>USLEND.PARAMETER</table>
  </header>
  <overview>
    <ovdesc>
      <p>This table is used to define the parameter records for US Lending features such as ESCROW processing.</p>
    </ovdesc>
    <ovimage>
    </ovimage>
  </overview>
  <menu>
    <t>
      <field>@ID</field>
      <desc>
        <p>Should be a valid T24 company code</p>
	<p>Validation Rules</p>
	<P></P>
	<P>There should be a record in COMPANY table</P>
      </desc>
    </t>
    <t>
      <field>COMPANY.CODE</field>
      <desc>
        <p>Should be a valid T24 company code</p>
	<p>Validation Rules</p>
	<P></P>
	<P>There should be a record in COMPANY table</P>
      </desc>
    </t>
    <t>
            <field>CURRENCY</field>
            <desc>
                <p>Currency of the Lending contract according to which escrow processing actions are determined. This field is associated with SURP.THRESHOLD.AMT, SURPLUS.OPTION, SHORTAGE.OPTION and TEST.ANALYSIS.PERIOD </p>
                <p/>
                <p>              Validation rules</p>
                <p/>
                <p>              Must be a valid record in CURRENCY</p>
            </desc>
        </t>
    <t>
            <field>SURP.THRESHOLD.AMT</field>
            <desc>
                <p>Escrow threshold amount for an arrangement contract, used to determine the action to be performed by the system when Escrow balance breaches the threshold amount for the given CURRENCY. Input is this field is required only if Escrow processing feature is used. This field is associated with CURRENCY, SURPLUS.OPTION, SHORTAGE.OPTION and TEST.ANALYSIS.PERIOD </p>
                <p/>
                <p>              Validation rules</p>
                <p/>
                <p>              1-16 type AMT (standard amount format) characters plus a decimal point.</p>
            </desc>
        </t>        
        <t>
            <field>SURPLUS.OPTION</field>
            <desc>
                <p>Determines the action to be performed by the system when Escrow balance breaches the threshold amount mentioned in SURP.THRESHOLD.AMT and CURRENCY. Input is this field is required only if Escrow processing feature is used. This field is associated with CURRENCY, SURP.THRESHOLD.AMT, SHORTAGE.OPTION and TEST.ANALYSIS.PERIOD </p>
                <p/>
                <p>              Validation rules</p>
                <p/>
                <p>              Reduce Escrow payment - The excess escrow balance beyond SURP.THRESHOLD.AMT held in ESCROWBAL balance type of the loan contract will be adjusted along with the future escrow instalments</p>
                <p>              Refund to customer    - The excess escrow balance beyond SURP.THRESHOLD.AMT held in ESCROWBAL balance type of the loan contract will be refunded/credited to the customer account defined in SETTLEMENT property class of the arrangement</p>
            </desc>
        </t> 
                <t>
            <field>SHORTAGE.OPTION</field>
            <desc>
                <p>Determines the action to be performed by the system when Escrow balance is short of cushion amount requried for disbursement to escrow payee(s). This field is associated with CURRENCY, SURP.THRESHOLD.AMT, SURPLUS.OPTION and TEST.ANALYSIS.PERIOD </p>
                <p/>
                <p>              Validation rules</p>
                <p/>
                <p>              Ignore shortage             - Do nothing, ignore the shortage.</p>
                <p>              Request payment in 30 days  - The shortage escrow amount will be included as part of the arrangement payment schedule to issue a bill for the customer to make the payment.</p>
                <p>              Add to Escrow               - The shortage  escrow amount in ESCROWBAL balance type of the loan contract will be with the upcoming escrow instalments</p>
            </desc>
        </t> 
        <t>
            <field>TEST.ANALYSIS.PERIOD</field>
            <desc>
                <p>Stores the period before the next scheduled analysis is being performed. This field is associated with CURRENCY, SURP.THRESHOLD.AMT, SURPLUS.OPTION and SHORTAGE.OPTION  </p>
                <p/>
                <p>              Validation rules</p>
                <p/>
                <p>              Should be of a valid PERIOD type. For example, 30D where D - Days or 1M where M - Month etc.</p>
            </desc>
        </t> 
        <t>
<field>RESERVED.25</field>
<desc>
<p>Reserve Fields</p>
</desc>
</t>
        <t>
<field>RESERVED.24</field>
<desc>
<p>Reserve Fields</p>
</desc>
</t>
        <t>
<field>RESERVED.23</field>
<desc>
<p>Reserve Fields</p>
</desc>
</t>
        <t>
<field>RESERVED.22</field>
<desc>
<p>Reserve Fields</p>
</desc>
</t>
        <t>
<field>RESERVED.21</field>
<desc>
<p>Reserve Fields</p>
</desc>
</t>
        <t>
<field>RESERVED.20</field>
<desc>
<p>Reserve Fields</p>
</desc>
</t>
        <t>
<field>RESERVED.19</field>
<desc>
<p>Reserve Fields</p>
</desc>
</t>
        <t>
<field>RESERVED.19</field>
<desc>
<p>Reserve Fields</p>
</desc>
</t>
        <t>
<field>RESERVED.18</field>
<desc>
<p>Reserve Fields</p>
</desc>
</t>
        <t>
<field>RESERVED.17</field>
<desc>
<p>Reserve Fields</p>
</desc>
</t>
        <t>
<field>RESERVED.16</field>
<desc>
<p>Reserve Fields</p>
</desc>
</t>
        <t>
<field>RESERVED.15</field>
<desc>
<p>Reserve Fields</p>
</desc>
</t>
        <t>
<field>RESERVED.14</field>
<desc>
<p>Reserve Fields</p>
</desc>
</t>
        <t>
<field>RESERVED.13</field>
<desc>
<p>Reserve Fields</p>
</desc>
</t>
        <t>
<field>RESERVED.12</field>
<desc>
<p>Reserve Fields</p>
</desc>
</t>
        <t>
<field>RESERVED.11</field>
<desc>
<p>Reserve Fields</p>
</desc>
</t>
        <t>
<field>RESERVED.10</field>
<desc>
<p>Reserve Fields</p>
</desc>
</t>
        <t>
<field>RESERVED.9</field>
<desc>
<p>Reserve Fields</p>
</desc>
</t>
        <t>
<field>RESERVED.8</field>
<desc>
<p>Reserve Fields</p>
</desc>
</t>
        <t>
<field>RESERVED.7</field>
<desc>
<p>Reserve Fields</p>
</desc>
</t>
        <t>
<field>RESERVED.6</field>
<desc>
<p>Reserve Fields</p>
</desc>
</t>
        <t>
<field>RESERVED.5</field>
<desc>
<p>Reserve Fields</p>
</desc>
</t>
        <t>
<field>RESERVED.4</field>
<desc>
<p>Reserve Fields</p>
</desc>
</t>
        <t>
<field>RESERVED.3</field>
<desc>
<p>Reserve Fields</p>
</desc>
</t>
        <t>
<field>RESERVED.2</field>
<desc>
<p>Reserve Fields</p>
</desc>
</t>
        <t>
<field>RESERVED.1</field>
<desc>
<p>Reserve Fields</p>
</desc>
</t>
  </menu>
</t24help>