<t24help>
  <header>
    <product>USLEND</product>
    <title>Participant Payout Details.</title>
    <table>USLEND.PARTICIPANT.PAYOUT.DETAILS</table>
  </header>
  <overview>
    <ovdesc>
      <p>This live table captures the account details of the participating investors to where the funds to be credited. It is the FIN type table.</p>
	  <p>LOAN.REPAY.REF(@ID)  - This field holds the Loan repayment transaction reference.</p>
    </ovdesc>
    <ovimage>
    </ovimage>
  </overview>
  <menu>
    <t>
      <field>LOAN.ARRANGEMENT.ID </field>
      <desc>
        <p>Arrangement ID of the loan is captured in this field.</p>
      </desc>
    </t>
    <t>
      <field>LOAN.REPAYMENT.DATE</field>
      <desc>
	<p>It denotes the Value date of the Loan Repayment.</p>
      </desc>
    </t>
    <t>
      <field>REPAY.PROCESSING.DATE</field>
      <desc>
        <p>This field captures the booking date of the Loan Repayment.</p>
      </desc>
    </t>
	<t>
      <field>INVESTOR.DEPOSIT.ID</field>
      <desc>
        <p>The Loan participants deposit Arrangement ID is captured in this field.</p>
      </desc>
    </t>   
	<t>
      <field>PRINCIPAL.PAYOUT.AMT</field>
      <desc>
        <p>Investors Deposit Principal Payout Amount is captured  in this field.</p>
      </desc>
    </t>    
	<t>
      <field>PRINCIPAL.PAYOUT.REF</field>
      <desc>
        <p>Investors Deposit Principal Payout transaction Reference is captured in this field. This is referred to reverse the deposit pay out when loan repayment is reversed.</p>
      </desc>
    </t>
	<t>
      <field>INTEREST.PAYOUT.AMT</field>
      <desc>
        <p>Investor Deposit Interest Payout Amount is captured in this field.</p>
      </desc>
    </t>
	<t>
      <field>INTEREST.PAYOUT.REF</field>
      <desc>
        <p>Investors Deposit Interest Payout transaction Reference is captured in this field. This is referred to reverse the deposit pay out when loan repayment is reversed.</p>
      </desc>
    </t>
  </menu>
</t24help>