<t24help>
  <header>
    <product>USLEND</product>
    <title>Loan Participant Details</title>
    <table>USLEND.LOAN.PARTICIPANT.DETAILS</table>
  </header>
  <overview>
    <ovdesc>
      <p>This live table is used to capture the details of the Loan participating investors information. It is a FIN type table.</p>
	  <p>LOAN.ID - This field captures the transaction ID of the loan given to the borrower.</p>
	  <p></p>
    </ovdesc>
    <ovimage>
    </ovimage>
  </overview>
  <menu>
    <t>
      <field>PARTICIPANT.ID</field>
      <desc>
        <p>Shows the participation deposit Arrangement Id created for customer loan participation</p>
      </desc>
    </t>
	    <t>
      <field>PARTICIPANT.PERCENTAGE</field>
      <desc>
        <p>To define the investor's percentage in the master note (loan).</p>
      </desc>
    </t>
	    <t>
      <field>PARTICIPANT.PAYOUT.ACC</field>
      <desc>
        <p>This is typically a DDA account at the Lead Bank titled in the name of the Investor. This account is utilized to hold the funds coming from and going to the Investor as part of the processing.</p>
      </desc>
    </t>
  </menu>
</t24help>