<?xml version="1.0" encoding="utf-8"?>
<t24help>
<header>
<product>XT</product>
<table>XT.FORMATS</table>
</header>
<overview>
<ovdesc>

            <p>The formats table is simply a place to store the valid format names. </p>
            <p>It is used for validation of the internal and external formats in XT.RECORD.DEFS. The use and interpretation of these formats is handled within the programs XT.MATCH.MAP and XT.OUTPUT. </p>
        </ovdesc>
<ovimage></ovimage>
</overview>
<menu>
<t>
<field>DESCRIPTION</field>
<desc>
            <p>Describes the format named by this record. </p>
            <p>
                <p>Validation Rules:</p>
            </p>
            <p>3-35 type A (alphanumeric) characters. Multilanguage field. (Mandatory input.)</p>
        </desc>
</t>
<t>
<field>FORMAT</field>
<desc>
            <p>Identifies the formats of incoming or outgoing data. </p>
            <p>
                <p>Validation Rules:</p>
            </p>
            <p>3-20 alphanumeric characters.</p>
        </desc>
</t>
</menu>
</t24help>

