<?xml version="1.0" encoding="utf-8"?>
<t24help>
<header>
<product>XT</product>
<table>XT.KEYS.TELEKURS</table>
</header>
<overview>
<ovdesc>

        </ovdesc>
<ovimage></ovimage>
</overview>
<menu>
<t>
<field>UNQ</field>
<desc>
            <p>Standard T24 alphanumeric field. </p>
            <p>
                <p>Validation Rules:</p>
            </p>
            <p>Mandatory input.</p>
            <p>A maximum of 50 characters may be entered.</p>
        </desc>
</t>
<t>
<field>UNQ.ID.YYMMDD.HHMM</field>
<desc>
            <p>Alpha-numeric record key of up to 50 characters in length.</p>
        </desc>
</t>
<t>
<field>ERROR.LOG</field>
<desc>
            <p>This is a multi valued field. Standard T24 alphanumeric field. </p>
            <p>
                <p>Validation Rules:</p>
            </p>
            <p>A maximum of 50 characters may be entered.</p>
            <p>This is a no input, no copy field.</p>
        </desc>
</t>
<t>
<field>MAPPING.STATUS</field>
<desc>
            <p>
                <p>Validation Rules:</p>
            </p>
            <p>Mandatory input.</p>
            <p>A maximum of 6 characters may be entered.</p>
            <p>The following values are permitted:       DELETE      REMAP</p>
        </desc>
</t>
<t>
<field>SELDATE</field>
<desc>
            <p>Field no longer in use.</p>
        </desc>
</t>
</menu>
</t24help>

