<?xml version="1.0" encoding="utf-8"?>
<t24help>
<header>
<product>XT</product>
<table>XT.KEYS</table>
</header>
<overview>
<ovdesc>

            <p>This application is used to maintain the status of the external records.  If no action is taken then the status is set to 'UNMAPPED', if the records are used to update the internal data base or transmitted to external data base then the status is changed to either  'MAPPED', if the operation was successful or to 'ERROR' if the operation was a failure.  The detail error message will also be maintained by the application. </p>
        </ovdesc>
<ovimage></ovimage>
</overview>
<menu>
<t>
<field>UNQ.ID.YYMMDD.HHMM</field>
<desc>
            <p>Alpha-numeric record key of up to 50 characters in length.</p>
        </desc>
</t>
<t>
<field>ERROR.LOG</field>
<desc>
            <p>Holds the detail error messages.  Updated by external process. </p>
            <p>
                <p>Validation Rules:</p>
            </p>
            <p>Up to 50 characters long.</p>
        </desc>
</t>
<t>
<field>MAPPING.STATUS</field>
<desc>
            <p>Defines the status of the external record: UNMAPPED- Record is yet to be processed MAPPED  - Record is successfully mapped into the system REMAP   - The operation is to be reperformed DELETE  - The external record is to be deleted </p>
            <p>
                <p>Validation Rules:</p>
            </p>
            <p>Only the above stated values are allowed. Out of these values, UNAMPPED &amp; MAPPED are set by the system.  User has the option of inputting either REMAP or DELETE.</p>
        </desc>
</t>
<t>
<field>UNQ</field>
<desc>
            <p>Standard T24 alphanumeric field. </p>
            <p>
                <p>Validation Rules:</p>
            </p>
            <p>Mandatory input.</p>
            <p>A maximum of 50 characters may be entered.</p>
        </desc>
</t>
</menu>
</t24help>

