<?xml version="1.0" encoding="utf-8"?>
<t24help>
<header>
<product>XT</product>
<table>XT.LOG</table>
</header>
<overview>
<ovdesc>

            <p>This application holds the log , when external source is dumped into T24 system. </p>
        </ovdesc>
<ovimage></ovimage>
</overview>
<menu>
<t>
<field>LINE</field>
<desc>
            <p>This field holds the log information  of the dumping operation performed, for the source. </p>
            <p>
                <p>Validation Rules:</p>
            </p>
            <p>Up to 79 (Type A) alphanumeric characters</p>
        </desc>
</t>
<t>
<field>SOURCE.DDMMYY.HHMM</field>
<desc>
            <p>Identifies which external source has been dumped into T24 system, and when. </p>
            <p>
                <p>Validation Rules:</p>
            </p>
            <p>Up to 21 alphanumeric characters of the form: [Source name].DDMMYY.HHMM Date and time portions of the id are picked up from the system.</p>
        </desc>
</t>
</menu>
</t24help>

