<?xml version="1.0" encoding="utf-8"?>
<t24help>
<header>
<product>XT</product>
<table>XT.NEXT.ID</table>
</header>
<overview>
<ovdesc>

            <p>This module is necessary because the automatic generation facilities available within the T24 core routines are not available for security codes of the format  999999-000. It is only used (at present) for incrementing security codes during an Exbond Build of the bonds database. Account builds are handled via the standard methods to generate the next account number. </p>
        </ovdesc>
<ovimage></ovimage>
</overview>
<menu>
<t>
<field>DESCRIPTION</field>
<desc>
            <p>Describes the file name of this record. </p>
            <p>
                <p>Validation Rules:</p>
            </p>
            <p>3-35 type A (alphanumeric) characters. Multilanguage field. (Mandatory input.)</p>
        </desc>
</t>
<t>
<field>FILENAME</field>
<desc>
            <p>The file name which is to have sequential IDs automatically generated. </p>
            <p>
                <p>Validation Rules:</p>
            </p>
            <p>1-32 type AA (alphanumeric) characters.</p>
            <p>The input must be the name or abbreviation of a file of type H, U or L.</p>
        </desc>
</t>
<t>
<field>LOCAL.REF</field>
<desc>
            <p>This is a multi valued field. Standard T24 alphanumeric field. </p>
            <p>
                <p>Validation Rules:</p>
            </p>
            <p>A maximum of 35 characters may be entered.</p>
        </desc>
</t>
<t>
<field>NEXT.ID</field>
<desc>
            <p>The next sequential key for a new record for this file </p>
            <p>
                <p>Validation Rules:</p>
            </p>
            <p>The valid format for the key of the specified file. (Mandatory input on creation, not amendable!)</p>
            <p>Must be in the same format as the ID for the specified file name.  Existing IDs are not allowed.</p>
        </desc>
</t>
</menu>
</t24help>

