<?xml version="1.0" encoding="utf-8"?>
<t24help>
<header>
<product>XT</product>
<table>XT.RECORD.DEFS</table>
</header>
<overview>
<ovdesc>

            <p>This application is used to define/maintain record/field definitions for an external source, already specified in XT.SOURCE. </p>
        </ovdesc>
<ovimage></ovimage>
</overview>
<menu>
<t>
<field>I.MAP.RULE</field>
<desc>
            <p>Reserved for future use. </p>
        </desc>
</t>
<t>
<field>FIELD.POSITION</field>
<desc>
            <p>Specifies the starting position of the field, relative to the starting position of the record (which starts at the position 1).  Default value is calculated as = last field position + (last field length * last field occurrence). </p>
            <p>
                <p>Validation Rules:</p>
            </p>
            <p>1 to 40 numeric characters. Multivalued field associated with FIELD NAME (Field 1).</p>
            <p>No overlap of fields are allowed.</p>
        </desc>
</t>
<t>
<field>LOCAL.REF</field>
<desc>
            <p>Identifies any additional element which has been defined locally to meet a particular requirement. </p>
            <p>
                <p>Validation Rules:</p>
            </p>
            <p>1 to 35 characters as defined in local table definition for this local reference field. Multivalued field. Optional or Mandatory input according to definition in LOCAL TABLE.</p>
        </desc>
</t>
<t>
<field>I.FIELD.NO</field>
<desc>
            <p>Indicates the field number on input where the converted field (data) will be placed within the above record for the file defined in input file name. </p>
            <p>
                <p>Validation Rules:</p>
            </p>
            <p>Up to 32 alphanumeric characters. Mandatory input if INPUT FILE NAME is specified.</p>
            <p>Must be a valid field number with the file referenced.</p>
        </desc>
</t>
<t>
<field>INT.FORMAT</field>
<desc>
            <p>Format of the field within the T24 system database. </p>
            <p>
                <p>Validation Rules:</p>
            </p>
            <p>10 alphanumeric characters. Multivalued field associated with FIELD NAME (Field 1). Optional input.</p>
            <p>If specified then, must be present in XT.FORMATS.</p>
        </desc>
</t>
<t>
<field>O.FILE.NAME</field>
<desc>
            <p>Name of the external data base file, to which this field will be transferred. </p>
            <p>
                <p>Validation Rules:</p>
            </p>
            <p>1 to 32 alphanumeric characters. Multivalued field associated with FIELD NAME (Field 1). Optional input.</p>
            <p>File name must be present in PGM.FILE as type - H/U/L, abbreviations allowed should exist on XT.FILE.CONCATS.</p>
        </desc>
</t>
<t>
<field>SPECIAL.FIELD</field>
<desc>
            <p>Used with the SPECIAL ROUTINE to indicate a special field to be checked/used, for conversion. </p>
            <p>
                <p>Validation Rules:</p>
            </p>
            <p>1 to 20 alphanumeric characters. Multivalued field associated with FIELD NAME (Field 1). Optional input.</p>
            <p>Must be a valid field name, within this record definition.</p>
        </desc>
</t>
<t>
<field>I.MAP.FIELD</field>
<desc>
            <p>Reserved for future use. </p>
        </desc>
</t>
<t>
<field>O.MAP.FIELD</field>
<desc>
            <p>Reserved for future use. </p>
        </desc>
</t>
<t>
<field>SOURCE.REC</field>
<desc>
            <p>Standard T24 alphanumeric field. </p>
            <p>
                <p>Validation Rules:</p>
            </p>
            <p>Mandatory input.</p>
            <p>A maximum of 20 characters may be entered.</p>
        </desc>
</t>
<t>
<field>KEY.FIELD</field>
<desc>
            <p>Indicates the logical key field number. </p>
            <p>
                <p>Validation Rules:</p>
            </p>
            <p>1 to 4 numeric characters. Multivalue field associated with FIELD NAME (Field 1). Optional input.</p>
            <p>This field cannot have occurrences.</p>
            <p>All the key fields must be in sequence, without any break in between.</p>
            <p>Field position of the 1st key field must match with the ID POSITION, specified in the XT.SOURCES, for the external data.</p>
            <p>Sum of all key fields must match the ID LENGTH, specified in the XT.SOURCE for the external data.</p>
        </desc>
</t>
<t>
<field>I.FILE.NAME</field>
<desc>
            <p>Specifies the file within the T24 system, which is to be updated on reading the external sources, with the field. </p>
            <p>
                <p>Validation Rules:</p>
            </p>
            <p>up to 32 alphanumeric characters. Optional input associated with FIELD NAME (Field 1). Valuation</p>
            <p>File name must exist on PGM.FILE and must be to type H/U/L.</p>
            <p>Must also be present in FILE.CONCATS and in XT.NEXT.ID.</p>
        </desc>
</t>
<t>
<field>FIELD.NAME</field>
<desc>
            <p>Defines the name of the field in the external record, of the specified type. </p>
            <p>
                <p>Validation Rules:</p>
            </p>
            <p>1 to 20 alphanumeric characters. Multivalue field. Mandatory input.</p>
            <p>No duplicates allowed.</p>
        </desc>
</t>
<t>
<field>O.FIELD.NO</field>
<desc>
            <p>Field number in the above mentioned file  OUT FILE NAME, where the current definition of the field should be placed. </p>
            <p>
                <p>Validation Rules:</p>
            </p>
            <p>1 to 32 alphanumeric characters. Mandatory input, if OUT FILE NAME is specified.</p>
            <p>Must be a valid field number in the file.</p>
        </desc>
</t>
<t>
<field>O.MAP.RULE</field>
<desc>
            <p>Reserved for future use. </p>
        </desc>
</t>
<t>
<field>FIELD.OCCURENCE</field>
<desc>
            <p>Indicates the number of occurrences of this field (i.e. sub values in terms of INFO - data format). </p>
            <p>
                <p>Validation Rules:</p>
            </p>
            <p>1 to 3 numeric characters. Multivalued field associated with FIELD NAME (Field 1). Optional input.</p>
            <p>Key fields cannot have occurrences.</p>
        </desc>
</t>
<t>
<field>SPECIAL.ROUTINE</field>
<desc>
            <p>Special routine (hard-coded) to be called during conversion processing of the file (within XT.MATCH.MAP). </p>
            <p>
                <p>Validation Rules:</p>
            </p>
            <p>1 to 35 alphanumeric characters. Multivalued field associated with FIELD NAME (Field 1). Optional input.</p>
        </desc>
</t>
<t>
<field>SOURCE.REC.TYPE</field>
<desc>
            <p>Identifies which record type of the external source, defined earlier, is described here. </p>
            <p>
                <p>Validation Rules:</p>
            </p>
            <p />
            <p>3 to 20 alphanumeric characters of the format:</p>
            <p>
                <p>EXTERNAL SOURCE NAME must be present in XT.SOURCE. </p>
            </p>
            <p>
                <p>RECORD.TYPE = a value specified in the field - 'RECORD ID     VALUE' in the XT.SOURCE definition of the external source. </p>
            </p>
        </desc>
</t>
<t>
<field>CONV.TABLE</field>
<desc>
            <p>Indicates the conversion table to be used on input/output translation/conversion for this field. </p>
            <p>
                <p>Validation Rules:</p>
            </p>
            <p>1 to 30 alphanumeric characters. Multivalued field associated with FIELD NAME (Field 1). Optional input.</p>
            <p>If specified, there must be a table entry in XT.TABLES.</p>
        </desc>
</t>
<t>
<field>EXT.FORMAT</field>
<desc>
            <p>Format of the field, in the external record. </p>
            <p>
                <p>Validation Rules:</p>
            </p>
            <p>1 to 10 alpha numeric. Optional input. Multivalued field associated with FIELD NAME (Field 1).</p>
            <p>If specified then, the format must be present in XT.FORMATS table.</p>
        </desc>
</t>
<t>
<field>FIELD.DESCR</field>
<desc>
            <p>Description of the field. </p>
            <p>
                <p>Validation Rules:</p>
            </p>
            <p>1 to 35 alphanumeric characters (type A). Multivalued field associated with FIELD NAME (Field 1). Multilanguaged field. Mandatory input.</p>
        </desc>
</t>
<t>
<field>FIELD.LENGTH</field>
<desc>
            <p>Indicates the length of the field, whose position is set in FIELD POSITION (Field 3.1). </p>
            <p>
                <p>Validation Rules:</p>
            </p>
            <p>1 to 4 numeric characters. Multivalued field, associated with FIELD NAME (Field 1).</p>
            <p>Length cannot exceed 2048 characters.</p>
            <p>Current field position + length should not exceed the record length as specified in XT.SOURCE, for the specified record type.</p>
        </desc>
</t>
</menu>
</t24help>

