<?xml version="1.0" encoding="utf-8"?>
<t24help>
<header>
<product>XT</product>
<table>XT.SOURCE.RECS.AIBD</table>
</header>
<overview>
<ovdesc>

        </ovdesc>
<ovimage></ovimage>
</overview>
<menu>
<t>
<field>POSITION.KEY</field>
<desc>
            <p>Standard T24 alphanumeric field. </p>
            <p>
                <p>Validation Rules:</p>
            </p>
            <p>Mandatory input.</p>
            <p>A maximum of 50 characters may be entered.</p>
        </desc>
</t>
<t>
<field>XT.DETAIL</field>
<desc>
            <p>This is a multi valued field. Standard T24 alphanumeric field. </p>
            <p>
                <p>Validation Rules:</p>
            </p>
            <p>A maximum of 35 characters may be entered.</p>
        </desc>
</t>
</menu>
</t24help>

