<?xml version="1.0" encoding="utf-8"?>
<t24help>
<header>
<product>XT</product>
<table>XT.SOURCE.RECS</table>
</header>
<overview>
<ovdesc>

            <p>This application maintains the external source records in INFO-BASIC format. </p>
        </ovdesc>
<ovimage></ovimage>
</overview>
<menu>
<t>
<field>POSITION.KEY</field>
<desc>
            <p>Identifies each record by the id definations defined in XT.RECORD.DEFS for the external source. </p>
            <p>Records are automatically generated by the 'XT' module programs.  User can just see the fields in the records. </p>
            <p>
                <p>Validation Rules:</p>
            </p>
            <p>UNQ-ID.YYMMDD.HHMM UNQ-ID is formed by the ID-defination in the XT.RECORD.DEFS YYMMDD - TAKEN FROM THE SYSTEM HHMM - TAKEN FROM THE SYSTEM Total length should not exceed 50 characters.</p>
        </desc>
</t>
<t>
<field>XT.DETAIL</field>
<desc>
            <p>This field holds the field of the external record. The fields are held as values. The field number of the external record is the value number. </p>
            <p>
                <p>Validation Rules:</p>
            </p>
            <p>Up to 35 alphanumeric characters.</p>
        </desc>
</t>
</menu>
</t24help>

