<?xml version="1.0" encoding="utf-8"?>
<t24help>
<header>
<product>XT</product>
<table>XT.TABLES</table>
</header>
<overview>
<ovdesc>

            <p>Conversion tables are used to translate from an external value to internal value before performing the mapping (see XT.MATCH.MAP) or vice versa (see XT.OUTPUT). </p>
            <p>A typical example is the conversion of an external source's industry codes to the codes used in the application. </p>
            <p>Note thatby having an empty external value paired with an internal value, this value becomes the default value of this table for incoming data, i.e. if the incoming value is not in the table, then convert it to this default value (and vice versa for outgoing data). </p>
            <p>Having a table with ONLY a default pair of values means that ANY incoming value will take the default value. So, by specifying a dummy field on XT.RECORD.DEFS, specifying a 'default only' conversion table, and mapping it onto internal files, you can force values onto internal files that need not be related to incoming data. </p>
        </ovdesc>
<ovimage></ovimage>
</overview>
<menu>
<t>
<field>INTERNAL.VALUES</field>
<desc>
            <p>The internal value corresponding to the external value </p>
            <p>
                <p>Validation Rules:</p>
            </p>
            <p>3-35 type A (alphanumeric) characters. (Optional input, but at least one of EXTERNAL VALUE and INTERNAL VALUE must be present.)</p>
        </desc>
</t>
<t>
<field>O.CONV.RULES</field>
<desc>
            <p>Reserved for future use. </p>
        </desc>
</t>
<t>
<field>TABLE</field>
<desc>
            <p>Identifies the source and the table, via a two part key. </p>
            <p>
                <p>Validation Rules:</p>
            </p>
            <p>3-26 type AA (alphanumeric). Source name followed by  '.' a single dot, followed by table name e.g. EXBOND.COUNTRY</p>
            <p>Source - must exist on XT.SOURCES table.</p>
        </desc>
</t>
<t>
<field>INTERNAL.FORMAT</field>
<desc>
            <p>Optional. Checkfile can be used to return values from certain fields in files, using current translate value (VAR) or previous checkfile return variables (CHKF0-CHKF9) or a specific value. Auth file must exist - types allowed are H,U,L,T.</p>
        </desc>
</t>
<t>
<field>LOCAL.REF</field>
<desc>
            <p>This is a multi valued field. Standard T24 alphanumeric field. </p>
            <p>
                <p>Validation Rules:</p>
            </p>
            <p>A maximum of 35 characters may be entered.</p>
        </desc>
</t>
<t>
<field>EXTERNAL.VALUES</field>
<desc>
            <p>The external value to be translated to the corresponding internal value </p>
            <p>
                <p>Validation Rules:</p>
            </p>
            <p>3-35 type A (alphanumeric) characters. (Optional input, but at least one of EXTERNAL VALUE and INTERNAL VALUE must be present.)</p>
        </desc>
</t>
<t>
<field>I.CONV.RULES</field>
<desc>
            <p>Reserved for future use. </p>
        </desc>
</t>
<t>
<field>CHECK.FIELD</field>
<desc>
            <p>Reserved for future use. </p>
        </desc>
</t>
<t>
<field>CHECK.FILE</field>
<desc>
            <p>Reserved for future use. </p>
        </desc>
</t>
<t>
<field>DESCRIPTION</field>
<desc>
            <p>Describes this conversion table. </p>
            <p>
                <p>Validation Rules:</p>
            </p>
            <p>3-35 type A (alphanumeric) characters. Multilanguage field. (Mandatory input.)</p>
        </desc>
</t>
<t>
<field>DESCRPTN.VALUES</field>
<desc>
            <p>The description of this value substitution. </p>
            <p>
                <p>Validation Rules:</p>
            </p>
            <p>3-35 type A (alphanumeric) characters. (Mandatory input.)</p>
        </desc>
</t>
</menu>
</t24help>

