<?xml version="1.0" encoding="utf-8"?>
<t24help>
<header>
<product>SG</product>
<table>SG.SLA.COMMITMENT</table>
</header>
<overview>
<ovdesc>

            <p>SG.SLA.COMMITMENT is a live file. Used to hold the details required for processing SLA</p>
            <p />
        </ovdesc>
<ovimage></ovimage>
</overview>
<menu>
<t>
<field>OPERATOR</field>
<desc>
            <p>Operator of the process</p>
            <p />
            <p>
                <p>Validation Rules:</p>
            </p>
            <p>===============</p>
            <p> Must be a valid record from the USER application</p>
            <p />
        </desc>
</t>
<t>
<field>STATUS.DATE</field>
<desc>
            <p>Date of change of status. Not used now (Reserved future purpose)</p>
            <p />
        </desc>
</t>
<t>
<field>SG.SLA.KEY</field>
<desc>
            <p>It should be Key to SG.SLA application </p>
            <p />
            <p>
                <p>Validation Rules:</p>
            </p>
            <p>===============</p>
            <p />
            <p>Mandatory Input. </p>
            <p>Must be valid record from SG.SLA application</p>
            <p />
        </desc>
</t>
<t>
<field>START.TIME</field>
<desc>
            <p>Start time of activity/process</p>
            <p />
        </desc>
</t>
<t>
<field>DUE.DATE</field>
<desc>
            <p>Expected Due date is calculated by considering metrics definition in SG.SLA</p>
            <p />
        </desc>
</t>
<t>
<field>END.DATE</field>
<desc>
            <p>Date  of Actual end  of activity/process</p>
            <p />
        </desc>
</t>
<t>
<field>USER</field>
<desc>
            <p>User responsible for file being created. </p>
            <p />
            <p>
                <p>Validation Rules:</p>
            </p>
            <p>===============</p>
            <p> Must be a valid record from the USER application.</p>
            <p />
        </desc>
</t>
<t>
<field>RESERVED.5</field>
<desc>
            <p>This field is reserved for future use </p>
            <p />
            <p>
                <p>Validation Rules:</p>
            </p>
            <p>===============</p>
            <p> NOINPUT field</p>
            <p />
        </desc>
</t>
<t>
<field>START.DATE</field>
<desc>
            <p>Date of start of activity/process</p>
            <p />
        </desc>
</t>
<t>
<field>RESERVED.2</field>
<desc>
            <p>This field is reserved for future use </p>
            <p />
            <p>
                <p>Validation Rules:</p>
            </p>
            <p>===============</p>
            <p> NOINPUT field</p>
            <p />
        </desc>
</t>
<t>
<field>STATUS</field>
<desc>
            <p>Can be BREACHED or REVERSED</p>
            <p />
        </desc>
</t>
<t>
<field>SG.SLA.COMMIT.KEY</field>
<desc>
            <p>@ID field of this Application.</p>
            <p>
                <p>Validation Rules:</p>
            </p>
        </desc>
</t>
<t>
<field>DUE.TIME</field>
<desc>
            <p>Expected Due time is calculated by considering metrics definition in SG.SLA</p>
            <p />
        </desc>
</t>
<t>
<field>RESERVED.9</field>
<desc>
            <p>This field is reserved for future use </p>
            <p />
            <p>
                <p>Validation Rules:</p>
            </p>
            <p>===============</p>
            <p> NOINPUT field</p>
            <p />
        </desc>
</t>
<t>
<field>RESERVED.4</field>
<desc>
            <p>This field is reserved for future use </p>
            <p />
            <p>
                <p>Validation Rules:</p>
            </p>
            <p>===============</p>
            <p> NOINPUT field</p>
            <p />
        </desc>
</t>
<t>
<field>END.TIME</field>
<desc>
            <p>END time of activity/process</p>
            <p />
        </desc>
</t>
<t>
<field>RESERVED.7</field>
<desc>
            <p>This field is reserved for future use </p>
            <p />
            <p>
                <p>Validation Rules:</p>
            </p>
            <p>===============</p>
            <p> NOINPUT field</p>
            <p />
        </desc>
</t>
<t>
<field>RESERVED.8</field>
<desc>
            <p>This field is reserved for future use </p>
            <p />
            <p>
                <p>Validation Rules:</p>
            </p>
            <p>===============</p>
            <p> NOINPUT field</p>
            <p />
        </desc>
</t>
<t>
<field>RESERVED.10</field>
<desc>
            <p>This field is reserved for future use </p>
            <p />
            <p>
                <p>Validation Rules:</p>
            </p>
            <p>===============</p>
            <p> NOINPUT field</p>
            <p />
        </desc>
</t>
<t>
<field>SOURCE.APPLICATION</field>
<desc>
            <p>Source application which creates the file, Say PW.PROCESS, PW.ACTIVITY.TXN</p>
            <p />
            <p>
                <p>Validation Rules:</p>
            </p>
            <p>===============</p>
            <p> Must be a valid record from the PGM.FILE application</p>
            <p />
        </desc>
</t>
<t>
<field>PREV.STATUS</field>
<desc>
            <p>Previous status. Will be recorded only if there is change of status. Not used now (Reserved future purpose)</p>
            <p />
        </desc>
</t>
<t>
<field>RESERVED.3</field>
<desc>
            <p>This field is reserved for future use </p>
            <p />
            <p>
                <p>Validation Rules:</p>
            </p>
            <p>===============</p>
            <p> NOINPUT field</p>
            <p />
        </desc>
</t>
<t>
<field>RESERVED.1</field>
<desc>
            <p>This field is reserved for future use </p>
            <p />
            <p>
                <p>Validation Rules:</p>
            </p>
            <p>===============</p>
            <p> NOINPUT field</p>
            <p />
        </desc>
</t>
<t>
<field>RESERVED.6</field>
<desc>
            <p>This field is reserved for future use </p>
            <p />
            <p>
                <p>Validation Rules:</p>
            </p>
            <p>===============</p>
            <p> NOINPUT field</p>
            <p />
        </desc>
</t>
<t>
<field>COMPANY</field>
<desc>
            <p>Company for which the SLA Monitoring is sought. </p>
            <p />
            <p>
                <p>Validation Rules:</p>
            </p>
            <p>===============</p>
            <p>Should be valid record from COMAPNY application</p>
            <p />
        </desc>
</t>
<t>
<field>CUSTOMER</field>
<desc>
            <p>Customer for whom service is to be rendered.</p>
            <p />
            <p>
                <p>Validation Rules:</p>
            </p>
            <p>===============</p>
            <p> Must be a valid record from CUSTOMER application </p>
            <p />
        </desc>
</t>
<t>
<field>DAO.ID</field>
<desc>
            <p>Department account officer for whom alert to be sent. </p>
            <p />
            <p>
                <p>Validation Rules:</p>
            </p>
            <p>===============</p>
            <p> Must be a valid record from DEPT.ACCT.OFFICER application.</p>
            <p />
        </desc>
</t>
<t>
<field>DELIVERY.REF</field>
<desc>
            <p>Key to Delivery message generated.</p>
            <p />
        </desc>
</t>
</menu>
</t24help>

