<?xml version="1.0" encoding="utf-8"?>
<t24help>
<header>
<product>SG</product>
<table>SG.SLA</table>
</header>
<overview>
<ovdesc>

            <p>SG.SLA application allows the user to define metrics for processes</p>
            <p />
            <p>It allows the user to define the metrics, monitor the status and produce delivery message to department account officer in case of breach of SLA</p>
            <p>The ID of the application will be Alpha numeric character</p>
            <p />
        </ovdesc>
<ovimage></ovimage>
</overview>
<menu>
<t>
<field>SG.SLA.ID</field>
<desc>
            <p>This field holds the Id to this Application.</p>
        </desc>
</t>
<t>
<field>SEND.DELIVERY</field>
<desc>
            <p>Indicates if delivery message to be raised in addition to marking the status as BREACHED or not </p>
            <p />
            <p>
                <p>Validation Rules:</p>
            </p>
            <p>===============</p>
            <p> Allowed Values:  Yes or No</p>
            <p> Yes - Indicates that delivery message should be raised in addition to marking the status as BREACHED.</p>
            <p> No  - Indicates that no delivery to be sent- just mark the status to BREACHED.</p>
            <p> If left blank, it will be treated as YES.</p>
            <p />
        </desc>
</t>
<t>
<field>EB.ACTIVITY</field>
<desc>
            <p>This field is used to specify EB.ACTIVITY table Id which is used to define and control the output of delivery messages.</p>
            <p>
                <p>Validation Rules:</p>
            </p>
            <p>If SEND.DELIVERY field is set as NO,input to this field is not Allowed </p>
            <p>If SEND.DELIVERY field is set as YES or NULL,input to this field is Allowed </p>
        </desc>
</t>
<t>
<field>DURATION.TIME</field>
<desc>
            <p>Indicates the expected duration time. Once the activity is started, this field is used to arrive at end time. </p>
            <p />
            <p>
                <p>Validation Rules:</p>
            </p>
            <p>===============</p>
            <p>a) Should accept Time like HH:MM:SS</p>
            <p>b) Value NONE is not supported</p>
            <p />
        </desc>
</t>
<t>
<field>RESERVED.10</field>
<desc>
            <p>This field is reserved for future use </p>
            <p />
            <p>
                <p>Validation Rules:</p>
            </p>
            <p>===============</p>
            <p> NOINPUT field</p>
            <p />
        </desc>
</t>
<t>
<field>ALLOWED.COMPANY</field>
<desc>
            <p>It Should accept only Valid companies </p>
            <p />
            <p> 1) If blank,then it means that the definition is for all companies. </p>
            <p> 2) If any company is input- then definition is applicable only for the allowed companies. </p>
            <p />
            <p>
                <p>Validation Rules:</p>
            </p>
            <p>===============</p>
            <p> Either: 1)Company ID: CCGGGLLLL where CC is alphabetic Country code GGG  is numeric Company.Group LLLL is local Code or</p>
            <p>         2)Company Mnemonic: 2-3 type MNE (uppercase alpha or numeric or '.') characters Multi-value field (Mandatory input) It must be the ID or Mnemonic of an existing COMPANY record.</p>
            <p />
        </desc>
</t>
<t>
<field>DESCRIPTION</field>
<desc>
            <p>It Should hold the purpose of the application Eg.SLA to monitor loan process </p>
            <p />
            <p>It Should be language specific</p>
            <p>
                <p>Validation Rules:</p>
            </p>
            <p>===============</p>
            <p />
            <p>Mandatory Input. </p>
            <p>should be Alpha numeric, upto 50 characters allowed</p>
            <p />
        </desc>
</t>
<t>
<field>DUR.CAL.WORK</field>
<desc>
            <p>Indicates if the DURATION.DAY is to be calculated on Calender or Working days. </p>
            <p />
            <p>
                <p>Validation Rules:</p>
            </p>
            <p>===============</p>
            <p> Allowed Values: C or W</p>
            <p> If left blank system will consider the calculation based on 'C'(Calender).</p>
            <p> Input allowed only if DURATION.DAY is specified.</p>
            <p> Note: For Working days- the current (ID.COMPANY) will be used for holiday calculations.</p>
            <p />
        </desc>
</t>
<t>
<field>DURATION.DAY</field>
<desc>
            <p>Accepts the number of days for processing. </p>
            <p />
            <p>
                <p>Validation Rules:</p>
            </p>
            <p>===============</p>
            <p> Input must be numeric</p>
            <p />
        </desc>
</t>
</menu>
</t24help>

